source_count,region,reference_emitter_id,depth_mm,total_fluence_raw,total_fluence_normalized_to_depth0,reference_source_fluence_raw,ef_ref
13,frontal,YUE011,0.0,0.20908934796317769,1.0,0.20908934727816664,1.0000000032761642
13,frontal,YUE011,1.0,0.33164702828324455,1.586149803966342,0.3316470276273168,1.0000000019777888
13,frontal,YUE011,2.0,0.23851841967546616,1.140748785143618,0.2385184190272342,1.0000000027177438
13,frontal,YUE011,3.0,0.12094046004456391,0.5784152144654566,0.12094045891178289,1.0000000093664356
13,frontal,YUE011,4.0,0.06204299637491518,0.29672958942815897,0.06204299467112448,1.0000000274614516
13,frontal,YUE011,5.0,0.03367850456554444,0.1610723113999834,0.033678502625377325,1.0000000576084733
13,frontal,YUE011,6.0,0.01889542265164847,0.09037008740864268,0.0188954203724392,1.0000001206223108
13,frontal,YUE011,7.0,0.01084951591533735,0.0518893765800448,0.010849513233567913,1.0000002471787792
13,frontal,YUE011,8.0,0.006515934517842749,0.031163397759460504,0.006515931184776442,1.0000005115257071
13,frontal,YUE011,9.0,0.0039911660195681925,0.019088327829455326,0.00399116160754641,1.0000011054480415
13,frontal,YUE011,10.0,0.0024613855361274462,0.0117719317607749,0.0024613793597637462,1.0000025093099427
13,frontal,YUE011,11.0,0.0015024111718589545,0.007185498383798783,0.0015024019515886776,1.0000061370196351
13,frontal,YUE011,12.0,0.0008730071386432053,0.004175282706400466,0.0008729938184547599,1.0000152580558577
13,frontal,YUE011,13.0,0.00046173520429142423,0.0022083152909957876,0.000461716122465652,1.0000413280473515
13,frontal,YUE011,14.0,0.00023060288026244326,0.0011028915748642263,0.00023057457753727968,1.0001227486805608
13,frontal,YUE011,15.0,0.0001522634069988247,0.0007282217314372204,0.00015222988755065746,1.0002201896664746
13,frontal,YUE011,16.0,0.00014201107402092905,0.0006791884684911751,0.00014198354699679387,1.000193874746176
13,frontal,YUE011,17.0,0.00013211802092812859,0.000631873513477098,0.000132093669576987,1.000184349115439
13,frontal,YUE011,18.0,0.00012150265495048949,0.0005811039927863139,0.00012147975565225238,1.000188502998826
13,frontal,YUE011,19.0,0.00011072104729528826,0.0005295393972666036,0.00011069988405872644,1.0001911766822682
13,frontal,YUE011,20.0,9.812345168815187e-05,0.0004692895771305968,9.81026446671177e-05,1.0002120943946493
13,frontal,YUE011,21.0,8.533953247996933e-05,0.00040814863746668864,8.532177487618412e-05,1.0002081251100434
13,frontal,YUE011,22.0,7.304621671708387e-05,0.0003493540796250792,7.303009122765821e-05,1.0002208060972482
13,frontal,YUE011,23.0,6.245030492596152e-05,0.0002986776013905764,6.243472379913634e-05,1.000249558673076
13,frontal,YUE011,24.0,5.3536627685932274e-05,0.000256046652818299,5.3522502449965796e-05,1.000263912099022
13,frontal,YUE011,25.0,4.590544603772894e-05,0.00021954942461159362,4.589390384723354e-05,1.0002514972475174
13,frontal,YUE011,26.0,3.965285974422566e-05,0.00018964552776360873,3.9642859278594375e-05,1.0002522639843157
13,frontal,YUE011,27.0,3.463062326644176e-05,0.00016562595657690075,3.462155939104802e-05,1.0002617985888898
13,frontal,YUE011,28.0,3.0373842741710064e-05,0.00014526728902066854,3.036577111973225e-05,1.0002658131731939
13,frontal,YUE011,29.0,2.6521783790972733e-05,0.00012684426083553254,2.6514750063211476e-05,1.0002652760348292
13,frontal,YUE011,30.0,2.2663620905687037e-05,0.0001083920397019856,2.2656886451458334e-05,1.0002972365264367
13,frontal,YUE011,31.0,1.8863919368497797e-05,9.021941840777027e-05,1.885718172068622e-05,1.000357298768786
13,frontal,YUE011,32.0,1.5506611087993054e-05,7.416260674706343e-05,1.550124431445479e-05,1.000346215660459
13,frontal,YUE011,33.0,1.297767820037694e-05,6.206762002367722e-05,1.2973387479465437e-05,1.0003307325028483
13,frontal,YUE011,34.0,1.147018382313726e-05,5.485781047610924e-05,1.1465799134476582e-05,1.0003824145713047
13,frontal,YUE011,35.0,1.0257546019403933e-05,4.905819506984339e-05,1.0252823389473085e-05,1.0004606175051933
13,frontal,YUE011,36.0,8.379546664056049e-06,4.007639196202264e-05,8.375135580053298e-06,1.0005266880709676
13,frontal,YUE011,37.0,5.7132048447118685e-06,2.7324227180229237e-05,5.710017420681367e-06,1.0005582161656734
13,frontal,YUE011,38.0,3.836667608301777e-06,1.8349416867364497e-05,3.834124638976594e-06,1.0006632463898881
13,frontal,YUE011,39.0,2.5970935250089127e-06,1.2420974814395049e-05,2.5953137774048126e-06,1.000685754308244
13,frontal,YUE011,40.0,1.7502526112520176e-06,8.37083585702439e-06,1.7488696836722997e-06,1.0007907550760524
13,frontal,YUE011,41.0,1.349937704703311e-06,6.456272009328021e-06,1.348786384348285e-06,1.0008535972548256
13,frontal,YUE011,42.0,1.1949299504251436e-06,5.7149250407322535e-06,1.1938511294751853e-06,1.000903647802748
13,frontal,YUE011,43.0,1.0787058826088156e-06,5.159066653164868e-06,1.0775018834347138e-06,1.0011173986724402
13,frontal,YUE011,44.0,9.366626788663345e-07,4.479724519640705e-06,9.353960593171426e-07,1.0013540997276775
13,frontal,YUE011,45.0,7.866369861174566e-07,3.762204979739043e-06,7.854981655402014e-07,1.00144980679423
13,frontal,YUE011,46.0,6.662223290702218e-07,3.186304494036439e-06,6.652258004245681e-07,1.0014980306611945
13,frontal,YUE011,47.0,5.884570318967433e-07,2.814380730673929e-06,5.876491632285776e-07,1.001374746564306
13,frontal,YUE011,48.0,5.190484022997633e-07,2.482423936733362e-06,5.183042295128698e-07,1.0014357837434453
13,frontal,YUE011,49.0,4.233842991908131e-07,2.024896549322898e-06,4.227595280053965e-07,1.0014778405784592
13,frontal,YUE011,50.0,3.088170501418616e-07,1.476962136761968e-06,3.0827456950136976e-07,1.001759732051104
13,frontal,YUE011,51.0,2.0608949193513628e-07,9.856527553542819e-07,2.055721806676197e-07,1.002516445882106
13,frontal,YUE011,52.0,1.469893178140424e-07,7.029976383107206e-07,1.4654955365104892e-07,1.0030007881432421
13,frontal,YUE011,53.0,1.203634677914407e-07,5.756556656948286e-07,1.1992077645856192e-07,1.003691531575696
13,frontal,YUE011,54.0,1.0332445313647331e-07,4.941641176033013e-07,1.0292771669582569e-07,1.0038545151236578
13,frontal,YUE011,55.0,8.664869131158226e-08,4.144098786268241e-07,8.625188315205268e-08,1.0046005738660808
13,frontal,YUE011,56.0,6.13909755442909e-08,2.9361120565119535e-07,6.087413119016102e-08,1.0084903775056
13,frontal,YUE011,57.0,4.2076581580747655e-08,2.0123732744222665e-07,4.1488626427294004e-08,1.014171477922606
13,frontal,YUE011,58.0,3.098729493222623e-08,1.4820121270684406e-07,3.0568490690327534e-08,1.0137005207794316
13,frontal,YUE011,59.0,2.662918902325465e-08,1.273579418686803e-07,2.616708226359476e-08,1.0176598504565717
13,frontal,YUE011,60.0,2.2907606336432195e-08,1.0955893525702901e-07,2.2395434799897287e-08,1.0228694616162244
13,frontal,YUE011,61.0,1.7252600116739782e-08,8.251305140507734e-08,1.6669162788482364e-08,1.0350009976902108
13,frontal,YUE011,62.0,1.1521926045363305e-08,5.5105275125696064e-08,1.0973049879893307e-08,1.0500203837107989
13,frontal,YUE011,63.0,7.957032618499223e-09,3.8055657526372505e-08,7.4196660592833974e-09,1.0724246286722674
13,frontal,YUE011,64.0,5.325142165427979e-09,2.5468261378699117e-08,4.747049463109306e-09,1.1217793719680402
13,frontal,YUE011,65.0,3.631746974102917e-09,1.7369354342921843e-08,2.9929903385327986e-09,1.2134175400924432
13,frontal,YUE011,66.0,3.2993577884139047e-09,1.577965506399182e-08,2.464003331988386e-09,1.33902326574835
13,frontal,YUE011,67.0,2.7760409275801717e-09,1.3276816607936694e-08,1.946433244210736e-09,1.4262194379575732
13,frontal,YUE011,68.0,2.7715758857407417e-09,1.3255461900569122e-08,1.9708400452081793e-09,1.4062916432408805
13,frontal,YUE011,69.0,2.8171508894213234e-09,1.3473430936890417e-08,1.924114606794199e-09,1.46412842534106
13,frontal,YUE011,70.0,2.277384097455508e-09,1.0891918309758054e-08,1.3600541229584479e-09,1.6744804923657337
13,frontal,YUE011,71.0,2.5274047676873438e-09,1.2087678269160034e-08,1.7024978281277738e-09,1.4845274548553844
13,frontal,YUE011,72.0,2.617793239367239e-09,1.2519974187438059e-08,1.8739930151172036e-09,1.3969066150460099
13,frontal,YUE011,73.0,2.0936995370780403e-09,1.0013420374943048e-08,1.4303932166352207e-09,1.4637230607141338
13,frontal,YUE011,74.0,1.6155165036171665e-09,7.72644096580985e-09,9.474528097614725e-10,1.705115533958766
13,frontal,YUE011,75.0,1.6114076636366864e-09,7.706789845269727e-09,9.250758142673576e-10,1.7419195689521842
13,frontal,YUE011,76.0,1.6682002975067949e-09,7.9784088178446e-09,1.0143214202650477e-09,1.6446466220449976
13,frontal,YUE011,77.0,1.8742862982626157e-09,8.964044876129666e-09,1.179796307589821e-09,1.5886524531438417
13,frontal,YUE011,78.0,1.747860741846994e-09,8.359396396199037e-09,8.622397820283119e-10,2.027116793121478
13,frontal,YUE011,79.0,1.5342088173543442e-09,7.337575215091927e-09,7.105799510150017e-10,2.159093871369239
13,frontal,YUE011,80.0,1.184160861697342e-09,5.663420318790617e-09,5.46274764243295e-10,2.167701931714991
13,frontal,YUE011,81.0,1.123606601947946e-09,5.373810827253726e-09,5.061130114694471e-10,2.2200705701789207
13,frontal,YUE011,82.0,1.1122688296079758e-09,5.319586293816628e-09,5.49556103286331e-10,2.023940454771838
13,frontal,YUE011,83.0,1.1588265377967479e-09,5.542255256354937e-09,6.491779486428552e-10,1.7850676231676432
13,frontal,YUE011,84.0,1.2075684911596112e-09,5.775370686852367e-09,7.017624841756212e-10,1.7207652423571396
13,frontal,YUE011,85.0,9.742442298342286e-10,4.65946371407596e-09,4.837611081006184e-10,2.0138953163460873
13,frontal,YUE011,86.0,8.205850662210477e-10,3.9245665750775564e-09,4.699497021244686e-10,1.7461125361107508
13,frontal,YUE011,87.0,7.932874520482492e-10,3.794011793407828e-09,4.952152473710738e-10,1.60190433606303
13,frontal,YUE011,88.0,8.555505225252518e-10,4.09179391900883e-09,5.039766381806949e-10,1.6975995665467813
13,frontal,YUE011,89.0,7.183987719086851e-10,3.4358458664054034e-09,3.729931853320361e-10,1.926037257943925
13,frontal,YUE011,90.0,3.675889416449486e-10,1.7580471947795445e-09,1.6281143836592593e-10,2.257758701319106
13,frontal,YUE011,91.0,2.76048972037031e-10,1.320244071379693e-09,1.1019388506257779e-10,2.5051206051975217
13,frontal,YUE011,92.0,2.525405301593279e-10,1.2078115533834e-09,9.28316254304877e-11,2.7204148261782852
13,frontal,YUE011,93.0,2.791837908874718e-10,1.3352367952127255e-09,1.2804046103733175e-10,2.1804341270379552
13,frontal,YUE011,94.0,2.904967776769883e-10,1.389342788175642e-09,1.445140204141468e-10,2.0101632827353746
13,frontal,YUE011,95.0,1.611590976522819e-10,7.707666565618795e-10,3.9745938224355034e-11,4.054731246815273
13,frontal,YUE011,96.0,1.7246359854237156e-10,8.248320644853882e-10,3.587787682885891e-11,4.80696222257076
13,frontal,YUE011,97.0,1.8528219064459206e-10,8.861388322719422e-10,2.7737346808482407e-11,6.6798815302670045
13,frontal,YUE011,98.0,1.6601352445191275e-10,7.939836537304094e-10,3.153099017784883e-11,5.265090741379276
13,frontal,YUE011,99.0,1.5194959945655356e-10,7.267209015512024e-10,3.0047641541192284e-11,5.056955942723358
13,frontal,YUE011,100.0,1.5689899034886867e-10,7.503920782062023e-10,3.357411282599016e-11,4.673213292695291
13,occipital,YUE031,0.0,0.27405863851899087,1.0,0.27405863851869233,1.0000000000010894
13,occipital,YUE031,1.0,0.2115710138197381,0.7719917714072615,0.21157101381920895,1.000000000002501
13,occipital,YUE031,2.0,0.10642922455487173,0.38834471750284466,0.10642922455118872,1.0000000000346052
13,occipital,YUE031,3.0,0.05391692264299698,0.1967349868420981,0.053916922636664394,1.000000000117451
13,occipital,YUE031,4.0,0.02935140529679252,0.10709899697162298,0.02935140529326431,1.0000000001202058
13,occipital,YUE031,5.0,0.01698885741502209,0.0619898628513578,0.016988857410373735,1.000000000273612
13,occipital,YUE031,6.0,0.010176079128636063,0.037131028540561446,0.010176079122627649,1.000000000590445
13,occipital,YUE031,7.0,0.006129417885327584,0.022365351876703736,0.006129417873985068,1.0000000018505044
13,occipital,YUE031,8.0,0.0037037218251623877,0.013514340745386643,0.0037037218079525856,1.000000004646624
13,occipital,YUE031,9.0,0.002302300449977797,0.008400758547219665,0.0023023004219387662,1.000000012178702
13,occipital,YUE031,10.0,0.001449065657422391,0.005287429235046638,0.0014490656005545013,1.000000039244524
13,occipital,YUE031,11.0,0.0009139548059065264,0.003334887784765792,0.0009139547116805927,1.0000001030969397
13,occipital,YUE031,12.0,0.0005668838567748584,0.0020684765123197392,0.0005668837573015253,1.0000001754739518
13,occipital,YUE031,13.0,0.0003392232166502983,0.001237776041227731,0.0003392231465569312,1.0000002066290812
13,occipital,YUE031,14.0,0.00019984698559570861,0.0007292125023888282,0.00019984684565695573,1.0000007002299807
13,occipital,YUE031,15.0,0.0001374594670523724,0.0005015695465583624,0.00013745923469442482,1.000001690377137
13,occipital,YUE031,16.0,0.0001071129147079242,0.00039083940315386855,0.00010711269357404763,1.0000020644973924
13,occipital,YUE031,17.0,7.877986888928303e-05,0.00028745625138841953,7.877962484050606e-05,1.0000030978667067
13,occipital,YUE031,18.0,5.7354968795048165e-05,0.00020927991580558684,5.735473768655677e-05,1.0000040294577348
13,occipital,YUE031,19.0,4.2159254999943884e-05,0.00015383297249001862,4.2159097088233985e-05,1.0000037456141333
13,occipital,YUE031,20.0,3.082966831647845e-05,0.00011249296312308036,3.082954467401106e-05,1.0000040105187638
13,occipital,YUE031,21.0,2.3029533444270326e-05,8.403140863839071e-05,2.302944417883591e-05,1.000003876143676
13,occipital,YUE031,22.0,1.7469133412398596e-05,6.374231991664832e-05,1.7469034341024926e-05,1.0000056712564493
13,occipital,YUE031,23.0,1.3500898842221488e-05,4.926281074437266e-05,1.3500731046774775e-05,1.0000124286193193
13,occipital,YUE031,24.0,1.0742761943720376e-05,3.919877148107469e-05,1.0742531513250123e-05,1.0000214502950229
13,occipital,YUE031,25.0,8.531760062174811e-06,3.1131148094000344e-05,8.531598158441207e-06,1.0000189769525707
13,occipital,YUE031,26.0,6.725700131425739e-06,2.4541098823855106e-05,6.725562661618472e-06,1.0000204398968806
13,occipital,YUE031,27.0,5.240309273741969e-06,1.9121124231151877e-05,5.2400827814395975e-06,1.0000432230389897
13,occipital,YUE031,28.0,4.02031202496038e-06,1.4669532209187388e-05,4.020167299094663e-06,1.0000359999609345
13,occipital,YUE031,29.0,3.0988665329193592e-06,1.1307312003247157e-05,3.098755436282772e-06,1.000035852018293
13,occipital,YUE031,30.0,2.4684583139345823e-06,9.007044358368331e-06,2.468283115145838e-06,1.0000709800215661
13,occipital,YUE031,31.0,1.954687476540773e-06,7.132369507138609e-06,1.9545202599900617e-06,1.0000855537566606
13,occipital,YUE031,32.0,1.5510063164520004e-06,5.659395831613327e-06,1.5508957306952224e-06,1.0000713044433545
13,occipital,YUE031,33.0,1.275316386428528e-06,4.653443486840335e-06,1.27520562120707e-06,1.0000868606753421
13,occipital,YUE031,34.0,1.0243774020115e-06,3.737803732614383e-06,1.0242641152775624e-06,1.0001106030488112
13,occipital,YUE031,35.0,8.055142923137944e-07,2.9392041669139954e-06,8.054495119726443e-07,1.00008042756273
13,occipital,YUE031,36.0,6.391929632269046e-07,2.3323218953472683e-06,6.391178168842165e-07,1.0001175782315919
13,occipital,YUE031,37.0,5.110410343510097e-07,1.8647141980733335e-06,5.109750355768465e-07,1.0001291624239306
13,occipital,YUE031,38.0,4.030545357987085e-07,1.4706872148851415e-06,4.0299135673314194e-07,1.0001567752372624
13,occipital,YUE031,39.0,3.2940030729659904e-07,1.2019336776854538e-06,3.293438646718698e-07,1.0001713790077293
13,occipital,YUE031,40.0,2.562803657098217e-07,9.351296755130847e-07,2.562150036388793e-07,1.0002551063365304
13,occipital,YUE031,41.0,2.1158782071460198e-07,7.720530973153032e-07,2.114682314679084e-07,1.0005655187347218
13,occipital,YUE031,42.0,1.72978285362885e-07,6.311725340885341e-07,1.7279105256950637e-07,1.0010835792165993
13,occipital,YUE031,43.0,1.3530709047808264e-07,4.937158383668558e-07,1.3518013108993774e-07,1.000939186751198
13,occipital,YUE031,44.0,1.0603927169695788e-07,3.869218363996576e-07,1.0598745984913635e-07,1.0004888488496213
13,occipital,YUE031,45.0,8.606565232061698e-08,3.140410124844617e-07,8.601236032599143e-08,1.000619585306386
13,occipital,YUE031,46.0,6.689073462448546e-08,2.440745345082427e-07,6.650899500936174e-08,1.0057396689736477
13,occipital,YUE031,47.0,4.684525790675125e-08,1.7093151363482787e-07,4.593039133013033e-08,1.0199185452186812
13,occipital,YUE031,48.0,3.06202994547215e-08,1.117290066833623e-07,2.9751944008746766e-08,1.0291865111644285
13,occipital,YUE031,49.0,2.1711367014273524e-08,7.922161159232729e-08,2.0885929163442624e-08,1.0395212415196589
13,occipital,YUE031,50.0,1.507970190010079e-08,5.502363283124842e-08,1.4380088172974878e-08,1.0486515603180184
13,occipital,YUE031,51.0,1.1471135422257287e-08,4.185650006964621e-08,1.0141732879870068e-08,1.131082385834269
13,occipital,YUE031,52.0,1.1785473011986204e-08,4.3003472087852215e-08,9.146722498846842e-09,1.2884913709224302
13,occipital,YUE031,53.0,1.2016375704524819e-08,4.384600233534381e-08,9.508948472351319e-09,1.2636913260666223
13,occipital,YUE031,54.0,1.0565126975554607e-08,3.855060739062417e-08,8.445710190460806e-09,1.250945952122253
13,occipital,YUE031,55.0,7.733333211682552e-09,2.821780496857672e-08,6.1659938365583615e-09,1.2541908760646805
13,occipital,YUE031,56.0,7.117547882732217e-09,2.5970894116658202e-08,5.069424829244702e-09,1.4040148779151869
13,occipital,YUE031,57.0,6.013881710651681e-09,2.1943777226474653e-08,4.509421817748584e-09,1.3336258956706402
13,occipital,YUE031,58.0,7.2267327054136506e-09,2.6369293609815822e-08,4.275091823914763e-09,1.6904274815777003
13,occipital,YUE031,59.0,7.255320488965749e-09,2.647360626241669e-08,3.454797542483932e-09,2.1000711039493547
13,occipital,YUE031,60.0,4.043457518295755e-09,1.4753986738555456e-08,2.4978361502063445e-09,1.6187841296002252
13,occipital,YUE031,61.0,4.527956288935194e-09,1.6521852087583183e-08,2.4049805101939334e-09,1.8827413651556235
13,occipital,YUE031,62.0,5.690607419834997e-09,2.0764196489433656e-08,2.083469933315104e-09,2.731312474848347
13,occipital,YUE031,63.0,4.011036786489408e-09,1.4635688216817379e-08,1.8660563891775826e-09,2.1494724434652115
13,occipital,YUE031,64.0,3.128016598739037e-09,1.1413676341832522e-08,1.9702577913835374e-09,1.5876179312264047
13,occipital,YUE031,65.0,2.6998544644524617e-09,9.85137516205451e-09,1.8220719710764736e-09,1.4817496275174011
13,occipital,YUE031,66.0,2.535569224913151e-09,9.251922284279496e-09,1.6789673405027912e-09,1.5101956802529808
13,occipital,YUE031,67.0,3.351117245932293e-09,1.2227738063801545e-08,1.8261298492148362e-09,1.835092530453484
13,occipital,YUE031,68.0,3.562734633886724e-09,1.2999899047662549e-08,1.6188510590046356e-09,2.200779753065919
13,occipital,YUE031,69.0,3.674415356045933e-09,1.3407405713983049e-08,1.4544656644063299e-09,2.526299139241435
13,occipital,YUE031,70.0,4.385074241512292e-09,1.6000496336146064e-08,1.375677926063589e-09,3.1875733108983515
13,occipital,YUE031,71.0,3.696869237549253e-09,1.3489336652648804e-08,1.4902543678604303e-09,2.4806967973238536
13,occipital,YUE031,72.0,2.75990408146708e-09,1.0070487456193914e-08,1.5058427885894478e-09,1.8327969575445096
13,occipital,YUE031,73.0,1.385758876775307e-09,5.056432025875663e-09,9.686590890193994e-10,1.4305950282035234
13,occipital,YUE031,74.0,1.330206679447506e-09,4.853730160216532e-09,7.635262609860331e-10,1.7421885106212986
13,occipital,YUE031,75.0,1.182420698063802e-09,4.314480669004222e-09,6.007583642754828e-10,1.9682134588168514
13,occipital,YUE031,76.0,1.1279105816001683e-09,4.1155812044290285e-09,5.584726569642189e-10,2.019634385918437
13,occipital,YUE031,77.0,1.6606231518643379e-09,6.059371676216165e-09,4.820331521213827e-10,3.4450392977248376
13,occipital,YUE031,78.0,1.9464740544063368e-09,7.102399927712755e-09,3.9687987398116964e-10,4.904441323468796
13,occipital,YUE031,79.0,6.027888351511303e-10,2.1994885416077115e-09,4.352215324268585e-10,1.3850161130353367
13,occipital,YUE031,80.0,4.849120469889423e-10,1.7693733341499482e-09,3.2510206539125373e-10,1.4915686444666554
13,occipital,YUE031,81.0,4.106598668360822e-10,1.4984379585890175e-09,2.908838973688107e-10,1.4117655550915833
13,occipital,YUE031,82.0,4.885062997525806e-10,1.7824882382560972e-09,3.4154760844988253e-10,1.4302729331634663
13,occipital,YUE031,83.0,4.4735673537415047e-10,1.6323394795787505e-09,2.808237313767152e-10,1.5930161357126797
13,occipital,YUE031,84.0,3.0867926330771347e-10,1.126325610372335e-09,1.9891232695740852e-10,1.5518357661856144
13,occipital,YUE031,85.0,3.403392419311462e-10,1.241848254703208e-09,2.3445074537607985e-10,1.451644955895584
13,occipital,YUE031,86.0,3.52474740733546e-10,1.286128919848375e-09,2.2674695689086764e-10,1.5544849887585948
13,occipital,YUE031,87.0,2.847689720299618e-10,1.0390804448597186e-09,1.6043992805872525e-10,1.7749258272275519
13,occipital,YUE031,88.0,3.038195602362718e-10,1.108593262661263e-09,1.9001444919562824e-10,1.5989287210651868
13,occipital,YUE031,89.0,3.721010442483623e-10,1.357742438841524e-09,2.507647574217019e-10,1.4838649899380145
13,occipital,YUE031,90.0,3.1802108760713947e-10,1.160412564718708e-09,1.7131493001587625e-10,1.856353603142864
13,occipital,YUE031,91.0,3.7252595814216346e-10,1.3592928876655325e-09,8.974850020418969e-11,4.15077641737319
13,occipital,YUE031,92.0,4.746069607542967e-10,1.7317715774954813e-09,8.20414358367452e-11,5.784966534456079
13,occipital,YUE031,93.0,3.4355304955590643e-10,1.2535749699862132e-09,1.4516736354381874e-10,2.3665997726286805
13,occipital,YUE031,94.0,3.7377932229293095e-10,1.3638662306462197e-09,2.2099166575412152e-10,1.6913729348906903
13,occipital,YUE031,95.0,2.4193308249859073e-10,8.827785316529112e-10,1.4389733657395178e-10,1.6812895099990706
13,occipital,YUE031,96.0,1.649036051235601e-10,6.017092036021814e-10,6.447020443805787e-11,2.557826620233496
13,occipital,YUE031,97.0,1.5104563939373252e-10,5.511435078637955e-10,3.975092743476034e-11,3.7998016434114725
13,occipital,YUE031,98.0,1.4653697171785841e-10,5.346920371119925e-10,5.86001167553662e-11,2.500625934408903
13,occipital,YUE031,99.0,1.5718267662644312e-10,5.73536661627804e-10,7.476703345690564e-11,2.1022992267981366
13,occipital,YUE031,100.0,1.4627711712395422e-10,5.337438655991059e-10,4.395467317060495e-11,3.327908196614194
13,temporal,YUE041,0.0,0.0001347349551626349,1.0,0.3078238135908301,0.0004377015331949892
13,temporal,YUE041,1.0,0.00022406921808434165,1.6630370182249572,0.5106142076639484,0.00043882292094741084
13,temporal,YUE041,2.0,0.0003001214590309554,2.227495149040477,0.3460961553212279,0.0008671620716283276
13,temporal,YUE041,3.0,0.0003575368554916215,2.653631012531592,0.14594780202703395,0.002449758410376025
13,temporal,YUE041,4.0,0.0003922052320342523,2.910938973192458,0.06973346604085749,0.005624347308428002
13,temporal,YUE041,5.0,0.00040507858776777245,3.00648474836254,0.037774257728318904,0.010723667707283363
13,temporal,YUE041,6.0,0.0003988989136648228,2.960619337300575,0.022239170978663594,0.017936770846697883
13,temporal,YUE041,7.0,0.00037674886566860645,2.796222147503171,0.013805208223313005,0.027290342860050932
13,temporal,YUE041,8.0,0.00034163132655116383,2.535580511670412,0.008870985904620609,0.03851108887155588
13,temporal,YUE041,9.0,0.00029708929500793583,2.2049904915122243,0.00578304452603673,0.051372472349186425
13,temporal,YUE041,10.0,0.00024579137729103926,1.8242584264369344,0.0037483150311930892,0.06557383124032769
13,temporal,YUE041,11.0,0.00019173157532774627,1.423027714644001,0.00236770798925978,0.08097771186204747
13,temporal,YUE041,12.0,0.00014402801559597553,1.0689728988451677,0.0014580671374518814,0.09878009859523953
13,temporal,YUE041,13.0,0.00010750792875557414,0.7979215833471295,0.0008696116256340608,0.12362752013254973
13,temporal,YUE041,14.0,8.435330608870562e-05,0.6260684614982432,0.00047774571339890165,0.17656528090765608
13,temporal,YUE041,15.0,7.366227649385796e-05,0.546719864974477,0.0002786842483459555,0.2643216361565381
13,temporal,YUE041,16.0,6.763210527570812e-05,0.5019640611752997,0.00022202425584860166,0.30461584036037237
13,temporal,YUE041,17.0,6.146554929073041e-05,0.4561960125086843,0.00020334829831491368,0.30226734032237773
13,temporal,YUE041,18.0,5.3203774634270335e-05,0.3948772949829501,0.0001806481135981855,0.2945160819814104
13,temporal,YUE041,19.0,4.5300504244704155e-05,0.3362193885768036,0.00015511529239689806,0.2920440889141505
13,temporal,YUE041,20.0,3.754590222746474e-05,0.2786648956994427,0.00012758494437801687,0.2942816051729531
13,temporal,YUE041,21.0,2.8714294785887303e-05,0.2131168912419725,9.472086122110532e-05,0.30314647075325896
13,temporal,YUE041,22.0,2.125795879306585e-05,0.15777612251702572,6.602725074484715e-05,0.3219573517488133
13,temporal,YUE041,23.0,1.5789465320363503e-05,0.1171890791168815,4.692752696345256e-05,0.3364648926132509
13,temporal,YUE041,24.0,1.1720631733804569e-05,0.08699028191798418,3.317031397717272e-05,0.3533470241454609
13,temporal,YUE041,25.0,8.712767756629446e-06,0.0646659788182844,2.3597444648513763e-05,0.3692250532380506
13,temporal,YUE041,26.0,6.45199623655144e-06,0.04788658020306171,1.66923294678258e-05,0.386524615931381
13,temporal,YUE041,27.0,4.79527209306708e-06,0.03559040849702913,1.1833018217934356e-05,0.405245052847064
13,temporal,YUE041,28.0,3.5449078898796156e-06,0.026310231710847818,8.431300778359487e-06,0.42044614266143676
13,temporal,YUE041,29.0,2.6245178873979977e-06,0.019479116493785992,6.073915063810113e-06,0.432096573598061
13,temporal,YUE041,30.0,1.9956720373383303e-06,0.014811835836731522,4.466762694210955e-06,0.4467826419175514
13,temporal,YUE041,31.0,1.5467056023334232e-06,0.01147961641035496,3.316836971104381e-06,0.46631945308377004
13,temporal,YUE041,32.0,1.2277772030393804e-06,0.009112536546713982,2.480981568737292e-06,0.4948755841278836
13,temporal,YUE041,33.0,9.798423246780458e-07,0.0072723691004706595,1.8947265153845068e-06,0.5171418232246574
13,temporal,YUE041,34.0,7.862709122466703e-07,0.005835686153586381,1.489325504451292e-06,0.5279375864420948
13,temporal,YUE041,35.0,6.318111883822247e-07,0.004689289335641093,1.154724451439572e-06,0.5471532083646088
13,temporal,YUE041,36.0,4.99438001408466e-07,0.003706818329405372,8.783350643631366e-07,0.568618994814466
13,temporal,YUE041,37.0,3.808257591168424e-07,0.0028264807648257124,6.484412888033468e-07,0.5872941246841789
13,temporal,YUE041,38.0,2.756969951586345e-07,0.0020462172925047413,4.788597849203753e-07,0.5757363717742081
13,temporal,YUE041,39.0,2.0048761363711985e-07,0.001488014846593571,3.5753939109773725e-07,0.5607427282951164
13,temporal,YUE041,40.0,1.4358767192215693e-07,0.00106570467737074,2.5333527171513516e-07,0.5667891050071197
13,temporal,YUE041,41.0,1.0737237942942478e-07,0.0007969155391028148,1.8900000780272803e-07,0.5681078042149952
13,temporal,YUE041,42.0,8.158907638483877e-08,0.0006055524068446441,1.4289928343810596e-07,0.5709551120329969
13,temporal,YUE041,43.0,6.116209314855862e-08,0.0004539437674115935,1.0485013690902234e-07,0.583328691326636
13,temporal,YUE041,44.0,4.735107876888742e-08,0.00035143870951477455,7.830628420879688e-08,0.6046906611304643
13,temporal,YUE041,45.0,3.7913168333686595e-08,0.0002813907370060178,5.7993908419158847e-08,0.653743977034002
13,temporal,YUE041,46.0,2.945263412155179e-08,0.0002185968302434978,4.336930342593817e-08,0.6791124550074479
13,temporal,YUE041,47.0,2.1169727586473515e-08,0.00015712127235964946,2.995003459542592e-08,0.7068348291559782
13,temporal,YUE041,48.0,1.6111755030751422e-08,0.00011958110656067953,2.1950454476693143e-08,0.7340055326808282
13,temporal,YUE041,49.0,1.1908559285235234e-08,8.83850762473683e-05,1.6871495930496813e-08,0.7058389685356469
13,temporal,YUE041,50.0,8.956222409262174e-09,6.647289412351353e-05,1.301314953188173e-08,0.6882440248088876
13,temporal,YUE041,51.0,7.588168592090984e-09,5.63192275006253e-05,1.0422860983415744e-08,0.7280312578441602
13,temporal,YUE041,52.0,6.063955494010118e-09,4.5006549983190936e-05,8.898663366297149e-09,0.6814456558697095
13,temporal,YUE041,53.0,4.956400493705021e-09,3.678630009355987e-05,6.417078391563251e-09,0.7723764914920421
13,temporal,YUE041,54.0,4.078152071707183e-09,3.026795879944114e-05,5.180004490034701e-09,0.7872873623088044
13,temporal,YUE041,55.0,3.4469668734707333e-09,2.5583315549480038e-05,4.340252584262229e-09,0.7941857775672888
13,temporal,YUE041,56.0,2.774580256024075e-09,2.0592876233750585e-05,3.4950187304117036e-09,0.793867063395462
13,temporal,YUE041,57.0,2.2155215717833005e-09,1.644355445184217e-05,2.810130992810817e-09,0.7884050876814245
13,temporal,YUE041,58.0,1.826924710812545e-09,1.3559396732698754e-05,2.2895504244997157e-09,0.7979403691061934
13,temporal,YUE041,59.0,1.607647867228609e-09,1.1931928617099111e-05,1.8225208353641389e-09,0.8821012281636833
13,temporal,YUE041,60.0,1.3771475299918708e-09,1.0221159967950066e-05,1.578765604034823e-09,0.8722938519006999
13,temporal,YUE041,61.0,1.0537734334731384e-09,7.821084233123892e-06,1.2502899652306258e-09,0.8428232352314862
13,temporal,YUE041,62.0,8.97220069372534e-10,6.65914846143322e-06,9.951835481685177e-10,0.9015624012512361
13,temporal,YUE041,63.0,7.100757541970008e-10,5.270167295041496e-06,6.721257844072164e-10,1.0564626007068818
13,temporal,YUE041,64.0,5.884316958382262e-10,4.367327655454713e-06,5.318702803541203e-10,1.106344380525355
13,temporal,YUE041,65.0,5.567410041287676e-10,4.1321200089222626e-06,4.709981629343012e-10,1.1820449588599065
13,temporal,YUE041,66.0,4.4874340950529847e-10,3.3305641358148855e-06,4.373676869778435e-10,1.0260095175436024
13,temporal,YUE041,67.0,3.677590444910711e-10,2.7294998840290493e-06,2.859211726656646e-10,1.2862252944139319
13,temporal,YUE041,68.0,3.2933394183683397e-10,2.444309581276098e-06,2.1204829100552193e-10,1.5531082107530771
13,temporal,YUE041,69.0,2.7524054171578145e-10,2.0428295046637753e-06,1.6078098653203867e-10,1.7118973309753547
13,temporal,YUE041,70.0,2.724870314138676e-10,2.022393009185745e-06,1.3247424164414022e-10,2.056905765468261
13,temporal,YUE041,71.0,2.1165665968128388e-10,1.5709112711382053e-06,1.0478407941682428e-10,2.019931471071358
13,temporal,YUE041,72.0,1.5182114240652626e-10,1.1268133219272392e-06,6.441605661977715e-11,2.3568835221110667
13,temporal,YUE041,73.0,1.189767645852127e-10,8.830430413666527e-07,5.4804022635866464e-11,2.1709494825905065
13,temporal,YUE041,74.0,1.1719084343688018e-10,8.697879722112372e-07,5.281300185782984e-11,2.218977132796816
13,temporal,YUE041,75.0,1.23327124097817e-10,9.153313180603518e-07,3.719429810073783e-11,3.3157534997379217
13,temporal,YUE041,76.0,1.2033710733089818e-10,8.931394765793519e-07,2.0358814710100782e-11,5.9108110685439055
13,temporal,YUE041,77.0,1.4524015742418014e-10,1.077969389969104e-06,1.8677315701426484e-11,7.776286472101952
13,temporal,YUE041,78.0,1.7552891685357435e-10,1.3027719246404779e-06,1.0382121737187652e-11,16.90684440973645
13,temporal,YUE041,79.0,1.3221167651260898e-10,9.812722789941175e-07,6.250002280583859e-12,21.15386052311298
13,temporal,YUE041,80.0,1.602249112052513e-10,1.1891859169867848e-06,5.732651123302954e-12,27.94953116088727
13,temporal,YUE041,81.0,1.5179474088229635e-10,1.1266173703703618e-06,7.694929981144945e-12,19.726591567985974
13,temporal,YUE041,82.0,1.4775399142147976e-10,1.0966270129613353e-06,9.289858702047902e-12,15.904869617544145
13,temporal,YUE041,83.0,1.6796770601345936e-10,1.2466527770073484e-06,1.1617318131347719e-11,14.458389114801104
13,temporal,YUE041,84.0,1.4789404182956798e-10,1.0976664641410174e-06,8.510536059606429e-12,17.37775867392393
13,temporal,YUE041,85.0,1.7650597489240107e-10,1.3100236288299908e-06,5.357835751239919e-12,32.94352105727649
13,temporal,YUE041,86.0,2.542614369852288e-10,1.8871230311266794e-06,9.680738517530438e-12,26.26467356026584
13,temporal,YUE041,87.0,3.512621283747622e-10,2.607060120001994e-06,1.4029682797403207e-11,25.037068438908562
13,temporal,YUE041,88.0,3.3833084101392504e-10,2.5110843775138758e-06,1.983570087757006e-11,17.05666177878821
13,temporal,YUE041,89.0,3.0084637396060965e-10,2.232875452383282e-06,1.143241835613777e-11,26.31519986312371
13,temporal,YUE041,90.0,1.7860030747448663e-10,1.3255677211522656e-06,2.1319823141612962e-12,83.77194608424624
13,temporal,YUE041,91.0,1.2602331929277086e-10,9.353424220214534e-07,4.665861828932856e-12,27.009655217671558
13,temporal,YUE041,92.0,1.2077635012577637e-10,8.963995273534661e-07,4.985753053762413e-12,24.224294469344922
13,temporal,YUE041,93.0,9.013055954239633e-11,6.689471149754879e-07,6.559828472189161e-13,137.39773825567386
13,temporal,YUE041,94.0,8.189575469656362e-11,6.078285668163061e-07,2.5078385374136974e-13,326.55912043293546
13,temporal,YUE041,95.0,5.883312221219842e-11,4.3665819416485173e-07,3.34813527655428e-13,175.719071520749
13,temporal,YUE041,96.0,5.881011931420776e-11,4.3648746714035467e-07,6.948146426820101e-13,84.64145068560809
13,temporal,YUE041,97.0,6.912133151360634e-11,5.130170669532035e-07,3.9522761592155557e-13,174.8899336207455
13,temporal,YUE041,98.0,9.196378198748276e-11,6.825532533593512e-07,6.266793332651177e-13,146.74774977552568
13,temporal,YUE041,99.0,1.0473793181041342e-10,7.773627243500924e-07,5.980129155197513e-13,175.14326044176232
13,temporal,YUE041,100.0,1.1607996222257674e-10,8.615430352313531e-07,4.0919357234751434e-13,283.67982800080233
13,parietal,YUE206,0.0,8.820191096699433e-10,1.0,0.25334899663278304,3.4814391270251876e-09
13,parietal,YUE206,1.0,1.896487270611702e-09,2.1501657388368587,0.3335895939035509,5.685091217683558e-09
13,parietal,YUE206,2.0,2.5778213267724906e-09,2.9226365942764283,0.1528147630420954,1.6868928599931057e-08
13,parietal,YUE206,3.0,3.396680698244983e-09,3.8510284652631173,0.0788958346987117,4.305272529552752e-08
13,parietal,YUE206,4.0,4.352788509262403e-09,4.935027440495299,0.04424090593793944,9.838832223210884e-08
13,parietal,YUE206,5.0,6.059351698056719e-09,6.869864418611251,0.025480109494921514,2.3780712948915777e-07
13,parietal,YUE206,6.0,7.03926964230298e-09,7.980858424866912,0.015364174518364932,4.5816126560453213e-07
13,parietal,YUE206,7.0,8.064186052691241e-09,9.142869994856355,0.009702458698415385,8.311487122339713e-07
13,parietal,YUE206,8.0,1.1641852703587579e-08,13.199093507105562,0.006195763787000294,1.8790020252247273e-06
13,parietal,YUE206,9.0,1.5842553778522085e-08,17.9616899507432,0.003870530284869666,4.093122288812051e-06
13,parietal,YUE206,10.0,1.8028070576916506e-08,20.43954646704051,0.0024223631100932313,7.442348548737042e-06
13,parietal,YUE206,11.0,2.5492156682157416e-08,28.90204577505892,0.0015678427293147812,1.6259383805223024e-05
13,parietal,YUE206,12.0,3.608999112426817e-08,40.91747075386298,0.0010127078067712087,3.563712147073597e-05
13,parietal,YUE206,13.0,4.9874472080057324e-08,56.545795361191935,0.0006450601196134863,7.731755624567462e-05
13,parietal,YUE206,14.0,5.8803504435482246e-08,66.6691954752396,0.00040955518076099366,0.0001435789539427131
13,parietal,YUE206,15.0,9.101888758380371e-08,103.19378184205499,0.00024689451527274054,0.0003686549597234129
13,parietal,YUE206,16.0,1.3844727407203444e-07,156.96629761666074,0.00013211201777760394,0.0010479536714449037
13,parietal,YUE206,17.0,1.7244361742253134e-07,195.5100694893796,7.43682267235558e-05,0.002318780815677438
13,parietal,YUE206,18.0,1.8344318836892748e-07,207.98096816470675,6.106720228117178e-05,0.003003955994648319
13,parietal,YUE206,19.0,1.8263013238950079e-07,207.05915596073882,5.394210191941741e-05,0.0033856695584893372
13,parietal,YUE206,20.0,1.7369526552479771e-07,196.929140900128,4.6169101478051044e-05,0.0037621539073566996
13,parietal,YUE206,21.0,1.5079294917515476e-07,170.9633584147427,3.6337602031031684e-05,0.004149777110949154
13,parietal,YUE206,22.0,1.330393970549041e-07,150.835050620035,2.7787260904110962e-05,0.0047877837802725535
13,parietal,YUE206,23.0,1.2707173276560478e-07,144.06913792735824,2.071482379142545e-05,0.006134338097445171
13,parietal,YUE206,24.0,1.156744195028703e-07,131.14729401515612,1.5559159270537783e-05,0.007434490353338491
13,parietal,YUE206,25.0,1.0333368449508688e-07,117.15583411084476,1.1949096393315796e-05,0.008647824161238727
13,parietal,YUE206,26.0,9.310560149990418e-08,105.55961937689177,9.262387248114525e-06,0.010052009164144697
13,parietal,YUE206,27.0,8.725665386521795e-08,98.92830314965613,7.371162607969469e-06,0.011837570069459437
13,parietal,YUE206,28.0,8.646339791745371e-08,98.0289394748021,5.954956460174169e-06,0.014519568446168765
13,parietal,YUE206,29.0,7.953751726396996e-08,90.17663720883934,4.83270243013306e-06,0.016458186369604395
13,parietal,YUE206,30.0,7.07309149343533e-08,80.19204364043905,3.9834220368179015e-06,0.01775631963688579
13,parietal,YUE206,31.0,6.511747280418474e-08,73.8277346718169,3.291453481320271e-06,0.01978380468499429
13,parietal,YUE206,32.0,5.793341516155495e-08,65.68272107305472,2.6780745788017948e-06,0.021632487616336325
13,parietal,YUE206,33.0,4.948141203127207e-08,56.100158702670626,2.191019627863199e-06,0.022583737453565865
13,parietal,YUE206,34.0,4.3853805120547556e-08,49.71979024009798,1.702248083122257e-06,0.025762287856486273
13,parietal,YUE206,35.0,4.088718704921619e-08,46.35635056083582,1.3438162620592754e-06,0.030426173728959286
13,parietal,YUE206,36.0,3.7037825632341155e-08,41.992089770255575,1.0439215807768715e-06,0.03547950949033751
13,parietal,YUE206,37.0,3.375667173129763e-08,38.27204123041004,8.019257946996626e-07,0.04209450793878027
13,parietal,YUE206,38.0,3.2038489014708964e-08,36.32403046992707,6.414217649689094e-07,0.04994917660186027
13,parietal,YUE206,39.0,3.056305907435433e-08,34.65124365138892,5.137155079577468e-07,0.059494133622433186
13,parietal,YUE206,40.0,2.7590315984859384e-08,31.28085965754624,4.0042362328212745e-07,0.06890281786751629
13,parietal,YUE206,41.0,2.787225086242204e-08,31.600506788171515,3.231636677617449e-07,0.08624809544794215
13,parietal,YUE206,42.0,2.7335079850713204e-08,30.991482555227346,2.5032867885720657e-07,0.10919675674198634
13,parietal,YUE206,43.0,2.74301589139812e-08,31.09927961112512,1.9730723878399921e-07,0.1390225674589171
13,parietal,YUE206,44.0,2.58778701626977e-08,29.339353171589842,1.604698580341751e-07,0.16126312118495498
13,parietal,YUE206,45.0,2.2861745322011865e-08,25.91978458444836,1.241858469551033e-07,0.18409300159845937
13,parietal,YUE206,46.0,2.0762744348416617e-08,23.540016447246995,1.0305727683307091e-07,0.20146800872729723
13,parietal,YUE206,47.0,2.4098064013150626e-08,27.321476087029748,8.921294398401953e-08,0.2701184708966363
13,parietal,YUE206,48.0,2.3605731201693513e-08,26.76328771439761,6.563950510755499e-08,0.3596268918087339
13,parietal,YUE206,49.0,1.965119195577107e-08,22.2797802681675,5.207436395001299e-08,0.3773678728872149
13,parietal,YUE206,50.0,1.844479683837995e-08,20.912014984893126,4.062650663501511e-08,0.4540089307723735
13,parietal,YUE206,51.0,1.472274690728418e-08,16.692095155164516,2.964243826684002e-08,0.4966779984409721
13,parietal,YUE206,52.0,1.5061376788156887e-08,17.076020942213987,2.279908985901118e-08,0.6606130718943583
13,parietal,YUE206,53.0,1.2636713883746984e-08,14.32702959063519,1.7096462088251252e-08,0.7391420411145168
13,parietal,YUE206,54.0,1.3782797002338794e-08,15.626415404419522,1.2631122058174076e-08,1.0911775643415167
13,parietal,YUE206,55.0,1.2899697629308557e-08,14.625190642565213,1.118803771660904e-08,1.152990180767669
13,parietal,YUE206,56.0,1.2782252189823247e-08,14.492035432890383,9.695389612124033e-09,1.3183845828989802
13,parietal,YUE206,57.0,1.13918535215463e-08,12.915653863564472,7.238587721724587e-09,1.5737674197629534
13,parietal,YUE206,58.0,1.0588928869214384e-08,12.005328176139884,7.449723983198611e-09,1.4213853953643965
13,parietal,YUE206,59.0,9.087667688484819e-09,10.303254871524809,5.977730895330915e-09,1.5202537296523357
13,parietal,YUE206,60.0,8.18109250027026e-09,9.275414115836643,4.6283598935780906e-09,1.7676007675249352
13,parietal,YUE206,61.0,7.450789957738625e-09,8.447424637462507,3.781395178013547e-09,1.9703811971465768
13,parietal,YUE206,62.0,6.383125972764961e-09,7.236947479690734,2.8479093627272194e-09,2.241337472430071
13,parietal,YUE206,63.0,4.900567833198553e-09,5.556078977735951,2.471952547075707e-09,1.9824684090298865
13,parietal,YUE206,64.0,4.1982057078537896e-09,4.759767290557664,1.8028468425789252e-09,2.328653554313225
13,parietal,YUE206,65.0,3.354816312728064e-09,3.803564203935962,1.25738175072998e-09,2.668096869371936
13,parietal,YUE206,66.0,2.9181308457989846e-09,3.3084666917148384,1.2253332187359438e-09,2.381499824847101
13,parietal,YUE206,67.0,2.073593573430057e-09,2.3509621851685365,9.52867001666761e-10,2.176162643687854
13,parietal,YUE206,68.0,2.1421347699958375e-09,2.4286716087108777,6.266095829951105e-10,3.418611569514654
13,parietal,YUE206,69.0,1.8657404271713317e-09,2.115306127402957,6.444785028353805e-10,2.894961459479276
13,parietal,YUE206,70.0,1.948670134834087e-09,2.2093287021448895,7.082248761020454e-10,2.7514850163965585
13,parietal,YUE206,71.0,2.4417368356153557e-09,2.7683491308131267,8.264806451119007e-10,2.954378726297648
13,parietal,YUE206,72.0,2.3779523529393486e-09,2.696032690073112,5.92223931041398e-10,4.015292574816811
13,parietal,YUE206,73.0,1.826960915790641e-09,2.0713393800212563,3.4983538950920613e-10,5.222344481368039
13,parietal,YUE206,74.0,1.4067886895961746e-09,1.594963957325826,3.1436740400443234e-10,4.474982684834398
13,parietal,YUE206,75.0,7.893128554919906e-10,0.8948931455548124,3.3827485544262184e-10,2.333347698749882
13,parietal,YUE206,76.0,7.198083613883642e-10,0.8160915715961309,2.7364463841035407e-10,2.630449350551311
13,parietal,YUE206,77.0,6.886381793687562e-10,0.7807519948478765,2.2686200860532082e-10,3.035493618355475
13,parietal,YUE206,78.0,9.000278760437542e-10,1.0204176600896435,7.332056229873252e-11,12.275245140329657
13,parietal,YUE206,79.0,5.206792475622323e-10,0.590326492763942,1.0657231547753882e-10,4.8856895454426965
13,parietal,YUE206,80.0,3.965319522041836e-10,0.4495729716701582,9.76093598110871e-11,4.06243779256037
13,parietal,YUE206,81.0,2.7112151425930145e-10,0.30738734715255395,6.433943277066007e-11,4.213924534052431
13,parietal,YUE206,82.0,5.562272068709377e-10,0.6306294282887829,5.7730808250115505e-11,9.634841841484608
13,parietal,YUE206,83.0,4.940085624868755e-10,0.560088275946466,4.583204142996488e-11,10.778672454330039
13,parietal,YUE206,84.0,4.200855236488258e-10,0.47627712261928684,6.113511240539256e-11,6.871428007904852
13,parietal,YUE206,85.0,5.15391096681908e-10,0.5843309867455937,2.0655565416231738e-11,24.951681849236568
13,parietal,YUE206,86.0,4.044898760857557e-10,0.4585953656232212,1.084753116766951e-11,37.28865765247269
13,parietal,YUE206,87.0,3.6740298013020653e-10,0.416547641771266,2.3183839126238748e-11,15.847374463291168
13,parietal,YUE206,88.0,2.9283017682176626e-10,0.3319998099943039,3.759824953261148e-12,77.88399206398559
13,parietal,YUE206,89.0,4.529382999455091e-10,0.5135243612975701,1.3518619207033045e-11,33.504775377493324
13,parietal,YUE206,90.0,3.665673552849488e-10,0.41560024183843414,2.5389993386357444e-11,14.43747344502708
13,parietal,YUE206,91.0,2.9815339716341187e-10,0.33803507644520603,2.4978327873209654e-11,11.936483445843242
13,parietal,YUE206,92.0,2.9298478326449047e-10,0.33217509694787345,1.551100278660655e-11,18.88883570554685
13,parietal,YUE206,93.0,3.5760730087369726e-10,0.405441670087529,2.7353344415226404e-11,13.073622568603822
13,parietal,YUE206,94.0,2.3172428792719006e-10,0.26272025785688774,8.75658004238055e-12,26.462875552519233
13,parietal,YUE206,95.0,1.7689809200545064e-10,0.20056038476495927,2.914030417724668e-12,60.70564360943636
13,parietal,YUE206,96.0,1.6952365155654562e-10,0.1921995223209873,1.8658116876378632e-11,9.085785702798566
13,parietal,YUE206,97.0,1.7888729898020687e-10,0.20281567260730612,8.496756024773437e-11,2.105359956889863
13,parietal,YUE206,98.0,2.2640299922075273e-10,0.2566871814211305,1.6007854798941087e-10,1.4143244180083967
13,parietal,YUE206,99.0,1.8731601809695875e-10,0.21237183644133684,1.248404640347605e-10,1.500443141935155
13,parietal,YUE206,100.0,5.197066719606458e-10,0.5892238232288676,4.7773356028305997e-11,10.878588300405703
13,north_pole,YUE277,0.0,0.3089063958778781,1.0,0.3089063956993015,1.000000000578093
13,north_pole,YUE277,1.0,0.5530752878283983,1.7904300306137042,0.5530752875011323,1.0000000005917205
13,north_pole,YUE277,2.0,0.36668961470862216,1.1870573727246096,0.3666896141304986,1.000000001576602
13,north_pole,YUE277,3.0,0.14477890118518347,0.46868210926399795,0.14477890023573667,1.0000000065579087
13,north_pole,YUE277,4.0,0.06595011077151317,0.213495452511076,0.06595010942870747,1.000000020360932
13,north_pole,YUE277,5.0,0.036029957747653614,0.11663713742559595,0.036029954934641346,1.0000000780742655
13,north_pole,YUE277,6.0,0.02129375400926859,0.06893270677919788,0.02129374962948044,1.0000002056842137
13,north_pole,YUE277,7.0,0.01318147141707007,0.0426714098282419,0.013181467200580298,1.000000319880155
13,north_pole,YUE277,8.0,0.008364288636560219,0.02707709761978164,0.008364284341467807,1.0000005135038739
13,north_pole,YUE277,9.0,0.005328697503226392,0.017250201272404276,0.005328692493871779,1.0000009400720007
13,north_pole,YUE277,10.0,0.003348599155190861,0.010840174240078484,0.0033485924707848344,1.0000019961837951
13,north_pole,YUE277,11.0,0.0020930626047106684,0.006775717928281847,0.00209305425065013,1.0000039913253733
13,north_pole,YUE277,12.0,0.0013229030256476312,0.004282536856797949,0.0013228929029068344,1.0000076519730166
13,north_pole,YUE277,13.0,0.0008311323650414574,0.0026905637958044553,0.0008311180404432403,1.0000172353354397
13,north_pole,YUE277,14.0,0.0005132368823067532,0.0016614640847697254,0.00051322103047436,1.0000308869501675
13,north_pole,YUE277,15.0,0.00030300441036990044,0.0009808939355522087,0.0003029864025541166,1.000059434402442
13,north_pole,YUE277,16.0,0.0001693852480323915,0.0005483384296754918,0.00016936115437951542,1.0001422619783407
13,north_pole,YUE277,17.0,0.00010560609512971771,0.0003418708597133341,0.00010557585959328587,1.0002863868364256
13,north_pole,YUE277,18.0,8.897049826929953e-05,0.0002880176631385541,8.89405087830138e-05,1.000337185908829
13,north_pole,YUE277,19.0,8.41365417277746e-05,0.00027236905046484314,8.41060235088712e-05,1.000362854140883
13,north_pole,YUE277,20.0,8.234265196900227e-05,0.00026656182282983645,8.231232414268561e-05,1.0003684481835804
13,north_pole,YUE277,21.0,8.102157741533111e-05,0.00026228520515114836,8.099720985723097e-05,1.000300844413568
13,north_pole,YUE277,22.0,7.315056809136132e-05,0.00023680496444068575,7.313122015654427e-05,1.000264564638408
13,north_pole,YUE277,23.0,5.725518226087242e-05,0.00018534799869766202,5.723755051785967e-05,1.0003080450308097
13,north_pole,YUE277,24.0,4.3604772076646e-05,0.00014115852782110912,4.358997661888392e-05,1.0003394233929384
13,north_pole,YUE277,25.0,3.3562087050060446e-05,0.00010864808077113676,3.3548474154284566e-05,1.000405767955743
13,north_pole,YUE277,26.0,2.545961039030243e-05,8.241852784546273e-05,2.5447033993966532e-05,1.0004942185536783
13,north_pole,YUE277,27.0,1.9399058488175066e-05,6.279914804950888e-05,1.938729706473955e-05,1.0006066561726599
13,north_pole,YUE277,28.0,1.4821365494686395e-05,4.798011854874581e-05,1.4810318126808966e-05,1.000745923739304
13,north_pole,YUE277,29.0,1.156104235135502e-05,3.742571376193039e-05,1.1551959777829976e-05,1.0007862365953242
13,north_pole,YUE277,30.0,8.914860881944551e-06,2.8859424734827823e-05,8.906071098976837e-06,1.0009869428247349
13,north_pole,YUE277,31.0,6.82035977295942e-06,2.2079050042252138e-05,6.813065572650001e-06,1.0010706194196486
13,north_pole,YUE277,32.0,5.341387683046329e-06,1.729128226000854e-05,5.335486374759163e-06,1.0011060487971788
13,north_pole,YUE277,33.0,4.218578854185321e-06,1.3656495658487687e-05,4.212924156563841e-06,1.0013422263044232
13,north_pole,YUE277,34.0,3.3895640178634124e-06,1.0972786782969136e-05,3.3842479256229883e-06,1.0015708341579157
13,north_pole,YUE277,35.0,2.7683869760286587e-06,8.96189594314228e-06,2.7631423370010685e-06,1.001898070525488
13,north_pole,YUE277,36.0,2.2525241792468853e-06,7.291931178198686e-06,2.248623249866964e-06,1.0017348079008577
13,north_pole,YUE277,37.0,1.8600495550522755e-06,6.021401887022179e-06,1.8555594803164859e-06,1.0024197956376069
13,north_pole,YUE277,38.0,1.526780288592088e-06,4.942533754450587e-06,1.522783201420429e-06,1.0026248563603346
13,north_pole,YUE277,39.0,1.2776121356289522e-06,4.135919983133138e-06,1.2745324185435606e-06,1.0024163505302681
13,north_pole,YUE277,40.0,1.0686039045157546e-06,3.459312978868241e-06,1.0650576815471984e-06,1.0033296064898614
13,north_pole,YUE277,41.0,8.962151097437143e-07,2.901251387808819e-06,8.934386099459526e-07,1.0031076559338863
13,north_pole,YUE277,42.0,7.622642644647539e-07,2.4676221490930365e-06,7.599484435308503e-07,1.0030473395315398
13,north_pole,YUE277,43.0,6.458094711958483e-07,2.0906315952459596e-06,6.438803229348593e-07,1.0029961286162554
13,north_pole,YUE277,44.0,5.473137275495589e-07,1.771778554452242e-06,5.459090926484673e-07,1.0025730197939677
13,north_pole,YUE277,45.0,4.3717598732119246e-07,1.4152377327079494e-06,4.3583809774238446e-07,1.003069693966035
13,north_pole,YUE277,46.0,3.6191616571819057e-07,1.1716046367044765e-06,3.604563608415948e-07,1.004049879639209
13,north_pole,YUE277,47.0,3.052152544856469e-07,9.880509389203763e-07,3.0387104924691283e-07,1.0044236041638892
13,north_pole,YUE277,48.0,2.430761756217898e-07,7.868926602539063e-07,2.423207680116154e-07,1.0031173869923447
13,north_pole,YUE277,49.0,1.877436555424587e-07,6.077687547028989e-07,1.8701425277496063e-07,1.0039002522891973
13,north_pole,YUE277,50.0,1.4741653322941975e-07,4.772207218645575e-07,1.4658861570372545e-07,1.0056478978379033
13,north_pole,YUE277,51.0,1.3090113554996897e-07,4.2375663727506284e-07,1.3018484580064817e-07,1.0055020977665683
13,north_pole,YUE277,52.0,1.1678852080063372e-07,3.7807090548816107e-07,1.1624545028452028e-07,1.0046717571722956
13,north_pole,YUE277,53.0,1.0236050218408546e-07,3.3136413991425507e-07,1.0191157519366516e-07,1.0044050637973871
13,north_pole,YUE277,54.0,8.693217252033797e-08,2.8141914081541193e-07,8.643664301920861e-08,1.0057328637927232
13,north_pole,YUE277,55.0,7.254205059281492e-08,2.3483505541106836e-07,7.194577007178902e-08,1.0082879163073926
13,north_pole,YUE277,56.0,5.442360161865238e-08,1.761815305377102e-07,5.410127153133207e-08,1.0059579022488156
13,north_pole,YUE277,57.0,4.088258364453143e-08,1.3234618703296062e-07,4.068259224750481e-08,1.0049158961112878
13,north_pole,YUE277,58.0,3.8646701120930546e-08,1.2510812866499852e-07,3.8442411827869174e-08,1.0053141643135217
13,north_pole,YUE277,59.0,3.0015173528541445e-08,9.716591799027538e-08,2.983505254444778e-08,1.0060372269774058
13,north_pole,YUE277,60.0,2.3346004124874796e-08,7.557630543235601e-08,2.3213402188988836e-08,1.0057123007996156
13,north_pole,YUE277,61.0,1.396295664044326e-08,4.5201254576688416e-08,1.3858444739008546e-08,1.0075413874646797
13,north_pole,YUE277,62.0,1.1836834380657571e-08,3.8318515053787044e-08,1.1745806336069086e-08,1.0077498335988186
13,north_pole,YUE277,63.0,9.820855508408803e-09,3.1792334634247403e-08,9.724464144984772e-09,1.0099122544941197
13,north_pole,YUE277,64.0,7.33749406574579e-09,2.375313092787683e-08,7.258430559578638e-09,1.010892644838052
13,north_pole,YUE277,65.0,7.248673980355258e-09,2.3465600185309605e-08,7.140209931103177e-09,1.0151905966769417
13,north_pole,YUE277,66.0,4.095813547065437e-09,1.3259076541376179e-08,3.975875827616545e-09,1.030166364506608
13,north_pole,YUE277,67.0,3.640850623972207e-09,1.1786258467149276e-08,3.5495576208055445e-09,1.0257195439317714
13,north_pole,YUE277,68.0,2.415585291087411e-09,7.819796946005545e-09,2.3412534307845516e-09,1.0317487459176733
13,north_pole,YUE277,69.0,1.8576397372711753e-09,6.0136007608128895e-09,1.7587710394537403e-09,1.0562146496613583
13,north_pole,YUE277,70.0,1.4903444007655896e-09,4.824582529378177e-09,1.341465659883543e-09,1.1109821483577682
13,north_pole,YUE277,71.0,1.5423678365143647e-09,4.992994179130298e-09,1.4219218854485796e-09,1.0847064471673051
13,north_pole,YUE277,72.0,1.883847489150279e-09,6.098441192182477e-09,1.7518972493160797e-09,1.0753184810842709
13,north_pole,YUE277,73.0,1.961746772559299e-09,6.350618824140011e-09,1.8032703469608746e-09,1.08788278799433
13,north_pole,YUE277,74.0,9.920420494068113e-10,3.211464905372181e-09,8.05814861288731e-10,1.2311041866617465
13,north_pole,YUE277,75.0,7.634989990435577e-10,2.471619264708901e-09,5.232972333951516e-10,1.4590159288440674
13,north_pole,YUE277,76.0,5.904453385869434e-10,1.9114053527734914e-09,3.8460333457358603e-10,1.5352059784961996
13,north_pole,YUE277,77.0,6.428262928312778e-10,2.0809743709075234e-09,3.885288249653537e-10,1.6545137748495253
13,north_pole,YUE277,78.0,5.479195586045571e-10,1.7737397668553601e-09,2.8321623708008887e-10,1.9346332832238515
13,north_pole,YUE277,79.0,5.464615685995414e-10,1.769019922836358e-09,1.98286628663069e-10,2.7559173923325684
13,north_pole,YUE277,80.0,4.2183516118499786e-10,1.3655760023556281e-09,9.981598469117429e-11,4.22612833495692
13,north_pole,YUE277,81.0,4.54578669125103e-10,1.471574157062175e-09,1.135011374635327e-10,4.005058268875558
13,north_pole,YUE277,82.0,5.058279331406852e-10,1.6374796374907607e-09,1.2184056608020097e-10,4.151555999893553
13,north_pole,YUE277,83.0,7.702813330793085e-10,2.4935752168233793e-09,1.217185755759866e-10,6.328379455923197
13,north_pole,YUE277,84.0,4.962157184375513e-10,1.6063627204200828e-09,1.1134038928160362e-10,4.456744956967195
13,north_pole,YUE277,85.0,5.040543267556881e-10,1.6317380717327687e-09,1.225056271693357e-10,4.114540192173782
13,north_pole,YUE277,86.0,3.415410254406396e-10,1.1056456907278253e-09,1.1642463987668708e-10,2.9335802610374224
13,north_pole,YUE277,87.0,3.74141595869179e-10,1.2111811243205554e-09,1.6976582008021164e-10,2.2038688099430326
13,north_pole,YUE277,88.0,3.239093590674825e-10,1.0485679914362655e-09,1.0817224410851077e-10,2.9943851284305376
13,north_pole,YUE277,89.0,3.468139908300811e-10,1.1227154745193078e-09,1.5554371087925628e-10,2.22968829063942
13,north_pole,YUE277,90.0,3.533511416756487e-10,1.143877713089959e-09,1.1395330575168826e-10,3.100841518767556
13,north_pole,YUE277,91.0,2.4704145833508426e-10,7.997291789087744e-10,5.986391792269112e-11,4.126717176348467
13,north_pole,YUE277,92.0,1.661494556128056e-10,5.378634363999718e-10,2.7016056561357275e-11,6.150026197770824
13,north_pole,YUE277,93.0,1.7787403935347063e-10,5.75818570696706e-10,2.7384754171620766e-11,6.495367394526557
13,north_pole,YUE277,94.0,3.2972219087381893e-10,1.0673854451500903e-09,3.3491863884967025e-11,9.8448444674892
13,north_pole,YUE277,95.0,2.532861373552598e-10,8.19944619908074e-10,3.2307557406109176e-11,7.839841748833814
13,north_pole,YUE277,96.0,4.392266179047929e-10,1.4218760885690276e-09,1.0054426047526846e-10,4.368490213450149
13,north_pole,YUE277,97.0,1.4210036168787534e-09,4.60011069968434e-09,1.0158346317115105e-09,1.3988532902098458
13,north_pole,YUE277,98.0,2.69865079313727e-10,8.736144117275398e-10,2.8603266338712982e-11,9.43476441180003
13,north_pole,YUE277,99.0,2.1457720127439124e-10,6.946350225756459e-10,2.1528797397104263e-11,9.966985025519959
13,north_pole,YUE277,100.0,3.603512763601976e-10,1.1665387352570632e-09,1.551706500676072e-11,23.222901766744812
53,frontal,YUE011,0.0,0.2090895637734116,1.0,0.20908934727816664,1.0000010354197753
53,frontal,YUE011,1.0,0.33164743839196315,1.5861501282357946,0.3316470276273168,1.00000123855971
53,frontal,YUE011,2.0,0.23851906220751998,1.1407506807274268,0.2385184190272342,1.0000026965644349
53,frontal,YUE011,3.0,0.12094134897899154,0.5784188689113846,0.12094045891178289,1.000007359548795
53,frontal,YUE011,4.0,0.06204414125178386,0.29673475869422405,0.06204299467112448,1.000018480420964
53,frontal,YUE011,5.0,0.03367991027600666,0.1610788681567353,0.033678502625377325,1.0000417967106494
53,frontal,YUE011,6.0,0.018897094502693803,0.09037798999462454,0.0188954203724392,1.0000885997888167
53,frontal,YUE011,7.0,0.010851518021886471,0.05189889837661223,0.010849513233567913,1.0001847814068152
53,frontal,YUE011,8.0,0.006518393270249683,0.031175124920694772,0.006515931184776442,1.0003778562730976
53,frontal,YUE011,9.0,0.003994259524368011,0.019103103245729437,0.00399116160754641,1.0007761942828233
53,frontal,YUE011,10.0,0.002465434843885573,0.01179128598956446,0.0024613793597637462,1.0016476469203088
53,frontal,YUE011,11.0,0.001507857529555532,0.007211538932615418,0.0015024019515886776,1.0036312372738105
53,frontal,YUE011,12.0,0.0008803347511901746,0.004210323725885167,0.0008729938184547599,1.0084089171999047
53,frontal,YUE011,13.0,0.0004717302795746835,0.0022561158532326043,0.000461716122465652,1.0216889916157876
53,frontal,YUE011,14.0,0.00024395270101442877,0.0011667378161389157,0.00023057457753727968,1.0580208087987761
53,frontal,YUE011,15.0,0.0001679453621328093,0.0008032221173640696,0.00015222988755065746,1.1032351454435791
53,frontal,YUE011,16.0,0.00015805134621445826,0.0007559026063382916,0.00014198354699679387,1.113166627806722
53,frontal,YUE011,17.0,0.00014805447959007436,0.0007080911974665537,0.000132093669576987,1.120829484593772
53,frontal,YUE011,18.0,0.00013705350338978536,0.0006554774945071336,0.00012147975565225238,1.1282003544863421
53,frontal,YUE011,19.0,0.0001258905263622553,0.0006020889999975403,0.00011069988405872644,1.1372236514310186
53,frontal,YUE011,20.0,0.00011309041789815058,0.0005408706960654698,9.81026446671177e-05,1.1527764443241
53,frontal,YUE011,21.0,9.989979134507023e-05,0.0004777846849081894,8.532177487618412e-05,1.1708592734977816
53,frontal,YUE011,22.0,8.679687971273384e-05,0.0004151181825927707,7.303009122765821e-05,1.18850843883188
53,frontal,YUE011,23.0,7.524522175022825e-05,0.0003598707673031964,6.243472379913634e-05,1.2051822635158211
53,frontal,YUE011,24.0,6.559339189504275e-05,0.0003137095449016561,5.3522502449965796e-05,1.225529242702378
53,frontal,YUE011,25.0,5.735188365577071e-05,0.00027429338232262234,4.589390384723354e-05,1.2496623483301226
53,frontal,YUE011,26.0,5.0433751245280796e-05,0.0002412064492130051,3.9642859278594375e-05,1.2722026655759688
53,frontal,YUE011,27.0,4.469129817269248e-05,0.00021374236650626916,3.462155939104802e-05,1.290851681979644
53,frontal,YUE011,28.0,3.945738819606245e-05,0.00018871046208132156,3.036577111973225e-05,1.2994034645285955
53,frontal,YUE011,29.0,3.4043624426622584e-05,0.0001628183818084548,2.6514750063211476e-05,1.283950417992332
53,frontal,YUE011,30.0,2.885395424881713e-05,0.00013799806039141145,2.2656886451458334e-05,1.273518067481859
53,frontal,YUE011,31.0,2.4999743085715243e-05,0.00011956475796566888,1.885718172068622e-05,1.325741219234827
53,frontal,YUE011,32.0,2.184457869403087e-05,0.00010447474421871976,1.550124431445479e-05,1.409214528259578
53,frontal,YUE011,33.0,1.9232875966802927e-05,9.198391167741598e-05,1.2973387479465437e-05,1.4824868213675992
53,frontal,YUE011,34.0,1.7506434018541506e-05,8.372696227685982e-05,1.1465799134476582e-05,1.5268394128675515
53,frontal,YUE011,35.0,1.5826616228091325e-05,7.569299941360288e-05,1.0252823389473085e-05,1.5436349215125502
53,frontal,YUE011,36.0,1.2616614348524678e-05,6.0340717732795046e-05,8.375135580053298e-06,1.5064370275477246
53,frontal,YUE011,37.0,8.615936414916155e-06,4.120691754971169e-05,5.710017420681367e-06,1.508915959469705
53,frontal,YUE011,38.0,5.939062113984395e-06,2.840439286783582e-05,3.834124638976594e-06,1.549000795021012
53,frontal,YUE011,39.0,4.084641520941648e-06,1.9535367749717704e-05,2.5953137774048126e-06,1.5738526711117338
53,frontal,YUE011,40.0,2.853748971708303e-06,1.3648452463179291e-05,1.7488696836722997e-06,1.631767648756975
53,frontal,YUE011,41.0,2.2942245078242563e-06,1.0972448679028695e-05,1.348786384348285e-06,1.7009546763276335
53,frontal,YUE011,42.0,2.074723126821344e-06,9.922652711015756e-06,1.1938511294751853e-06,1.7378407370887095
53,frontal,YUE011,43.0,1.91712779275419e-06,9.168931046370938e-06,1.0775018834347138e-06,1.779233820587887
53,frontal,YUE011,44.0,1.6845882932759264e-06,8.056778458352417e-06,9.353960593171426e-07,1.8009358458338052
53,frontal,YUE011,45.0,1.4468764574346686e-06,6.919888450303694e-06,7.854981655402014e-07,1.8419857880121533
53,frontal,YUE011,46.0,1.243213144122031e-06,5.945840249919357e-06,6.652258004245681e-07,1.868858879689533
53,frontal,YUE011,47.0,1.0910868028128221e-06,5.218274805887599e-06,5.876491632285776e-07,1.856697620087349
53,frontal,YUE011,48.0,9.745737323725333e-07,4.6610347966896605e-06,5.183042295128698e-07,1.8803121349954834
53,frontal,YUE011,49.0,8.1551708458351e-07,3.90032419536385e-06,4.227595280053965e-07,1.9290330094537809
53,frontal,YUE011,50.0,6.050532906781123e-07,2.8937517480968248e-06,3.0827456950136976e-07,1.9627090604871444
53,frontal,YUE011,51.0,4.134526070529124e-07,1.977394756540633e-06,2.055721806676197e-07,2.011228395350853
53,frontal,YUE011,52.0,2.9485123595605647e-07,1.410167158202042e-06,1.4654955365104892e-07,2.011955878474599
53,frontal,YUE011,53.0,2.383840736610877e-07,1.1401050791775637e-06,1.1992077645856192e-07,1.987846315717112
53,frontal,YUE011,54.0,2.067349459000705e-07,9.887387116274594e-07,1.0292771669582569e-07,2.0085449530666093
53,frontal,YUE011,55.0,1.7627120066628815e-07,8.430416013365047e-07,8.625188315205268e-08,2.0436794447205426
53,frontal,YUE011,56.0,1.3823291423763805e-07,6.611181913767814e-07,6.087413119016102e-08,2.2707989672299487
53,frontal,YUE011,57.0,1.0997052179366308e-07,5.259493578208289e-07,4.1488626427294004e-08,2.6506185252090457
53,frontal,YUE011,58.0,8.993993174414989e-08,4.3015026728745274e-07,3.0568490690327534e-08,2.9422431305255325
53,frontal,YUE011,59.0,7.398043316728551e-08,3.5382173950803886e-07,2.616708226359476e-08,2.8272327966122384
53,frontal,YUE011,60.0,6.101063928112097e-08,2.9179189137932123e-07,2.2395434799897287e-08,2.72424446438525
53,frontal,YUE011,61.0,5.080661245919632e-08,2.429897099706754e-07,1.6669162788482364e-08,3.047940265740364
53,frontal,YUE011,62.0,4.0466187865046496e-08,1.9353518719327056e-07,1.0973049879893307e-08,3.687779451289613
53,frontal,YUE011,63.0,3.146854182170891e-08,1.5050269010944552e-07,7.4196660592833974e-09,4.241234251012664
53,frontal,YUE011,64.0,2.5769579051712394e-08,1.2324660584035006e-07,4.747049463109306e-09,5.428546563918334
53,frontal,YUE011,65.0,1.8770638697608924e-08,8.97731974702979e-08,2.9929903385327986e-09,6.271533341070031
53,frontal,YUE011,66.0,1.4776339125050776e-08,7.06699026885137e-08,2.464003331988386e-09,5.996882769280453
53,frontal,YUE011,67.0,1.2893515476892153e-08,6.166503599799335e-08,1.946433244210736e-09,6.624175535041468
53,frontal,YUE011,68.0,1.1704719284623506e-08,5.5979452409723336e-08,1.9708400452081793e-09,5.938949390175974
53,frontal,YUE011,69.0,1.1907918064771098e-08,5.6951278915458433e-08,1.924114606794199e-09,6.1887779567408865
53,frontal,YUE011,70.0,1.1064105638620528e-08,5.291562830276214e-08,1.3600541229584479e-09,8.135048048347821
53,frontal,YUE011,71.0,1.0445740710207863e-08,4.995821179065549e-08,1.7024978281277738e-09,6.135538347026839
53,frontal,YUE011,72.0,1.0133168608940861e-08,4.846329212261441e-08,1.8739930151172036e-09,5.407260607269185
53,frontal,YUE011,73.0,1.0209171189261954e-08,4.882678506290987e-08,1.4303932166352207e-09,7.137317956021529
53,frontal,YUE011,74.0,9.8201333100819e-09,4.696615714748866e-08,9.474528097614725e-10,10.364773009174128
53,frontal,YUE011,75.0,8.867146087885349e-09,4.240836284633791e-08,9.250758142673576e-10,9.585318252977956
53,frontal,YUE011,76.0,8.523932408310974e-09,4.076689555652945e-08,1.0143214202650477e-09,8.403581190352487
53,frontal,YUE011,77.0,8.079482733420781e-09,3.864125299996532e-08,1.179796307589821e-09,6.848201406839602
53,frontal,YUE011,78.0,8.317695343943273e-09,3.978053803276897e-08,8.622397820283119e-10,9.646615149647733
53,frontal,YUE011,79.0,8.994415790510268e-09,4.301704794916226e-08,7.105799510150017e-10,12.657851910488786
53,frontal,YUE011,80.0,6.869853423689346e-09,3.2856032121881235e-08,5.46274764243295e-10,12.575820582167166
53,frontal,YUE011,81.0,6.051656414285461e-09,2.8942890812300822e-08,5.061130114694471e-10,11.957124747129301
53,frontal,YUE011,82.0,6.175976698752336e-09,2.9537469911435584e-08,5.49556103286331e-10,11.238118659441973
53,frontal,YUE011,83.0,6.394005451111874e-09,3.0580222827577366e-08,6.491779486428552e-10,9.84938792896296
53,frontal,YUE011,84.0,5.768328633230257e-09,2.758783618431258e-08,7.017624841756212e-10,8.219773446576392
53,frontal,YUE011,85.0,5.345238783676769e-09,2.556434997142829e-08,4.837611081006184e-10,11.049335496736546
53,frontal,YUE011,86.0,5.248130322832757e-09,2.5099915213942036e-08,4.699497021244686e-10,11.167429831549851
53,frontal,YUE011,87.0,4.975558335706108e-09,2.3796301670503625e-08,4.952152473710738e-10,10.047264017252344
53,frontal,YUE011,88.0,3.920628643204206e-09,1.8750953287429277e-08,5.039766381806949e-10,7.7793856821563825
53,frontal,YUE011,89.0,3.060893021725912e-09,1.4639147772305714e-08,3.729931853320361e-10,8.206297439458915
53,frontal,YUE011,90.0,2.341922262782539e-09,1.1200569844415852e-08,1.6281143836592593e-10,14.384261242867746
53,frontal,YUE011,91.0,2.269934380977033e-09,1.0856277759692204e-08,1.1019388506257779e-10,20.59945866948937
53,frontal,YUE011,92.0,2.1755360175566575e-09,1.0404804421105712e-08,9.28316254304877e-11,23.43528950902296
53,frontal,YUE011,93.0,1.5092067486193384e-09,7.2179917609606365e-09,1.2804046103733175e-10,11.786951846255151
53,frontal,YUE011,94.0,1.286201086111335e-09,6.151436077915296e-09,1.445140204141468e-10,8.900182019885358
53,frontal,YUE011,95.0,1.049411200751584e-09,5.0189554266267495e-09,3.9745938224355034e-11,26.402979716517006
53,frontal,YUE011,96.0,1.054488863950079e-09,5.043240059043878e-09,3.587787682885891e-11,29.3910609309491
53,frontal,YUE011,97.0,8.414914765725152e-10,4.024550347641606e-09,2.7737346808482407e-11,30.337850349665644
53,frontal,YUE011,98.0,6.556378026712668e-10,3.1356792316128e-09,3.153099017784883e-11,20.793441594227698
53,frontal,YUE011,99.0,6.405885053935858e-10,3.063703868490469e-09,3.0047641541192284e-11,21.31909436271075
53,frontal,YUE011,100.0,7.127464090050425e-10,3.4088091062136377e-09,3.357411282599016e-11,21.229046697349997
53,occipital,YUE031,0.0,0.2740588705149394,1.0,0.27405863851869233,1.0000008465204684
53,occipital,YUE031,1.0,0.21157145430348076,0.7719927251613907,0.21157101381920895,1.0000020819689042
53,occipital,YUE031,2.0,0.10642988002084888,0.3883467804595189,0.10642922455118872,1.000006158737536
53,occipital,YUE031,3.0,0.053917761629946034,0.196737881640678,0.053916922636664394,1.000015560852523
53,occipital,YUE031,4.0,0.029352448806357817,0.10710271392130608,0.02935140529326431,1.00003555240654
53,occipital,YUE031,5.0,0.01699010625536066,0.06199436720817436,0.016988857410373735,1.0000735096514592
53,occipital,YUE031,6.0,0.010177438660314259,0.037135957837057025,0.010176079122627649,1.0001336013281958
53,occipital,YUE031,7.0,0.006130844588444293,0.02237053877119475,0.006129417873985068,1.0002327650828442
53,occipital,YUE031,8.0,0.003705208125644543,0.013519752594333802,0.0037037218079525856,1.0004013038151964
53,occipital,YUE031,9.0,0.0023038560548607257,0.008406427606345765,0.0023023004219387662,1.0006756863296968
53,occipital,YUE031,10.0,0.0014507131690822948,0.005293436283804629,0.0014490656005545013,1.0011369868466706
53,occipital,YUE031,11.0,0.0009157235110653179,0.0033413387034133615,0.0009139547116805927,1.0019353249806795
53,occipital,YUE031,12.0,0.000568833122278797,0.0020755873408147504,0.0005668837573015253,1.0034387384576886
53,occipital,YUE031,13.0,0.000341480721283313,0.0012460122915988533,0.0003392231465569312,1.0066551317305317
53,occipital,YUE031,14.0,0.00020252952140334477,0.0007390000587202471,0.00019984684565695573,1.0134236581897018
53,occipital,YUE031,15.0,0.00014060497786128268,0.0005130466224176389,0.00013745923469442482,1.022884916927196
53,occipital,YUE031,16.0,0.0001103756492592573,0.0004027443047249972,0.00010711269357404763,1.030462829159963
53,occipital,YUE031,17.0,8.188739879748147e-05,0.00029879492184879913,7.877962484050606e-05,1.0394489560373927
53,occipital,YUE031,18.0,6.034405358456286e-05,0.00022018646384691065,5.735473768655677e-05,1.052119772813585
53,occipital,YUE031,19.0,4.497106777743655e-05,0.0001640927282993568,4.2159097088233985e-05,1.066699025439692
53,occipital,YUE031,20.0,3.355184398580632e-05,0.00012242568147042464,3.082954467401106e-05,1.0883016385931295
53,occipital,YUE031,21.0,2.5715673766474115e-05,9.383266346444463e-05,2.302944417883591e-05,1.1166432661934087
53,occipital,YUE031,22.0,2.0041768779054963e-05,7.312942924050493e-05,1.7469034341024926e-05,1.147273992815283
53,occipital,YUE031,23.0,1.5915003936081356e-05,5.807147897157302e-05,1.3500731046774775e-05,1.1788253451566486
53,occipital,YUE031,24.0,1.3018900532225963e-05,4.7504028998456676e-05,1.0742531513250123e-05,1.2119024753307082
53,occipital,YUE031,25.0,1.0582946324130138e-05,3.861559490574214e-05,8.531598158441207e-06,1.2404412546855967
53,occipital,YUE031,26.0,8.568762575542594e-06,3.126613840100278e-05,6.725562661618472e-06,1.274058841863584
53,occipital,YUE031,27.0,6.918895674135164e-06,2.5246019810032035e-05,5.2400827814395975e-06,1.3203790784836322
53,occipital,YUE031,28.0,5.489373106988421e-06,2.0029904876548e-05,4.020167299094663e-06,1.3654588723769336
53,occipital,YUE031,29.0,4.394789344990592e-06,1.60359317570457e-05,3.098755436282772e-06,1.4182433674928943
53,occipital,YUE031,30.0,3.6034579637452628e-06,1.3148481408299582e-05,2.468283115145838e-06,1.4599046363983872
53,occipital,YUE031,31.0,2.9756114549798386e-06,1.0857563009687853e-05,1.9545202599900617e-06,1.522425485113656
53,occipital,YUE031,32.0,2.465924831131125e-06,8.997792432325972e-06,1.5508957306952224e-06,1.5900003993342098
53,occipital,YUE031,33.0,2.085511796062983e-06,7.609721926330783e-06,1.27520562120707e-06,1.6354317777307965
53,occipital,YUE031,34.0,1.7158746530871428e-06,6.2609710456119235e-06,1.0242641152775624e-06,1.675226757916988
53,occipital,YUE031,35.0,1.380430678831949e-06,5.036985944801592e-06,8.054495119726443e-07,1.7138636976153918
53,occipital,YUE031,36.0,1.1286832620847403e-06,4.118397116517394e-06,6.391178168842165e-07,1.7660018736251475
53,occipital,YUE031,37.0,9.223801220713377e-07,3.3656276855342923e-06,5.109750355768465e-07,1.8051373508493433
53,occipital,YUE031,38.0,7.432718693095279e-07,2.7120883477078002e-06,4.0299135673314194e-07,1.8443866273829723
53,occipital,YUE031,39.0,6.142339041094647e-07,2.241248031692453e-06,3.293438646718698e-07,1.8650230655471145
53,occipital,YUE031,40.0,4.969919590871936e-07,1.81344963639884e-06,2.562150036388793e-07,1.939745729284753
53,occipital,YUE031,41.0,4.149593370788679e-07,1.5141248166833113e-06,2.114682314679084e-07,1.9622774267246876
53,occipital,YUE031,42.0,3.314060794968008e-07,1.2092514242436657e-06,1.7279105256950637e-07,1.9179585665379895
53,occipital,YUE031,43.0,2.59172579021091e-07,9.456821395130252e-07,1.3518013108993774e-07,1.9172387016599273
53,occipital,YUE031,44.0,2.1132712284378192e-07,7.711011960558384e-07,1.0598745984913635e-07,1.9938879858483933
53,occipital,YUE031,45.0,1.8120483121649462e-07,6.611894403418584e-07,8.601236032599143e-08,2.1067301319219545
53,occipital,YUE031,46.0,1.4443641567148503e-07,5.270269683301915e-07,6.650899500936174e-08,2.1716824265823638
53,occipital,YUE031,47.0,1.0933563763139137e-07,3.9894945719493256e-07,4.593039133013033e-08,2.380463881649256
53,occipital,YUE031,48.0,8.046176455778016e-08,2.935929948430334e-07,2.9751944008746766e-08,2.704420408095862
53,occipital,YUE031,49.0,6.173715967139802e-08,2.252697004676323e-07,2.0885929163442624e-08,2.955921146158953
53,occipital,YUE031,50.0,4.8318401559942864e-08,1.7630665071762e-07,1.4380088172974878e-08,3.360090771261732
53,occipital,YUE031,51.0,3.699873445202376e-08,1.3500287139951158e-07,1.0141732879870068e-08,3.648166924753176
53,occipital,YUE031,52.0,3.274780475614479e-08,1.1949186207552312e-07,9.146722498846842e-09,3.580277499429267
53,occipital,YUE031,53.0,3.182389274490862e-08,1.1612064475458695e-07,9.508948472351319e-09,3.3467310121031066
53,occipital,YUE031,54.0,2.7735110927158726e-08,1.0120128888747953e-07,8.445710190460806e-09,3.2839287995561057
53,occipital,YUE031,55.0,2.3920144718318547e-08,8.728104539500618e-08,6.1659938365583615e-09,3.8793656549728115
53,occipital,YUE031,56.0,2.4469616306695546e-08,8.92859853823329e-08,5.069424829244702e-09,4.826901893393159
53,occipital,YUE031,57.0,2.3926863451733116e-08,8.730556105254336e-08,4.509421817748584e-09,5.305971456819505
53,occipital,YUE031,58.0,2.4814744288063185e-08,9.054530598275415e-08,4.275091823914763e-09,5.804493870576087
53,occipital,YUE031,59.0,2.1498107662780163e-08,7.844339291914387e-08,3.454797542483932e-09,6.222682341994328
53,occipital,YUE031,60.0,1.1386381355646739e-08,4.154720967160247e-08,2.4978361502063445e-09,4.558498104331671
53,occipital,YUE031,61.0,1.0614135464181673e-08,3.872939943245909e-08,2.4049805101939334e-09,4.413397704967584
53,occipital,YUE031,62.0,1.2103292459378763e-08,4.416311151190778e-08,2.083469933315104e-09,5.809199482960938
53,occipital,YUE031,63.0,1.0617789431943978e-08,3.874273221659937e-08,1.8660563891775826e-09,5.689961725445769
53,occipital,YUE031,64.0,9.260718318394812e-09,3.379098184632559e-08,1.9702577913835374e-09,4.700257173906076
53,occipital,YUE031,65.0,8.426848670221979e-09,3.0748315697238555e-08,1.8220719710764736e-09,4.624871467203037
53,occipital,YUE031,66.0,8.62814112387351e-09,3.1482801879982116e-08,1.6789673405027912e-09,5.138957093286691
53,occipital,YUE031,67.0,8.790355472642097e-09,3.2074697878326553e-08,1.8261298492148362e-09,4.813653024959645
53,occipital,YUE031,68.0,8.142288676337286e-09,2.970999866210657e-08,1.6188510590046356e-09,5.029671278927688
53,occipital,YUE031,69.0,9.044231151745233e-09,3.300105241896273e-08,1.4544656644063299e-09,6.218250023411053
53,occipital,YUE031,70.0,9.709970045428385e-09,3.543023448642243e-08,1.375677926063589e-09,7.0583163845718015
53,occipital,YUE031,71.0,8.627540042668898e-09,3.148060862419192e-08,1.4902543678604303e-09,5.789306999351744
53,occipital,YUE031,72.0,7.293129778912157e-09,2.6611544319688777e-08,1.5058427885894478e-09,4.843221240740392
53,occipital,YUE031,73.0,4.975846529543128e-09,1.8156122880437422e-08,9.686590890193994e-10,5.1368397674152995
53,occipital,YUE031,74.0,4.733381671115812e-09,1.7271404724912153e-08,7.635262609860331e-10,6.199369835692393
53,occipital,YUE031,75.0,3.857191075615723e-09,1.4074315742337781e-08,6.007583642754828e-10,6.4205366166936555
53,occipital,YUE031,76.0,3.748089955281701e-09,1.3676222003831788e-08,5.584726569642189e-10,6.711322225972182
53,occipital,YUE031,77.0,3.819027784191268e-09,1.3935063575995752e-08,4.820331521213827e-10,7.9227492287285335
53,occipital,YUE031,78.0,4.0930441872618874e-09,1.4934908618616558e-08,3.9687987398116964e-10,10.313055550546979
53,occipital,YUE031,79.0,2.502668150928558e-09,9.131863333692509e-09,4.352215324268585e-10,5.750331645985705
53,occipital,YUE031,80.0,2.3370349474130146e-09,8.527492443582916e-09,3.2510206539125373e-10,7.188619194407272
53,occipital,YUE031,81.0,2.137907971017907e-09,7.800907764820429e-09,2.908838973688107e-10,7.349695154514727
53,occipital,YUE031,82.0,2.0923243331940034e-09,7.6345798596581e-09,3.4154760844988253e-10,6.126010785699949
53,occipital,YUE031,83.0,1.6159717993390681e-09,5.896440411882158e-09,2.808237313767152e-10,5.754399001170234
53,occipital,YUE031,84.0,1.3200244635651075e-09,4.8165726622344484e-09,1.9891232695740852e-10,6.636212464840118
53,occipital,YUE031,85.0,1.2275059352424007e-09,4.478986332155548e-09,2.3445074537607985e-10,5.235666592884455
53,occipital,YUE031,86.0,1.1791848064481164e-09,4.3026697301660125e-09,2.2674695689086764e-10,5.200443801394226
53,occipital,YUE031,87.0,1.181301263601278e-09,4.310392367091374e-09,1.6043992805872525e-10,7.362888265375502
53,occipital,YUE031,88.0,1.1320539515052314e-09,4.1306962601800595e-09,1.9001444919562824e-10,5.9577256166436685
53,occipital,YUE031,89.0,1.0174503047982691e-09,3.712524622489117e-09,2.507647574217019e-10,4.05738954412665
53,occipital,YUE031,90.0,1.0752970587857575e-09,3.9235988120557525e-09,1.7131493001587625e-10,6.276727070349949
53,occipital,YUE031,91.0,1.4027069732753095e-09,5.11826882537942e-09,8.974850020418969e-11,15.62930823449936
53,occipital,YUE031,92.0,1.5448810010441584e-09,5.63704067721444e-09,8.20414358367452e-11,18.83049687377885
53,occipital,YUE031,93.0,1.3479937259794507e-09,4.918628335023987e-09,1.4516736354381874e-10,9.28579050464438
53,occipital,YUE031,94.0,1.2290915450798938e-09,4.484771986290785e-09,2.2099166575412152e-10,5.561709944516182
53,occipital,YUE031,95.0,9.897300213510694e-10,3.6113774368675933e-09,1.4389733657395178e-10,6.878028773259656
53,occipital,YUE031,96.0,8.60841108236483e-10,3.1410809897122348e-09,6.447020443805787e-11,13.352541933748137
53,occipital,YUE031,97.0,8.408394079857309e-10,3.068097764563674e-09,3.975092743476034e-11,21.152699125466338
53,occipital,YUE031,98.0,7.998982767183977e-10,2.9187096743682814e-09,5.86001167553662e-11,13.650114044271907
53,occipital,YUE031,99.0,8.133917221081561e-10,2.9679452468728495e-09,7.476703345690564e-11,10.879015583478784
53,occipital,YUE031,100.0,7.214685722017498e-10,2.6325313639589762e-09,4.395467317060495e-11,16.41392189179643
53,temporal,YUE041,0.0,0.00029254793780415594,1.0,0.3078238135908301,0.0009503746132942807
53,temporal,YUE041,1.0,0.00048354839360137495,1.6528860098309182,0.5106142076639484,0.0009469936134632855
53,temporal,YUE041,2.0,0.000641503119155325,2.1928136768640445,0.3460961553212279,0.0018535401485749422
53,temporal,YUE041,3.0,0.0007564153951751075,2.585611783329282,0.14594780202703395,0.005182780313711038
53,temporal,YUE041,4.0,0.0008223469170070454,2.8109817597058555,0.06973346604085749,0.011792715373207243
53,temporal,YUE041,5.0,0.0008403355346147818,2.8724712295778967,0.037774257728318904,0.02224624877234298
53,temporal,YUE041,6.0,0.000818630410914593,2.798277838015796,0.022239170978663594,0.03681029349969891
53,temporal,YUE041,7.0,0.0007661152101424439,2.618768109913371,0.013805208223313005,0.05549465084117289
53,temporal,YUE041,8.0,0.0006882092502014118,2.3524665918586254,0.008870985904620609,0.07757979300169397
53,temporal,YUE041,9.0,0.0005929020471493832,2.026683392813034,0.00578304452603673,0.10252420580197648
53,temporal,YUE041,10.0,0.0004862926442699128,1.6622665260264382,0.0037483150311930892,0.12973633225143452
53,temporal,YUE041,11.0,0.0003768764416076269,1.2882553349595787,0.00236770798925978,0.15917353124506298
53,temporal,YUE041,12.0,0.0002811378385219171,0.96099750568101,0.0014580671374518814,0.19281542756202136
53,temporal,YUE041,13.0,0.0002061847267217737,0.7047895407138455,0.0008696116256340608,0.23709978183817176
53,temporal,YUE041,14.0,0.00015339893918864925,0.5243548812548494,0.00047774571339890165,0.3210890959068978
53,temporal,YUE041,15.0,0.00012882206988704681,0.44034516480948777,0.0002786842483459555,0.46225099068795783
53,temporal,YUE041,16.0,0.00012061470928686097,0.41229041022195,0.00022202425584860166,0.5432501454665752
53,temporal,YUE041,17.0,0.00011118067135878983,0.38004257419588755,0.00020334829831491368,0.5467499471601714
53,temporal,YUE041,18.0,9.744518925553456e-05,0.33309135585419347,0.0001806481135981855,0.5394199104247571
53,temporal,YUE041,19.0,8.307332731031224e-05,0.2839648364430621,0.00015511529239689806,0.5355585901727219
53,temporal,YUE041,20.0,6.875462496898086e-05,0.23502002948661405,0.00012758494437801687,0.5388929336777406
53,temporal,YUE041,21.0,5.297932661389062e-05,0.18109622310637252,9.472086122110532e-05,0.5593205755406073
53,temporal,YUE041,22.0,3.940174639783065e-05,0.13468475181735126,6.602725074484715e-05,0.5967497654883899
53,temporal,YUE041,23.0,2.9518129446892374e-05,0.10090014535208609,4.692752696345256e-05,0.6290152359803931
53,temporal,YUE041,24.0,2.2090893756126047e-05,0.07551204743379403,3.317031397717272e-05,0.6659838604882862
53,temporal,YUE041,25.0,1.6545803340999427e-05,0.056557579811332984,2.3597444648513763e-05,0.7011692828376453
53,temporal,YUE041,26.0,1.2372380050030203e-05,0.04229180401303256,1.66923294678258e-05,0.7412015245611926
53,temporal,YUE041,27.0,9.245327043672702e-06,0.03160277632810359,1.1833018217934356e-05,0.7813160491598248
53,temporal,YUE041,28.0,6.921002616980737e-06,0.0236576701546054,8.431300778359487e-06,0.8208700886042147
53,temporal,YUE041,29.0,5.1939025712835405e-06,0.017754022162209053,6.073915063810113e-06,0.8551161016771696
53,temporal,YUE041,30.0,4.006713743594348e-06,0.013695922021082963,4.466762694210955e-06,0.8970061805134975
53,temporal,YUE041,31.0,3.130838883647242e-06,0.010701968734242655,3.316836971104381e-06,0.9439230540790768
53,temporal,YUE041,32.0,2.496442205872302e-06,0.008533446602325828,2.480981568737292e-06,1.0062316614237803
53,temporal,YUE041,33.0,2.0032415442233635e-06,0.006847566792846166,1.8947265153845068e-06,1.0572721329214285
53,temporal,YUE041,34.0,1.6222971213859103e-06,0.005545406108697116,1.489325504451292e-06,1.0892831127494917
53,temporal,YUE041,35.0,1.3188480678544635e-06,0.004508143443955352,1.154724451439572e-06,1.1421322777137712
53,temporal,YUE041,36.0,1.0417005000047845e-06,0.0035607856538785215,8.783350643631366e-07,1.185994436827022
53,temporal,YUE041,37.0,7.985993927492068e-07,0.002729806946319421,6.484412888033468e-07,1.231567771113043
53,temporal,YUE041,38.0,5.954962755839643e-07,0.0020355510965270073,4.788597849203753e-07,1.2435712798120713
53,temporal,YUE041,39.0,4.4473722867404595e-07,0.0015202200091110265,3.5753939109773725e-07,1.2438831629393032
53,temporal,YUE041,40.0,3.327361409445324e-07,0.0011373730522321445,2.5333527171513516e-07,1.3134220856489347
53,temporal,YUE041,41.0,2.5360291691085755e-07,0.0008668764470342299,1.8900000780272803e-07,1.3418143197938908
53,temporal,YUE041,42.0,1.932118261973291e-07,0.0006604450116707825,1.4289928343810596e-07,1.3520839401620586
53,temporal,YUE041,43.0,1.525910152792927e-07,0.0005215932008430141,1.0485013690902234e-07,1.4553249025482413
53,temporal,YUE041,44.0,1.2078854817192605e-07,0.0004128846338092701,7.830628420879688e-08,1.5425141084443992
53,temporal,YUE041,45.0,9.521583626593622e-08,0.0003254708851500357,5.7993908419158847e-08,1.6418247857645814
53,temporal,YUE041,46.0,7.381470790204492e-08,0.0002523166235800289,4.336930342593817e-08,1.702003538703323
53,temporal,YUE041,47.0,5.584143553485497e-08,0.0001908796074721867,2.995003459542592e-08,1.864486511924874
53,temporal,YUE041,48.0,4.265016162813484e-08,0.0001457886250994074,2.1950454476693143e-08,1.943019524876832
53,temporal,YUE041,49.0,3.27864339592773e-08,0.00011207200503743062,1.6871495930496813e-08,1.9433033143203826
53,temporal,YUE041,50.0,2.5850967272560797e-08,8.836489317476077e-05,1.301314953188173e-08,1.9865265675482244
53,temporal,YUE041,51.0,2.0855123459943235e-08,7.128788401818968e-05,1.0422860983415744e-08,2.000902006956315
53,temporal,YUE041,52.0,1.732442003381035e-08,5.921908102940742e-05,8.898663366297149e-09,1.9468564345770134
53,temporal,YUE041,53.0,1.4478778638956975e-08,4.94919866727951e-05,6.417078391563251e-09,2.256288260089313
53,temporal,YUE041,54.0,1.231305908388304e-08,4.208903052369464e-05,5.180004490034701e-09,2.377036372762016
53,temporal,YUE041,55.0,1.0750332215790617e-08,3.674725002842901e-05,4.340252584262229e-09,2.4768909198444713
53,temporal,YUE041,56.0,8.795806831863787e-09,3.0066206919400935e-05,3.4950187304117036e-09,2.516669440231488
53,temporal,YUE041,57.0,7.029410805557236e-09,2.402823570837482e-05,2.810130992810817e-09,2.5014530723089563
53,temporal,YUE041,58.0,5.759938519578918e-09,1.9688870695218732e-05,2.2895504244997157e-09,2.515750890630639
53,temporal,YUE041,59.0,5.0576831336902834e-09,1.7288390995516476e-05,1.8225208353641389e-09,2.77510305262423
53,temporal,YUE041,60.0,4.364752115293723e-09,1.4919784251617846e-05,1.578765604034823e-09,2.764661267092977
53,temporal,YUE041,61.0,3.6897330137794534e-09,1.2612404795857826e-05,1.2502899652306258e-09,2.951101837483638
53,temporal,YUE041,62.0,3.180369713969461e-09,1.0871277158338872e-05,9.951835481685177e-10,3.1957619474542587
53,temporal,YUE041,63.0,2.468056997373839e-09,8.436419056305437e-06,6.721257844072164e-10,3.672016540104246
53,temporal,YUE041,64.0,2.1053622576387228e-09,7.1966402273809295e-06,5.318702803541203e-10,3.9584130480781297
53,temporal,YUE041,65.0,1.9284251594754394e-09,6.591826194195938e-06,4.709981629343012e-10,4.094336902423189
53,temporal,YUE041,66.0,1.5291302322790756e-09,5.226939023247331e-06,4.373676869778435e-10,3.496212175264195
53,temporal,YUE041,67.0,1.2226215823621888e-09,4.179217913956597e-06,2.859211726656646e-10,4.276079210796444
53,temporal,YUE041,68.0,1.0852522118815065e-09,3.7096559969874772e-06,2.1204829100552193e-10,5.1179484009764815
53,temporal,YUE041,69.0,9.79720872854271e-10,3.348924214636365e-06,1.6078098653203867e-10,6.093512012746874
53,temporal,YUE041,70.0,9.473603809233525e-10,3.2383081830423153e-06,1.3247424164414022e-10,7.151279895364152
53,temporal,YUE041,71.0,7.472100946196844e-10,2.5541458272725842e-06,1.0478407941682428e-10,7.130950606029863
53,temporal,YUE041,72.0,6.023214467423351e-10,2.0588811914495695e-06,6.441605661977715e-11,9.350486172998815
53,temporal,YUE041,73.0,5.154000316743377e-10,1.7617626551836043e-06,5.4804022635866464e-11,9.404419728434942
53,temporal,YUE041,74.0,4.343691940608003e-10,1.4847795452640845e-06,5.281300185782984e-11,8.22466398009532
53,temporal,YUE041,75.0,4.3368630018896655e-10,1.4824452479282034e-06,3.719429810073783e-11,11.660021087489305
53,temporal,YUE041,76.0,4.338456749412847e-10,1.4829900295920713e-06,2.0358814710100782e-11,21.309967260816876
53,temporal,YUE041,77.0,4.120193212313668e-10,1.4083822443731944e-06,1.8677315701426484e-11,22.059878829370472
53,temporal,YUE041,78.0,4.683452975184704e-10,1.6009181299784128e-06,1.0382121737187652e-11,45.11074993860913
53,temporal,YUE041,79.0,5.305169514499532e-10,1.8134359634594446e-06,6.250002280583859e-12,84.88268125886087
53,temporal,YUE041,80.0,6.223094553923557e-10,2.127205066162374e-06,5.732651123302954e-12,108.55526387480609
53,temporal,YUE041,81.0,5.179404837643206e-10,1.7704465382731635e-06,7.694929981144945e-12,67.30931730807707
53,temporal,YUE041,82.0,5.782572440949134e-10,1.9766238943103524e-06,9.289858702047902e-12,62.24607527856581
53,temporal,YUE041,83.0,6.712816217866666e-10,2.2946038410841615e-06,1.1617318131347719e-11,57.78283887873453
53,temporal,YUE041,84.0,8.120791498996511e-10,2.7758840345792882e-06,8.510536059606429e-12,95.42044639867325
53,temporal,YUE041,85.0,8.714656894065521e-10,2.978881669608447e-06,5.357835751239919e-12,162.652557836413
53,temporal,YUE041,86.0,9.397360643926923e-10,3.2122464148825816e-06,9.680738517530438e-12,97.07276595592002
53,temporal,YUE041,87.0,1.0341025876601647e-09,3.5348141416482555e-06,1.4029682797403207e-11,73.70819444695995
53,temporal,YUE041,88.0,1.0564588194159534e-09,3.6112331788959386e-06,1.983570087757006e-11,53.26047342297759
53,temporal,YUE041,89.0,8.423115437784265e-10,2.8792257094709235e-06,1.143241835613777e-11,73.67745979364123
53,temporal,YUE041,90.0,6.795212962460987e-10,2.322769052301436e-06,2.1319823141612962e-12,318.7274546005869
53,temporal,YUE041,91.0,6.134521391093758e-10,2.096928604979765e-06,4.665861828932856e-12,131.47670496913972
53,temporal,YUE041,92.0,4.927086710098762e-10,1.6841980658216651e-06,4.985753053762413e-12,98.82332030826558
53,temporal,YUE041,93.0,3.838594403519288e-10,1.3121249229550223e-06,6.559828472189161e-13,585.1668865723044
53,temporal,YUE041,94.0,3.1502947778790957e-10,1.0768473712462255e-06,2.5078385374136974e-13,1256.179267875816
53,temporal,YUE041,95.0,3.0879952323261283e-10,1.055551871431534e-06,3.34813527655428e-13,922.3030066766377
53,temporal,YUE041,96.0,3.0889167933239405e-10,1.0558668833932418e-06,6.948146426820101e-13,444.5670260201495
53,temporal,YUE041,97.0,3.4568053811681546e-10,1.1816201498854139e-06,3.9522761592155557e-13,874.6365997497144
53,temporal,YUE041,98.0,3.7518915963570827e-10,1.2824877948272393e-06,6.266793332651177e-13,598.6940046050375
53,temporal,YUE041,99.0,3.8251839797656686e-10,1.3075409139702805e-06,5.980129155197513e-13,639.6490578202787
53,temporal,YUE041,100.0,4.167314913647434e-10,1.4244895879037824e-06,4.0919357234751434e-13,1018.4214013284338
53,parietal,YUE206,0.0,4.4288748852770064e-05,1.0,0.25334899663278304,0.00017481320013658643
53,parietal,YUE206,1.0,7.564652455375118e-05,1.7080302901584412,0.3335895939035509,0.00022676524069159808
53,parietal,YUE206,2.0,0.00010661804805855918,2.4073393541323918,0.1528147630420954,0.0006976946856187543
53,parietal,YUE206,3.0,0.00013324883495514597,3.008638500900254,0.0788958346987117,0.0016889210370103582
53,parietal,YUE206,4.0,0.00015463519310892552,3.491523177206524,0.04424090593793944,0.0034952989734397784
53,parietal,YUE206,5.0,0.00017040230092797096,3.847530249600019,0.025480109494921514,0.006687659680659306
53,parietal,YUE206,6.0,0.00017660557412055894,3.9875945628460228,0.015364174518364932,0.011494634736767716
53,parietal,YUE206,7.0,0.0001739527642433964,3.9276965086927813,0.009702458698415385,0.017928730196172495
53,parietal,YUE206,8.0,0.00016475557956736948,3.720032374702424,0.006195763787000294,0.026591649590168867
53,parietal,YUE206,9.0,0.0001451533095144672,3.2774307984405504,0.003870530284869666,0.03750217640251716
53,parietal,YUE206,10.0,0.000123782776955589,2.794903449792236,0.0024223631100932313,0.05110000909435286
53,parietal,YUE206,11.0,0.00010517464557898169,2.3747486281135597,0.0015678427293147812,0.06708239519977097
53,parietal,YUE206,12.0,8.724117603572074e-05,1.9698270620770582,0.0010127078067712087,0.0861464436754661
53,parietal,YUE206,13.0,7.035753472753884e-05,1.5886096706283064,0.0006450601196134863,0.10907128279716996
53,parietal,YUE206,14.0,5.6793562219852254e-05,1.2823474063052036,0.00040955518076099366,0.1386713314536133
53,parietal,YUE206,15.0,4.415362590436492e-05,0.9969490457078763,0.00024689451527274054,0.17883599340223938
53,parietal,YUE206,16.0,3.4090926693390854e-05,0.7697423742251102,0.00013211201777760394,0.2580456136154031
53,parietal,YUE206,17.0,3.0151863360205898e-05,0.6808018772542055,7.43682267235558e-05,0.40544012797679674
53,parietal,YUE206,18.0,3.0295414017489875e-05,0.6840431216108972,6.106720228117178e-05,0.4960995900549147
53,parietal,YUE206,19.0,2.9958939209024925e-05,0.6764458239409291,5.394210191941741e-05,0.5553906529964246
53,parietal,YUE206,20.0,2.7563250137735706e-05,0.6223533256576009,4.6169101478051044e-05,0.597006423242596
53,parietal,YUE206,21.0,2.398684629115317e-05,0.5416013527700478,3.6337602031031684e-05,0.6601108755241697
53,parietal,YUE206,22.0,2.0613007794470663e-05,0.4654231227663459,2.7787260904110962e-05,0.7418150304775485
53,parietal,YUE206,23.0,1.769331950978723e-05,0.39949919489948726,2.071482379142545e-05,0.8541380649885653
53,parietal,YUE206,24.0,1.533115589527607e-05,0.34616367118975805,1.5559159270537783e-05,0.9853460350075952
53,parietal,YUE206,25.0,1.3392999243839211e-05,0.3024018422457996,1.1949096393315796e-05,1.1208378276478814
53,parietal,YUE206,26.0,1.1723594105407432e-05,0.26470818004772273,9.262387248114525e-06,1.265720574120232
53,parietal,YUE206,27.0,1.0304540563663046e-05,0.23266723108206616,7.371162607969469e-06,1.3979532282359501
53,parietal,YUE206,28.0,8.995740574120033e-06,0.20311570787480915,5.954956460174169e-06,1.5106307887021777
53,parietal,YUE206,29.0,7.802650819112062e-06,0.17617681739103905,4.83270243013306e-06,1.6145522990326615
53,parietal,YUE206,30.0,6.633623233039711e-06,0.14978122897740895,3.9834220368179015e-06,1.6653076605307138
53,parietal,YUE206,31.0,5.681872288730935e-06,0.1282915511481097,3.291453481320271e-06,1.7262502177159182
53,parietal,YUE206,32.0,4.82037205046682e-06,0.10883965285384951,2.6780745788017948e-06,1.7999394373189999
53,parietal,YUE206,33.0,4.035342420045181e-06,0.09111439190707209,2.191019627863199e-06,1.8417646143958397
53,parietal,YUE206,34.0,3.2530012869677663e-06,0.07344983480526354,1.702248083122257e-06,1.9110030548550383
53,parietal,YUE206,35.0,2.6165362189680555e-06,0.0590790276705774,1.3438162620592754e-06,1.9470937306253857
53,parietal,YUE206,36.0,2.0939810006379313e-06,0.047280202193089545,1.0439215807768715e-06,2.005879597852188
53,parietal,YUE206,37.0,1.6432559538166888e-06,0.03710323719641293,8.019257946996626e-07,2.0491371703938284
53,parietal,YUE206,38.0,1.3137475546324898e-06,0.02966323476420176,6.414217649689094e-07,2.0481805052190096
53,parietal,YUE206,39.0,1.0802139184963102e-06,0.024390255910982855,5.137155079577468e-07,2.102747341209637
53,parietal,YUE206,40.0,8.86384338402968e-07,0.02001375882957526,4.0042362328212745e-07,2.213616497292534
53,parietal,YUE206,41.0,7.116281451349167e-07,0.016067921618210433,3.231636677617449e-07,2.2020672994080837
53,parietal,YUE206,42.0,5.861871699737691e-07,0.013235577548655583,2.5032867885720657e-07,2.3416700501509227
53,parietal,YUE206,43.0,4.782793270496944e-07,0.010799115789873574,1.9730723878399921e-07,2.424033350207123
53,parietal,YUE206,44.0,3.9142737376941503e-07,0.008838077026529797,1.604698580341751e-07,2.4392579302092554
53,parietal,YUE206,45.0,3.370405594052247e-07,0.007610071815883874,1.241858469551033e-07,2.714001375108988
53,parietal,YUE206,46.0,2.7495065423247534e-07,0.00620813776308062,1.0305727683307091e-07,2.667940223938113
53,parietal,YUE206,47.0,2.356469794116186e-07,0.005320696238111949,8.921294398401953e-08,2.641398981899189
53,parietal,YUE206,48.0,1.998392235455876e-07,0.004512189409773506,6.563950510755499e-08,3.0444961950602285
53,parietal,YUE206,49.0,1.625023733980002e-07,0.0036691570118227985,5.207436395001299e-08,3.1205829715748195
53,parietal,YUE206,50.0,1.3613908142536576e-07,0.0030738976591534683,4.062650663501511e-08,3.3509915742553757
53,parietal,YUE206,51.0,1.0335356730797343e-07,0.002333630323393277,2.964243826684002e-08,3.4866756363828384
53,parietal,YUE206,52.0,8.752078656455893e-08,0.0019761404156054614,2.279908985901118e-08,3.838784228045268
53,parietal,YUE206,53.0,7.349016722440398e-08,0.001659341686727452,1.7096462088251252e-08,4.298559950301453
53,parietal,YUE206,54.0,6.525501157137172e-08,0.001473399300312145,1.2631122058174076e-08,5.166208613204141
53,parietal,YUE206,55.0,5.904853693207627e-08,0.001333262701287238,1.118803771660904e-08,5.27782783967707
53,parietal,YUE206,56.0,5.3308300661407205e-08,0.0012036533440721257,9.695389612124033e-09,5.498314435424592
53,parietal,YUE206,57.0,4.419280831725918e-08,0.0009978337492479224,7.238587721724587e-09,6.105169960795927
53,parietal,YUE206,58.0,3.903435368279751e-08,0.0008813604966028766,7.449723983198611e-09,5.239704688500114
53,parietal,YUE206,59.0,3.23618303158669e-08,0.0007307009376906977,5.977730895330915e-09,5.413731545048988
53,parietal,YUE206,60.0,2.779619222839224e-08,0.0006276129479474721,4.6283598935780906e-09,6.005624641886604
53,parietal,YUE206,61.0,2.337208749945281e-08,0.0005277206537748241,3.781395178013547e-09,6.180810626550462
53,parietal,YUE206,62.0,2.097153389230582e-08,0.00047351831865970954,2.8479093627272194e-09,7.36383473672878
53,parietal,YUE206,63.0,1.769527808215182e-08,0.00039954341769681895,2.471952547075707e-09,7.158421428067112
53,parietal,YUE206,64.0,1.4859870422128941e-08,0.0003355224703124465,1.8028468425789252e-09,8.242447484264545
53,parietal,YUE206,65.0,1.1820937827597358e-08,0.0002669061134893182,1.25738175072998e-09,9.401232219836693
53,parietal,YUE206,66.0,1.0550599891311604e-08,0.00023822302875127867,1.2253332187359438e-09,8.610392446713902
53,parietal,YUE206,67.0,9.39526890576233e-09,0.00021213669722292678,9.52867001666761e-10,9.860000282650217
53,parietal,YUE206,68.0,8.007321080030308e-09,0.00018079808726702122,6.266095829951105e-10,12.778804054921052
53,parietal,YUE206,69.0,7.852751698189424e-09,0.00017730805004888435,6.444785028353805e-10,12.184660409371725
53,parietal,YUE206,70.0,7.821312970400397e-09,0.0001765981919335978,7.082248761020454e-10,11.043544549645915
53,parietal,YUE206,71.0,7.3679370519822366e-09,0.00016636137264738752,8.264806451119007e-10,8.914833148917433
53,parietal,YUE206,72.0,6.658804540369641e-09,0.00015034980018301334,5.92223931041398e-10,11.24372756882763
53,parietal,YUE206,73.0,5.519534094178215e-09,0.0001246261011465216,3.4983538950920613e-10,15.77751782608879
53,parietal,YUE206,74.0,4.456947381304491e-09,0.00010063385163850093,3.1436740400443234e-10,14.177511168561393
53,parietal,YUE206,75.0,3.954435854016262e-09,8.928759462503827e-05,3.3827485544262184e-10,11.690008259236441
53,parietal,YUE206,76.0,2.6218986728473516e-09,5.920010704216052e-05,2.7364463841035407e-10,9.581399760208658
53,parietal,YUE206,77.0,2.0485912063478194e-09,4.625534158027337e-05,2.2686200860532082e-10,9.03012019924332
53,parietal,YUE206,78.0,2.2189849922098393e-09,5.010267956736492e-05,7.332056229873252e-11,30.26415677458871
53,parietal,YUE206,79.0,2.1370368244378775e-09,4.8252363857513114e-05,1.0657231547753882e-10,20.0524574779299
53,parietal,YUE206,80.0,1.7345881464120552e-09,3.9165435722250356e-05,9.76093598110871e-11,17.77071532657496
53,parietal,YUE206,81.0,1.338211182893256e-09,3.02156014237814e-05,6.433943277066007e-11,20.79923812296188
53,parietal,YUE206,82.0,1.4721427179984073e-09,3.3239654678263313e-05,5.7730808250115505e-11,25.500123116593677
53,parietal,YUE206,83.0,1.4166558866988773e-09,3.198681207744869e-05,4.583204142996488e-11,30.90972696172925
53,parietal,YUE206,84.0,1.4966394022719387e-09,3.3792767712794186e-05,6.113511240539256e-11,24.480848131063947
53,parietal,YUE206,85.0,1.9912840830867652e-09,4.496139842889735e-05,2.0655565416231738e-11,96.40423987241506
53,parietal,YUE206,86.0,1.6895451462854015e-09,3.814840540883168e-05,1.084753116766951e-11,155.75388723666458
53,parietal,YUE206,87.0,1.479880876230555e-09,3.341437531121395e-05,2.3183839126238748e-11,63.83243379892469
53,parietal,YUE206,88.0,1.1429458656468326e-09,2.5806686692513023e-05,3.759824953261148e-12,303.98911647614847
53,parietal,YUE206,89.0,1.3994320811285888e-09,3.159791408379468e-05,1.3518619207033045e-11,103.51886237024385
53,parietal,YUE206,90.0,1.371797562762296e-09,3.0973951585821245e-05,2.5389993386357444e-11,54.02906341438398
53,parietal,YUE206,91.0,1.175339827611534e-09,2.653811313385119e-05,2.4978327873209654e-11,47.054383847372634
53,parietal,YUE206,92.0,1.0726579488896908e-09,2.421964893285986e-05,1.551100278660655e-11,69.15464871271315
53,parietal,YUE206,93.0,1.266869341130098e-09,2.8604766988148075e-05,2.7353344415226404e-11,46.31497055346868
53,parietal,YUE206,94.0,1.07815336363368e-09,2.434373044083512e-05,8.75658004238055e-12,123.12493672364982
53,parietal,YUE206,95.0,8.81447980538729e-10,1.9902300321667325e-05,2.914030417724668e-12,302.48413852418906
53,parietal,YUE206,96.0,9.041507946320298e-10,2.041490938562558e-05,1.8658116876378632e-11,48.45884504972171
53,parietal,YUE206,97.0,7.985023042485368e-10,1.8029461769241063e-05,8.496756024773437e-11,9.39773134500268
53,parietal,YUE206,98.0,7.996846129504802e-10,1.80561572332713e-05,1.6007854798941087e-10,4.9955763779377795
53,parietal,YUE206,99.0,7.984844907950995e-10,1.8029059557530443e-05,1.248404640347605e-10,6.396039112549037
53,parietal,YUE206,100.0,1.0544496478067595e-09,2.3808521918559647e-05,4.7773356028305997e-11,22.07191906681188
53,north_pole,YUE277,0.0,0.30890648251837977,1.0,0.3089063956993015,1.0000002810530293
53,north_pole,YUE277,1.0,0.5530754361244585,1.790430008510912,0.5530752875011323,1.0000002687216905
53,north_pole,YUE277,2.0,0.36668984758943063,1.1870577936725972,0.3666896141304986,1.0000006366663332
53,north_pole,YUE277,3.0,0.14477922741432106,0.4686830338877941,0.14477890023573667,1.000002259849908
53,north_pole,YUE277,4.0,0.06595054520469736,0.2134967989892324,0.06595010942870747,1.000006607661362
53,north_pole,YUE277,5.0,0.036030514876531534,0.11663890826372586,0.036029954934641346,1.000015541010007
53,north_pole,YUE277,6.0,0.021294468196119735,0.0689349994293264,0.02129374962948044,1.0000337454253854
53,north_pole,YUE277,7.0,0.013182377069283187,0.042674329660591835,0.013181467200580298,1.0000690263601952
53,north_pole,YUE277,8.0,0.008365410347239165,0.02708072125595949,0.008364284341467807,1.0001346206950157
53,north_pole,YUE277,9.0,0.005330088865253126,0.01725470058704899,0.005328692493871779,1.0002620476567101
53,north_pole,YUE277,10.0,0.0033503144234349217,0.010845723910101433,0.0033485924707848344,1.000514231775025
53,north_pole,YUE277,11.0,0.0020951657717241247,0.00678252445414273,0.00209305425065013,1.001008822907165
53,north_pole,YUE277,12.0,0.0013255738944281175,0.00429118186067606,0.0013228929029068344,1.0020266126724182
53,north_pole,YUE277,13.0,0.0008345075573945971,0.002701489300552132,0.0008311180404432403,1.0040782617948578
53,north_pole,YUE277,14.0,0.0005174717176235557,0.0016751727364373663,0.00051322103047436,1.0082823713308606
53,north_pole,YUE277,15.0,0.00030833411284502917,0.000998147110191135,0.0003029864025541166,1.0176500009433835
53,north_pole,YUE277,16.0,0.0001762342850679273,0.0005705101545010194,0.00016936115437951542,1.0405826868244539
53,north_pole,YUE277,17.0,0.00011422988757743345,0.000369787926255762,0.00010557585959328587,1.081969761056039
53,north_pole,YUE277,18.0,9.854878699170446e-05,0.0003190246646437433,8.89405087830138e-05,1.1080303940258736
53,north_pole,YUE277,19.0,9.379547265266571e-05,0.000303637113368396,8.41060235088712e-05,1.1152051748442549
53,north_pole,YUE277,20.0,9.170310468455389e-05,0.0002968636460359734,8.231232414268561e-05,1.1140871751548367
53,north_pole,YUE277,21.0,8.9361770202738e-05,0.0002892842179102571,8.099720985723097e-05,1.103269734355674
53,north_pole,YUE277,22.0,7.989849634586992e-05,0.00025864946470042436,7.313122015654427e-05,1.0925360765872587
53,north_pole,YUE277,23.0,6.309254366786046e-05,0.00020424480300152486,5.723755051785967e-05,1.1022928671305363
53,north_pole,YUE277,24.0,4.891057687647565e-05,0.00015833457581637347,4.358997661888392e-05,1.1220601769097245
53,north_pole,YUE277,25.0,3.84508419832486e-05,0.00012447405334383292,3.3548474154284566e-05,1.1461278926254217
53,north_pole,YUE277,26.0,2.996744063581842e-05,9.70113685912544e-05,2.5447033993966532e-05,1.1776398240723722
53,north_pole,YUE277,27.0,2.352763712788018e-05,7.616427125798597e-05,1.938729706473955e-05,1.2135594275630526
53,north_pole,YUE277,28.0,1.8520168744542034e-05,5.99539659820512e-05,1.4810318126808966e-05,1.250490947322574
53,north_pole,YUE277,29.0,1.4868006070915067e-05,4.813109116293935e-05,1.1551959777829976e-05,1.2870548683392324
53,north_pole,YUE277,30.0,1.1864046084853975e-05,3.8406594734210764e-05,8.906071098976837e-06,1.3321301787290876
53,north_pole,YUE277,31.0,9.429668577609393e-06,3.052596533660744e-05,6.813065572650001e-06,1.3840566301700281
53,north_pole,YUE277,32.0,7.66368680840267e-06,2.4809083791068338e-05,5.335486374759163e-06,1.4363614242663303
53,north_pole,YUE277,33.0,6.264279128838573e-06,2.0278885304602994e-05,4.212924156563841e-06,1.4869195114938563
53,north_pole,YUE277,34.0,5.239668474630886e-06,1.6961989375924245e-05,3.3842479256229883e-06,1.5482519572399067
53,north_pole,YUE277,35.0,4.4391877986422e-06,1.4370652769897992e-05,2.7631423370010685e-06,1.6065722489925003
53,north_pole,YUE277,36.0,3.7337995662804713e-06,1.2087151864993032e-05,2.248623249866964e-06,1.66048250479549
53,north_pole,YUE277,37.0,3.1650594259836323e-06,1.0246011673760564e-05,1.8555594803164859e-06,1.7057170409022928
53,north_pole,YUE277,38.0,2.6923722252494683e-06,8.715816525764473e-06,1.522783201420429e-06,1.7680601038533026
53,north_pole,YUE277,39.0,2.305973881644929e-06,7.464957882545326e-06,1.2745324185435606e-06,1.8092704807618951
53,north_pole,YUE277,40.0,1.9738231664485345e-06,6.389711055452172e-06,1.0650576815471984e-06,1.8532547115956965
53,north_pole,YUE277,41.0,1.6777959683532922e-06,5.4314042058132085e-06,8.934386099459526e-07,1.8779085095223143
53,north_pole,YUE277,42.0,1.4441328754208432e-06,4.674984039335977e-06,7.599484435308503e-07,1.9003037478584144
53,north_pole,YUE277,43.0,1.251535509261436e-06,4.051502898411885e-06,6.438803229348593e-07,1.9437393327331927
53,north_pole,YUE277,44.0,1.0767971313157183e-06,3.4858353328718163e-06,5.459090926484673e-07,1.9724843308464748
53,north_pole,YUE277,45.0,8.759818033667484e-07,2.835750794950145e-06,4.3583809774238446e-07,2.0098789158274193
53,north_pole,YUE277,46.0,7.121557732472844e-07,2.305408962095548e-06,3.604563608415948e-07,1.9757059400603738
53,north_pole,YUE277,47.0,5.846129132373611e-07,1.892523939514856e-06,3.0387104924691283e-07,1.9238848672363298
53,north_pole,YUE277,48.0,4.661838254458089e-07,1.5091422544623072e-06,2.423207680116154e-07,1.9238294318358335
53,north_pole,YUE277,49.0,3.7657218984188854e-07,1.2190491658571222e-06,1.8701425277496063e-07,2.0136015531127893
53,north_pole,YUE277,50.0,3.0415275488792533e-07,9.846111108070658e-07,1.4658861570372545e-07,2.074872959457216
53,north_pole,YUE277,51.0,2.7083218659903174e-07,8.767449112464559e-07,1.3018484580064817e-07,2.080366458426018
53,north_pole,YUE277,52.0,2.5145268235508027e-07,8.140090823122139e-07,1.1624545028452028e-07,2.1631184854084973
53,north_pole,YUE277,53.0,2.2365398585146227e-07,7.240184279336222e-07,1.0191157519366516e-07,2.1945886463480413
53,north_pole,YUE277,54.0,1.8566104935578955e-07,6.010267179962558e-07,8.643664301920861e-08,2.1479437755875193
53,north_pole,YUE277,55.0,1.4935552586813008e-07,4.834975447925199e-07,7.194577007178902e-08,2.075945892567415
53,north_pole,YUE277,56.0,1.1985407182772605e-07,3.879946799776039e-07,5.410127153133207e-08,2.215365155665779
53,north_pole,YUE277,57.0,9.346433011168521e-08,3.025651302287712e-07,4.068259224750481e-08,2.297403507206886
53,north_pole,YUE277,58.0,8.20155608997184e-08,2.6550288045456776e-07,3.8442411827869174e-08,2.1334655397521254
53,north_pole,YUE277,59.0,5.975288167316171e-08,1.9343356340735404e-07,2.983505254444778e-08,2.0027744742243314
53,north_pole,YUE277,60.0,4.9249386485391665e-08,1.5943137898526088e-07,2.3213402188988836e-08,2.1215927800860173
53,north_pole,YUE277,61.0,3.5654700678934925e-08,1.1542231288983549e-07,1.3858444739008546e-08,2.572777923526628
53,north_pole,YUE277,62.0,2.8173838213199565e-08,9.12050727570058e-08,1.1745806336069086e-08,2.398629553995215
53,north_pole,YUE277,63.0,2.2793704362017452e-08,7.378836525601641e-08,9.724464144984772e-09,2.3439547950591106
53,north_pole,YUE277,64.0,1.7892148181196593e-08,5.792092168260671e-08,7.258430559578638e-09,2.4650160987742864
53,north_pole,YUE277,65.0,1.4671354243838372e-08,4.749448481698805e-08,7.140209931103177e-09,2.054751104715995
53,north_pole,YUE277,66.0,1.0039571997138883e-08,3.25003603527211e-08,3.975875827616545e-09,2.52512211961041
53,north_pole,YUE277,67.0,8.918996362463306e-09,2.887280412424699e-08,3.5495576208055445e-09,2.512706459583887
53,north_pole,YUE277,68.0,6.2423703685788905e-09,2.020796170312636e-08,2.3412534307845516e-09,2.666251455950704
53,north_pole,YUE277,69.0,4.7596301586958715e-09,1.540799700897399e-08,1.7587710394537403e-09,2.7062250013931166
53,north_pole,YUE277,70.0,4.067733441154755e-09,1.3168171182398954e-08,1.341465659883543e-09,3.0323053081417592
53,north_pole,YUE277,71.0,3.5913729807842506e-09,1.1626084863954144e-08,1.4219218854485796e-09,2.525717493722424
53,north_pole,YUE277,72.0,3.78038710293964e-09,1.2237966235346678e-08,1.7518972493160797e-09,2.1578817504368244
53,north_pole,YUE277,73.0,3.7001099727220723e-09,1.1978091047350934e-08,1.8032703469608746e-09,2.0518886582691382
53,north_pole,YUE277,74.0,2.615443604165302e-09,8.466781217547562e-09,8.05814861288731e-10,3.2457127931128635
53,north_pole,YUE277,75.0,2.3498818208300944e-09,7.607097791126082e-09,5.232972333951516e-10,4.4905298000221885
53,north_pole,YUE277,76.0,2.4463217795734043e-09,7.919295702795261e-09,3.8460333457358603e-10,6.360635906305046
53,north_pole,YUE277,77.0,2.593826193961359e-09,8.396800781955192e-09,3.885288249653537e-10,6.676019968898468
53,north_pole,YUE277,78.0,2.5374216929978014e-09,8.214206682589855e-09,2.8321623708008887e-10,8.959308686388134
53,north_pole,YUE277,79.0,2.1669074774904596e-09,7.014768546857963e-09,1.98286628663069e-10,10.92815734525647
53,north_pole,YUE277,80.0,2.4265609020878827e-09,7.855325282607184e-09,9.981598469117429e-11,24.31034377505308
53,north_pole,YUE277,81.0,2.2290019660402454e-09,7.215782420194504e-09,1.135011374635327e-10,19.63858702963582
53,north_pole,YUE277,82.0,2.3252498752938083e-09,7.527358624322353e-09,1.2184056608020097e-10,19.084365331684552
53,north_pole,YUE277,83.0,2.109450903326066e-09,6.8287686491025795e-09,1.217185755759866e-10,17.33055857204947
53,north_pole,YUE277,84.0,1.5671732813605984e-09,5.073293601947484e-09,1.1134038928160362e-10,14.075514657999646
53,north_pole,YUE277,85.0,1.5536093622315464e-09,5.029384134530448e-09,1.225056271693357e-10,12.681942847278686
53,north_pole,YUE277,86.0,1.380761789551618e-09,4.4698375323653605e-09,1.1642463987668708e-10,11.85970419160474
53,north_pole,YUE277,87.0,1.3346160078318594e-09,4.3204532224488055e-09,1.6976582008021164e-10,7.861511859108474
53,north_pole,YUE277,88.0,1.2052259309058565e-09,3.901588341818454e-09,1.0817224410851077e-10,11.141729940416683
53,north_pole,YUE277,89.0,1.106522513109673e-09,3.5820631023624945e-09,1.5554371087925628e-10,7.1139006961755715
53,north_pole,YUE277,90.0,1.315184630800008e-09,4.257549469593133e-09,1.1395330575168826e-10,11.54143464399253
53,north_pole,YUE277,91.0,1.250712015507923e-09,4.048837063280167e-09,5.986391792269112e-11,20.892585365413357
53,north_pole,YUE277,92.0,8.568470204241009e-10,2.7738071840985693e-09,2.7016056561357275e-11,31.716213596091663
53,north_pole,YUE277,93.0,8.852686987059261e-10,2.865814571091926e-09,2.7384754171620766e-11,32.32706392607838
53,north_pole,YUE277,94.0,9.37238154640832e-10,3.0340514287687924e-09,3.3491863884967025e-11,27.98405480984639
53,north_pole,YUE277,95.0,1.148018046890225e-09,3.7163935102006756e-09,3.2307557406109176e-11,35.53404030083504
53,north_pole,YUE277,96.0,1.1246950696951527e-09,3.640891769334216e-09,1.0054426047526846e-10,11.18606934278264
53,north_pole,YUE277,97.0,2.433598177864907e-09,7.878106532517036e-09,1.0158346317115105e-09,2.395663725073739
53,north_pole,YUE277,98.0,1.005347561899631e-09,3.2545369514536273e-09,2.8603266338712982e-11,35.147998483618885
53,north_pole,YUE277,99.0,7.506174898537594e-10,2.4299182190490225e-09,2.1528797397104263e-11,34.865741732267935
53,north_pole,YUE277,100.0,7.965804375690999e-10,2.5787106540300714e-09,1.551706500676072e-11,51.33576724864098
105,frontal,YUE011,0.0,0.20909381845846123,1.0,0.20908934727816664,1.000021384065486
105,frontal,YUE011,1.0,0.3316553312664282,1.5861556009237794,0.3316470276273168,1.0000250375803783
105,frontal,YUE011,2.0,0.2385305659184569,1.140782485474785,0.2385184190272342,1.0000509264285427
105,frontal,YUE011,3.0,0.12095609860190652,0.5784776398157164,0.12094045891178289,1.0001293172711958
105,frontal,YUE011,4.0,0.06206150455504443,0.2968117614025669,0.06204299467112448,1.0002983396275127
105,frontal,YUE011,5.0,0.03369904543800489,0.16116710520880165,0.033678502625377325,1.0006099681109957
105,frontal,YUE011,6.0,0.01891694962852633,0.09047110894043188,0.0188954203724392,1.001139390162419
105,frontal,YUE011,7.0,0.010871537377946555,0.051993585741064385,0.010849513233567913,1.002029966128849
105,frontal,YUE011,8.0,0.0065385897836255005,0.031271081239182895,0.006515931184776442,1.0034774153081907
105,frontal,YUE011,9.0,0.00401470706279616,0.019200505746150145,0.00399116160754641,1.0058993991135892
105,frontal,YUE011,10.0,0.0024865366944686502,0.011891966547842388,0.0024613793597637462,1.0102208278480562
105,frontal,YUE011,11.0,0.0015302978434087614,0.007318713937556082,0.0015024019515886776,1.018567529009521
105,frontal,YUE011,12.0,0.0009053689708023399,0.004329965263809085,0.0008729938184547599,1.0370852022811405
105,frontal,YUE011,13.0,0.0005007485309440904,0.002394850955594221,0.000461716122465652,1.0845376771120703
105,frontal,YUE011,14.0,0.00027952965233373357,0.001336862344351252,0.00023057457753727968,1.2123177469057218
105,frontal,YUE011,15.0,0.00020990963325503978,0.0010039016686509104,0.00015222988755065746,1.3788989575728896
105,frontal,YUE011,16.0,0.0002004342113265936,0.0009585850638928001,0.00014198354699679387,1.4116720955782265
105,frontal,YUE011,17.0,0.00018897754880539282,0.0009037930924913272,0.000132093669576987,1.4306328941467759
105,frontal,YUE011,18.0,0.00017542378114182743,0.0008389716273543365,0.00012147975565225238,1.444057737850536
105,frontal,YUE011,19.0,0.00016084068060750654,0.0007692273343769811,0.00011069988405872644,1.4529435326434519
105,frontal,YUE011,20.0,0.00014458262841329875,0.0006914725144876613,9.81026446671177e-05,1.47378930408958
105,frontal,YUE011,21.0,0.0001279443617503554,0.0006118993028757229,8.532177487618412e-05,1.4995511044633523
105,frontal,YUE011,22.0,0.00011131145222104573,0.0005323517119811888,7.303009122765821e-05,1.5241861313585416
105,frontal,YUE011,23.0,9.65691383546831e-05,0.00046184597453256425,6.243472379913634e-05,1.5467216394736247
105,frontal,YUE011,24.0,8.419549219152749e-05,0.0004026684902129416,5.3522502449965796e-05,1.5730858673926091
105,frontal,YUE011,25.0,7.358972849604557e-05,0.0003519459783105208,4.589390384723354e-05,1.6034750223254657
105,frontal,YUE011,26.0,6.476717320354219e-05,0.0003097517357568794,3.9642859278594375e-05,1.6337664432422507
105,frontal,YUE011,27.0,5.728758104444606e-05,0.00027398027099412726,3.462155939104802e-05,1.6546793978106806
105,frontal,YUE011,28.0,5.0424336759329756e-05,0.00024115651591750476,3.036577111973225e-05,1.6605650013137019
105,frontal,YUE011,29.0,4.3464692715292594e-05,0.00020787172493063122,2.6514750063211476e-05,1.6392646587907582
105,frontal,YUE011,30.0,3.673287137641334e-05,0.00017567650563381302,2.2656886451458334e-05,1.6212673994333846
105,frontal,YUE011,31.0,3.156742767722127e-05,0.0001509725534210017,1.885718172068622e-05,1.6740268055322385
105,frontal,YUE011,32.0,2.7517455183136044e-05,0.0001316033892632875,1.550124431445479e-05,1.7751771809361288
105,frontal,YUE011,33.0,2.4293860829032696e-05,0.00011618641339155101,1.2973387479465437e-05,1.8725919400376774
105,frontal,YUE011,34.0,2.2189716029342047e-05,0.00010612325219815274,1.1465799134476582e-05,1.9352960721786634
105,frontal,YUE011,35.0,2.0112956656959447e-05,9.619106296514024e-05,1.0252823389473085e-05,1.961699318610139
105,frontal,YUE011,36.0,1.603849001421531e-05,7.670475450904604e-05,8.375135580053298e-06,1.915012582293413
105,frontal,YUE011,37.0,1.1045937719849771e-05,5.28276627271225e-05,5.710017420681367e-06,1.9344840665182554
105,frontal,YUE011,38.0,7.669104408184988e-06,3.66778150818865e-05,3.834124638976594e-06,2.000223031411944
105,frontal,YUE011,39.0,5.300883420558323e-06,2.5351698388976535e-05,2.5953137774048126e-06,2.042482672695919
105,frontal,YUE011,40.0,3.7372170400590466e-06,1.7873398016314317e-05,1.7488696836722997e-06,2.136932828643692
105,frontal,YUE011,41.0,3.0157356948439733e-06,1.4422883072667604e-05,1.348786384348285e-06,2.2358882991698756
105,frontal,YUE011,42.0,2.7281700820835328e-06,1.3047588408863047e-05,1.1938511294751853e-06,2.2851844880214096
105,frontal,YUE011,43.0,2.512356442590592e-06,1.2015450581527827e-05,1.0775018834347138e-06,2.3316492353424425
105,frontal,YUE011,44.0,2.217521182218036e-06,1.0605388521605534e-05,9.353960593171426e-07,2.370676207292203
105,frontal,YUE011,45.0,1.9044089522986382e-06,9.107916084458374e-06,7.854981655402014e-07,2.4244600889537935
105,frontal,YUE011,46.0,1.6283254498860336e-06,7.787535097358787e-06,6.652258004245681e-07,2.4477785570655635
105,frontal,YUE011,47.0,1.4204973635047953e-06,6.793588514368217e-06,5.876491632285776e-07,2.417254124383506
105,frontal,YUE011,48.0,1.2583498191949716e-06,6.018111049251112e-06,5.183042295128698e-07,2.4278208579884373
105,frontal,YUE011,49.0,1.0516712751971102e-06,5.029662201161801e-06,4.227595280053965e-07,2.4876347084569685
105,frontal,YUE011,50.0,7.816361061673976e-07,3.7382076234007756e-06,3.0827456950136976e-07,2.5355192529558446
105,frontal,YUE011,51.0,5.385540503293685e-07,2.5756574455421225e-06,2.055721806676197e-07,2.619780792227583
105,frontal,YUE011,52.0,3.878918234560639e-07,1.8551089951667932e-06,1.4654955365104892e-07,2.6468304665033524
105,frontal,YUE011,53.0,3.121861394780715e-07,1.4930433705771684e-06,1.1992077645856192e-07,2.603269831111759
105,frontal,YUE011,54.0,2.698415893688287e-07,1.2905287748735419e-06,1.0292771669582569e-07,2.6216610844119925
105,frontal,YUE011,55.0,2.3131964472929485e-07,1.1062959509501188e-06,8.625188315205268e-08,2.681908339572175
105,frontal,YUE011,56.0,1.8385572832653276e-07,8.792977701684553e-07,6.087413119016102e-08,3.020260408353048
105,frontal,YUE011,57.0,1.4767028844302304e-07,7.062393787234765e-07,4.1488626427294004e-08,3.559295671111339
105,frontal,YUE011,58.0,1.210464073078338e-07,5.789095450082901e-07,3.0568490690327534e-08,3.959842457846152
105,frontal,YUE011,59.0,9.735330063758522e-08,4.6559626370267623e-07,2.616708226359476e-08,3.72044921389761
105,frontal,YUE011,60.0,7.858216866405526e-08,3.7582253384342143e-07,2.2395434799897287e-08,3.5088476453431334
105,frontal,YUE011,61.0,6.55850425701924e-08,3.136632304757569e-07,1.6669162788482364e-08,3.9345132927436937
105,frontal,YUE011,62.0,5.302979517266855e-08,2.536172305983474e-07,1.0973049879893307e-08,4.83273071325765
105,frontal,YUE011,63.0,4.216956124661203e-08,2.0167770409238318e-07,7.4196660592833974e-09,5.683485066534764
105,frontal,YUE011,64.0,3.495714023462505e-08,1.671839966018396e-07,4.747049463109306e-09,7.363972190786528
105,frontal,YUE011,65.0,2.7319841288858148e-08,1.3065829248455537e-07,2.9929903385327986e-09,9.127941689999131
105,frontal,YUE011,66.0,2.2353131286139794e-08,1.0690479255167693e-07,2.464003331988386e-09,9.071875429690024
105,frontal,YUE011,67.0,1.953752482023736e-08,9.343903595179071e-08,1.946433244210736e-09,10.037603333352273
105,frontal,YUE011,68.0,1.7919888099512185e-08,8.570262015216948e-08,1.9708400452081793e-09,9.092512679089243
105,frontal,YUE011,69.0,1.811090766422673e-08,8.661617927181649e-08,1.924114606794199e-09,9.41259299226548
105,frontal,YUE011,70.0,1.694330032648356e-08,8.103204796486862e-08,1.3600541229584479e-09,12.457813288803367
105,frontal,YUE011,71.0,1.584907068078427e-08,7.579884856296152e-08,1.7024978281277738e-09,9.309304493042081
105,frontal,YUE011,72.0,1.555777732566435e-08,7.440572581419987e-08,1.8739930151172036e-09,8.301939868591951
105,frontal,YUE011,73.0,1.5133332807526904e-08,7.237580201603762e-08,1.4303932166352207e-09,10.579841005626225
105,frontal,YUE011,74.0,1.4493074278420372e-08,6.931373861393984e-08,9.474528097614725e-10,15.296882471718142
105,frontal,YUE011,75.0,1.336517642824498e-08,6.391951960502418e-08,9.250758142673576e-10,14.447655232268659
105,frontal,YUE011,76.0,1.2871430085545177e-08,6.155815690984776e-08,1.0143214202650477e-09,12.689695621513941
105,frontal,YUE011,77.0,1.2774668007767327e-08,6.109538819439157e-08,1.179796307589821e-09,10.82785894953715
105,frontal,YUE011,78.0,1.3289737109457766e-08,6.355872788318664e-08,8.622397820283119e-10,15.413040996780863
105,frontal,YUE011,79.0,1.3607822191997712e-08,6.507998319759536e-08,7.105799510150017e-10,19.150304160087998
105,frontal,YUE011,80.0,1.1153764996833187e-08,5.3343351224173105e-08,5.46274764243295e-10,20.417866112273167
105,frontal,YUE011,81.0,1.0012494566968486e-08,4.7885177289244336e-08,5.061130114694471e-10,19.783120251933926
105,frontal,YUE011,82.0,1.0289219930071873e-08,4.920862800215176e-08,5.49556103286331e-10,18.722783476596128
105,frontal,YUE011,83.0,9.65895535531792e-09,4.6194361107986446e-08,6.491779486428552e-10,14.878748385570606
105,frontal,YUE011,84.0,8.997719377890849e-09,4.303197217510447e-08,7.017624841756212e-10,12.82160215284336
105,frontal,YUE011,85.0,8.497805652300172e-09,4.064111371129967e-08,4.837611081006184e-10,17.566119950537026
105,frontal,YUE011,86.0,8.016797856088939e-09,3.834067365162956e-08,4.699497021244686e-10,17.05884229705427
105,frontal,YUE011,87.0,7.329421176270957e-09,3.50532657077427e-08,4.952152473710738e-10,14.800475581437192
105,frontal,YUE011,88.0,5.944395743579663e-09,2.842932319761802e-08,5.039766381806949e-10,11.794982729831158
105,frontal,YUE011,89.0,4.764146163426634e-09,2.2784729833479436e-08,3.729931853320361e-10,12.772743178097537
105,frontal,YUE011,90.0,3.9257962658516354e-09,1.8775286112207748e-08,1.6281143836592593e-10,24.112533524998618
105,frontal,YUE011,91.0,3.6276839562082552e-09,1.7349551426021397e-08,1.1019388506257779e-10,32.9209189252937
105,frontal,YUE011,92.0,3.2823659343446627e-09,1.5698053431439633e-08,9.28316254304877e-11,35.358272777443695
105,frontal,YUE011,93.0,2.41598072571321e-09,1.1554529653363096e-08,1.2804046103733175e-10,18.868884930122217
105,frontal,YUE011,94.0,2.0908003686036327e-09,9.999340889262076e-09,1.445140204141468e-10,14.467802934357776
105,frontal,YUE011,95.0,1.891102148884559e-09,9.044275736253998e-09,3.9745938224355034e-11,47.57975867143457
105,frontal,YUE011,96.0,1.9878139793952933e-09,9.506804142037295e-09,3.587787682885891e-11,55.40500595610399
105,frontal,YUE011,97.0,1.7957961862769295e-09,8.58847095297408e-09,2.7737346808482407e-11,64.74289695681182
105,frontal,YUE011,98.0,1.4516825896506682e-09,6.942733172855901e-09,3.153099017784883e-11,46.039866856782226
105,frontal,YUE011,99.0,1.2573905464741674e-09,6.013523287030897e-09,3.0047641541192284e-11,41.84656372282703
105,frontal,YUE011,100.0,1.370745463200468e-09,6.555647954139694e-09,3.357411282599016e-11,40.82745150422429
105,occipital,YUE031,0.0,0.27407031003681204,1.0,0.27405863851869233,1.0000425876673065
105,occipital,YUE031,1.0,0.21159176373796473,0.772034605680362,0.21157101381920895,1.0000980754328355
105,occipital,YUE031,2.0,0.10645861854515073,0.3884354293277942,0.10642922455118872,1.0002761834833052
105,occipital,YUE031,3.0,0.053953808187313754,0.19686119295470894,0.053916922636664394,1.0006841182479558
105,occipital,YUE031,4.0,0.029394463031438195,0.10725154077247567,0.02935140529326431,1.0014669736506199
105,occipital,YUE031,5.0,0.017035926899271404,0.06215896532894499,0.016988857410373735,1.0027706094506936
105,occipital,YUE031,6.0,0.010224617413617574,0.037306548864210226,0.010176079122627649,1.0047698421371347
105,occipital,YUE031,7.0,0.0061771213882286045,0.022538455140941455,0.006129417873985068,1.0077827152960157
105,occipital,YUE031,8.0,0.003748907014627013,0.013678632370370487,0.0037037218079525856,1.0121999461669626
105,occipital,YUE031,9.0,0.0023447468201093233,0.00855527481176048,0.0023023004219387662,1.0184365158282918
105,occipital,YUE031,10.0,0.0014884504264645244,0.005430907223276398,0.0014490656005545013,1.027179463714377
105,occipital,YUE031,11.0,0.0009502188841622204,0.0034670624630394687,0.0009139547116805927,1.03967830355067
105,occipital,YUE031,12.0,0.0006002765486809265,0.0021902282979878404,0.0005668837573015253,1.058905888463549
105,occipital,YUE031,13.0,0.0003698278053362013,0.0013493902542253756,0.0003392231465569312,1.0902198422775782
105,occipital,YUE031,14.0,0.00022876314650969472,0.0008346878086829914,0.00019984684565695573,1.1446923055386866
105,occipital,YUE031,15.0,0.0001659705170069728,0.0006055764193672795,0.00013745923469442482,1.2074162741843373
105,occipital,YUE031,16.0,0.0001341951815362363,0.000489637792281155,0.00010711269357404763,1.2528410691443064
105,occipital,YUE031,17.0,0.00010352932923577196,0.0003777473350610882,7.877962484050606e-05,1.3141637757906708
105,occipital,YUE031,18.0,7.983151392505513e-05,0.0002912811457553811,5.735473768655677e-05,1.3918904896982316
105,occipital,YUE031,19.0,6.217532161853552e-05,0.00022685901880500802,4.2159097088233985e-05,1.4747783020212686
105,occipital,YUE031,20.0,4.873951147507768e-05,0.00017783579501380934,3.082954467401106e-05,1.5809351708059611
105,occipital,YUE031,21.0,3.909025369496183e-05,0.0001426285601301045,2.302944417883591e-05,1.6974032630316724
105,occipital,YUE031,22.0,3.181797528829137e-05,0.00011609420693550389,1.7469034341024926e-05,1.8213929097138963
105,occipital,YUE031,23.0,2.6202451151202118e-05,9.56048509876269e-05,1.3500731046774775e-05,1.9408172091141458
105,occipital,YUE031,24.0,2.1816141226942375e-05,7.960052741215244e-05,1.0742531513250123e-05,2.0308193836837964
105,occipital,YUE031,25.0,1.8041863562997805e-05,6.582932518511215e-05,8.531598158441207e-06,2.1147108933098417
105,occipital,YUE031,26.0,1.4798290711220355e-05,5.399450494740823e-05,6.725562661618472e-06,2.200305231809293
105,occipital,YUE031,27.0,1.195625778109783e-05,4.362478292337434e-05,5.2400827814395975e-06,2.2816925380352693
105,occipital,YUE031,28.0,9.587982236834357e-06,3.498365888500121e-05,4.020167299094663e-06,2.384970953570405
105,occipital,YUE031,29.0,7.713849722175173e-06,2.8145513905315315e-05,3.098755436282772e-06,2.489338019985407
105,occipital,YUE031,30.0,6.310886123461802e-06,2.3026522364331067e-05,2.468283115145838e-06,2.556791838317512
105,occipital,YUE031,31.0,5.232208848909757e-06,1.9090753931744694e-05,1.9545202599900617e-06,2.6769785691228196
105,occipital,YUE031,32.0,4.3588339552319245e-06,1.5904072041391362e-05,1.5508957306952224e-06,2.8105267613819422
105,occipital,YUE031,33.0,3.6491996765318323e-06,1.331483032963945e-05,1.27520562120707e-06,2.8616558897204465
105,occipital,YUE031,34.0,2.9622000302015702e-06,1.080817557291667e-05,1.0242641152775624e-06,2.892027540571264
105,occipital,YUE031,35.0,2.3863715393668465e-06,8.707150873242412e-06,8.054495119726443e-07,2.9627822773426615
105,occipital,YUE031,36.0,1.9331404254024636e-06,7.0534470703623894e-06,6.391178168842165e-07,3.02470119645041
105,occipital,YUE031,37.0,1.5523179417640251e-06,5.6639405470644515e-06,5.109750355768465e-07,3.0379526076290455
105,occipital,YUE031,38.0,1.2371413611032652e-06,4.513956148468242e-06,4.0299135673314194e-07,3.0698955211649652
105,occipital,YUE031,39.0,1.0141584212104142e-06,3.700358572492571e-06,3.293438646718698e-07,3.0793299344465863
105,occipital,YUE031,40.0,8.219777051779223e-07,2.9991490324782625e-06,2.562150036388793e-07,3.208156015470717
105,occipital,YUE031,41.0,6.713876518468265e-07,2.4496912918318235e-06,2.114682314679084e-07,3.174886587864209
105,occipital,YUE031,42.0,5.276091642407191e-07,1.9250869025902614e-06,1.7279105256950637e-07,3.0534518795669974
105,occipital,YUE031,43.0,4.1617286046498736e-07,1.5184893993409527e-06,1.3518013108993774e-07,3.0786540677941803
105,occipital,YUE031,44.0,3.433945957091617e-07,1.2529434350734244e-06,1.0598745984913635e-07,3.2399549550291433
105,occipital,YUE031,45.0,2.922329772654257e-07,1.0662701013698789e-06,8.601236032599143e-08,3.397569560442791
105,occipital,YUE031,46.0,2.3634163431379565e-07,8.623394277258678e-07,6.650899500936174e-08,3.5535288765155517
105,occipital,YUE031,47.0,1.815844332778095e-07,6.62546896281541e-07,4.593039133013033e-08,3.9534701973830155
105,occipital,YUE031,48.0,1.3610994826599091e-07,4.966241992710162e-07,2.9751944008746766e-08,4.574825370267435
105,occipital,YUE031,49.0,1.0279185673286844e-07,3.7505652005524365e-07,2.0885929163442624e-08,4.921584092738792
105,occipital,YUE031,50.0,7.679116529916914e-08,2.801878294984045e-07,1.4380088172974878e-08,5.34010392533518
105,occipital,YUE031,51.0,5.948815695026359e-08,2.170543644157347e-07,1.0141732879870068e-08,5.8656797270158165
105,occipital,YUE031,52.0,5.3828634554875085e-08,1.964044720774207e-07,9.146722498846842e-09,5.885018875521963
105,occipital,YUE031,53.0,5.153212103764781e-08,1.8802518605800906e-07,9.508948472351319e-09,5.419329086437382
105,occipital,YUE031,54.0,4.536655228826948e-08,1.6552888301609913e-07,8.445710190460806e-09,5.371549729412896
105,occipital,YUE031,55.0,4.075494907566324e-08,1.4870253209911426e-07,6.1659938365583615e-09,6.609631821885051
105,occipital,YUE031,56.0,4.2009687001099475e-08,1.532806928100198e-07,5.069424829244702e-09,8.286874431740717
105,occipital,YUE031,57.0,4.14230413436931e-08,1.51140199528104e-07,4.509421817748584e-09,9.185887463589367
105,occipital,YUE031,58.0,3.91817532618093e-08,1.4296241448607317e-07,4.275091823914763e-09,9.16512554014103
105,occipital,YUE031,59.0,3.097034621111792e-08,1.1300146377386922e-07,3.454797542483932e-09,8.964446058060714
105,occipital,YUE031,60.0,1.9426031239549237e-08,7.087973606823742e-08,2.4978361502063445e-09,7.777143924330051
105,occipital,YUE031,61.0,1.9298423113667538e-08,7.041413245774579e-08,2.4049805101939334e-09,8.024357383300103
105,occipital,YUE031,62.0,2.108114451648407e-08,7.691874582712929e-08,2.083469933315104e-09,10.118285932228885
105,occipital,YUE031,63.0,1.7432113862921578e-08,6.360453221138826e-08,1.8660563891775826e-09,9.341686544962526
105,occipital,YUE031,64.0,1.4461453979516722e-08,5.276548918259083e-08,1.9702577913835374e-09,7.33987909742599
105,occipital,YUE031,65.0,1.3526534183821154e-08,4.935424848464733e-08,1.8220719710764736e-09,7.423710148962846
105,occipital,YUE031,66.0,1.4863007824447467e-08,5.4230638198100064e-08,1.6789673405027912e-09,8.852469887827908
105,occipital,YUE031,67.0,1.6194579416699842e-08,5.908914181373623e-08,1.8261298492148362e-09,8.868251851675756
105,occipital,YUE031,68.0,1.7275902733971483e-08,6.303456485910879e-08,1.6188510590046356e-09,10.671706107783454
105,occipital,YUE031,69.0,1.8914735234275174e-08,6.901417096851761e-08,1.4544656644063299e-09,13.004593849931558
105,occipital,YUE031,70.0,1.7954826859759996e-08,6.551175447405585e-08,1.375677926063589e-09,13.051620964171855
105,occipital,YUE031,71.0,1.878383618170485e-08,6.853655975790257e-08,1.4902543678604303e-09,12.604449674368645
105,occipital,YUE031,72.0,1.3634949061309444e-08,4.974982171355245e-08,1.5058427885894478e-09,9.054696256892504
105,occipital,YUE031,73.0,8.101824194568954e-09,2.9561115881106382e-08,9.686590890193994e-10,8.36395826603006
105,occipital,YUE031,74.0,7.3805087732493874e-09,2.6929253198779783e-08,7.635262609860331e-10,9.666345678428991
105,occipital,YUE031,75.0,6.484827913070602e-09,2.3661183556145086e-08,6.007583642754828e-10,10.794403039051039
105,occipital,YUE031,76.0,6.130285664305703e-09,2.2367565693205903e-08,5.584726569642189e-10,10.976877001694403
105,occipital,YUE031,77.0,5.851784266744962e-09,2.1351397989658103e-08,4.820331521213827e-10,12.139796279554236
105,occipital,YUE031,78.0,5.9690416989253456e-09,2.177923503689111e-08,3.9687987398116964e-10,15.03992036443892
105,occipital,YUE031,79.0,4.570185081998612e-09,1.667522863525335e-08,4.352215324268585e-10,10.50082484778406
105,occipital,YUE031,80.0,4.490595808212126e-09,1.638483135079085e-08,3.2510206539125373e-10,13.812879972964138
105,occipital,YUE031,81.0,4.046193733229938e-09,1.476334205148478e-08,2.908838973688107e-10,13.909995602471536
105,occipital,YUE031,82.0,3.822242182711075e-09,1.3946210307120414e-08,3.4154760844988253e-10,11.190949923667633
105,occipital,YUE031,83.0,3.2468466970397154e-09,1.1846765512848188e-08,2.808237313767152e-10,11.561867229390897
105,occipital,YUE031,84.0,2.849594184308921e-09,1.0397310762797236e-08,1.9891232695740852e-10,14.32588029056179
105,occipital,YUE031,85.0,2.288555281753222e-09,8.350248815516836e-09,2.3445074537607985e-10,9.76134786043088
105,occipital,YUE031,86.0,2.217680914352174e-09,8.091649599164185e-09,2.2674695689086764e-10,9.78042195035735
105,occipital,YUE031,87.0,2.0796185358438567e-09,7.587901570091743e-09,1.6043992805872525e-10,12.961976242489097
105,occipital,YUE031,88.0,2.0852912181166123e-09,7.60859947885827e-09,1.9001444919562824e-10,10.974382353258374
105,occipital,YUE031,89.0,2.0789353812840957e-09,7.585408944897611e-09,2.507647574217019e-10,8.290381003531634
105,occipital,YUE031,90.0,2.2020719474636933e-09,8.034697181055182e-09,1.7131493001587625e-10,12.85394067673857
105,occipital,YUE031,91.0,2.8263185690257147e-09,1.0312385054207786e-08,8.974850020418969e-11,31.491540946037723
105,occipital,YUE031,92.0,3.0685673575272785e-09,1.1196277908085413e-08,8.20414358367452e-11,37.402653015891154
105,occipital,YUE031,93.0,2.2768054750027023e-09,8.307377310212445e-09,1.4516736354381874e-10,15.684003755537304
105,occipital,YUE031,94.0,2.1892546803789275e-09,7.987930834554373e-09,2.2099166575412152e-10,9.90650336476817
105,occipital,YUE031,95.0,1.9697618033272585e-09,7.187067446534752e-09,1.4389733657395178e-10,13.688660611970102
105,occipital,YUE031,96.0,1.7359115199388807e-09,6.333818207837689e-09,6.447020443805787e-11,26.925795180418913
105,occipital,YUE031,97.0,1.699628014051785e-09,6.2014306249498455e-09,3.975092743476034e-11,42.7569398686668
105,occipital,YUE031,98.0,1.643620757523159e-09,5.997077017581344e-09,5.86001167553662e-11,28.048079910568564
105,occipital,YUE031,99.0,1.5493296321272166e-09,5.653037105402321e-09,7.476703345690564e-11,20.722095828774886
105,occipital,YUE031,100.0,1.485647429528804e-09,5.42067993183668e-09,4.395467317060495e-11,33.799533072682316
105,temporal,YUE041,0.0,0.0006002875145411675,1.0,0.3078238135908301,0.0019501009604769894
105,temporal,YUE041,1.0,0.000993142076781865,1.6544440001238034,0.5106142076639484,0.0019449949920615677
105,temporal,YUE041,2.0,0.001319891932682354,2.1987662590170967,0.3460961553212279,0.003813656732064247
105,temporal,YUE041,3.0,0.001559732155888737,2.598308507350724,0.14594780202703395,0.010686917748852616
105,temporal,YUE041,4.0,0.0016983308181891326,2.829195638838598,0.06973346604085749,0.024354602095843975
105,temporal,YUE041,5.0,0.0017366501507485891,2.893030603969842,0.037774257728318904,0.045974434844993486
105,temporal,YUE041,6.0,0.0016915694964822312,2.817932166680478,0.022239170978663594,0.07606261483870662
105,temporal,YUE041,7.0,0.0015796778873616584,2.6315354710802077,0.013805208223313005,0.114426226813011
105,temporal,YUE041,8.0,0.0014125446978449252,2.3531135724597076,0.008870985904620609,0.15923198537709055
105,temporal,YUE041,9.0,0.0012121864741140146,2.019343139329751,0.00578304452603673,0.2096104342023383
105,temporal,YUE041,10.0,0.0009917098721919434,1.6520581357584312,0.0037483150311930892,0.2645748460145523
105,temporal,YUE041,11.0,0.0007665206761864374,1.2769225706323926,0.00236770798925978,0.3237395319285449
105,temporal,YUE041,12.0,0.0005696168903559511,0.9489067764325239,0.0014580671374518814,0.39066574900756196
105,temporal,YUE041,13.0,0.00041504279777627675,0.691406680502953,0.0008696116256340608,0.4772737455914946
105,temporal,YUE041,14.0,0.00030485312959351144,0.5078451945257054,0.00047774571339890165,0.6381075141933703
105,temporal,YUE041,15.0,0.0002544993883517431,0.42396248828575234,0.0002786842483459555,0.9132177001830775
105,temporal,YUE041,16.0,0.00024205063957833572,0.4032245111133924,0.00022202425584860166,1.0901990805157344
105,temporal,YUE041,17.0,0.00022890920922581166,0.3813326175887224,0.00020334829831491368,1.1257001466091114
105,temporal,YUE041,18.0,0.0002059058434811967,0.3430120375543405,0.0001806481135981855,1.13981729108554
105,temporal,YUE041,19.0,0.00017898092012969224,0.2981586586329338,0.00015511529239689806,1.1538573493561712
105,temporal,YUE041,20.0,0.00015038133525485038,0.25051551400297745,0.00012758494437801687,1.178676183055666
105,temporal,YUE041,21.0,0.0001165825649589044,0.19421121068629058,9.472086122110532e-05,1.230801361558228
105,temporal,YUE041,22.0,8.605764305873126e-05,0.14336070795093883,6.602725074484715e-05,1.3033655360161622
105,temporal,YUE041,23.0,6.351391781308107e-05,0.10580582849807933,4.692752696345256e-05,1.3534469409083945
105,temporal,YUE041,24.0,4.6855390459162674e-05,0.07805491422718795,3.317031397717272e-05,1.4125700013393845
105,temporal,YUE041,25.0,3.469946103483407e-05,0.05780473555468959,2.3597444648513763e-05,1.4704753650950737
105,temporal,YUE041,26.0,2.572061238840368e-05,0.042847155346989595,1.66923294678258e-05,1.540864169855966
105,temporal,YUE041,27.0,1.9052612228299985e-05,0.031739144604503285,1.1833018217934356e-05,1.6101227833337963
105,temporal,YUE041,28.0,1.4184926320564828e-05,0.023630220480942606,8.431300778359487e-06,1.6824125592782906
105,temporal,YUE041,29.0,1.0633143472891228e-05,0.017713417679557635,6.073915063810113e-06,1.7506243273380828
105,temporal,YUE041,30.0,8.118323604863303e-06,0.013524058735535388,4.466762694210955e-06,1.8174960616074074
105,temporal,YUE041,31.0,6.2697700289922235e-06,0.010444611752061095,3.316836971104381e-06,1.8902858607803772
105,temporal,YUE041,32.0,4.9792509966035334e-06,0.008294776879391614,2.480981568737292e-06,2.0069681529870245
105,temporal,YUE041,33.0,3.993977158120898e-06,0.0066534403287959645,1.8947265153845068e-06,2.1079438777529216
105,temporal,YUE041,34.0,3.228472929901076e-06,0.005378211026709049,1.489325504451292e-06,2.167741652346532
105,temporal,YUE041,35.0,2.58948000377076e-06,0.004313732904723233,1.154724451439572e-06,2.2425090250254134
105,temporal,YUE041,36.0,2.047959217259981e-06,0.003411630539784503,8.783350643631366e-07,2.3316377773724835
105,temporal,YUE041,37.0,1.5663473588142434e-06,0.0026093285648486095,6.484412888033468e-07,2.4155577164199835
105,temporal,YUE041,38.0,1.1698514617459182e-06,0.0019488185801100652,4.788597849203753e-07,2.4429937501234122
105,temporal,YUE041,39.0,8.690924981999803e-07,0.0014477937274178943,3.5753939109773725e-07,2.4307601339579517
105,temporal,YUE041,40.0,6.495659802690724e-07,0.0010820914387426018,2.5333527171513516e-07,2.5640566190067764
105,temporal,YUE041,41.0,4.942477018799097e-07,0.0008233516271909972,1.8900000780272803e-07,2.6150670977526578
105,temporal,YUE041,42.0,3.777412798873229e-07,0.0006292672606660012,1.4289928343810596e-07,2.6434091956166745
105,temporal,YUE041,43.0,2.9459472332522277e-07,0.0004907560397127326,1.0485013690902234e-07,2.809674188416562
105,temporal,YUE041,44.0,2.3067666049198228e-07,0.0003842769587974873,7.830628420879688e-08,2.9458256488955996
105,temporal,YUE041,45.0,1.8057620413486976e-07,0.000300816191842494,5.7993908419158847e-08,3.113709854313159
105,temporal,YUE041,46.0,1.395114391463394e-07,0.00023240769758967186,4.336930342593817e-08,3.2168245308477994
105,temporal,YUE041,47.0,1.0436442928022858e-07,0.00017385740458053671,2.995003459542592e-08,3.4846179875921584
105,temporal,YUE041,48.0,7.993415546073885e-08,0.0001331597834778171,2.1950454476693143e-08,3.641571774544005
105,temporal,YUE041,49.0,6.13906442129916e-08,0.0001022687341080479,1.6871495930496813e-08,3.638719676423135
105,temporal,YUE041,50.0,4.800927188175205e-08,7.997712882375732e-05,1.301314953188173e-08,3.6892891889185724
105,temporal,YUE041,51.0,3.937967758516233e-08,6.560136040021149e-05,1.0422860983415744e-08,3.778202323509927
105,temporal,YUE041,52.0,3.2629077677576206e-08,5.4355749348737314e-05,8.898663366297149e-09,3.6667391870509194
105,temporal,YUE041,53.0,2.6398956177898677e-08,4.397718682867632e-05,6.417078391563251e-09,4.113859075277352
105,temporal,YUE041,54.0,2.297468647489698e-08,3.827280414528992e-05,5.180004490034701e-09,4.435263814750685
105,temporal,YUE041,55.0,2.032341777951647e-08,3.38561394118796e-05,4.340252584262229e-09,4.682542636621945
105,temporal,YUE041,56.0,1.678404053804898e-08,2.7960002717827536e-05,3.4950187304117036e-09,4.802274846770811
105,temporal,YUE041,57.0,1.3145541429789049e-08,2.1898742038366238e-05,2.810130992810817e-09,4.677910554141214
105,temporal,YUE041,58.0,1.1001653913489285e-08,1.8327307576767525e-05,2.2895504244997157e-09,4.80515903723467
105,temporal,YUE041,59.0,9.66104229581288e-09,1.6094025049308814e-05,1.8225208353641389e-09,5.3009228253254
105,temporal,YUE041,60.0,8.489073191489293e-09,1.4141678755351018e-05,1.578765604034823e-09,5.377032011461309
105,temporal,YUE041,61.0,7.018827039555513e-09,1.1692442154024119e-05,1.2502899652306258e-09,5.613759395614149
105,temporal,YUE041,62.0,6.220175810576178e-09,1.0361994310893835e-05,9.951835481685177e-10,6.250279983047806
105,temporal,YUE041,63.0,5.175132725821398e-09,8.62109006177987e-06,6.721257844072164e-10,7.699649151811107
105,temporal,YUE041,64.0,4.364717000718051e-09,7.271044116341888e-06,5.318702803541203e-10,8.206356252528368
105,temporal,YUE041,65.0,3.764169415366981e-09,6.2706108725985094e-06,4.709981629343012e-10,7.991898295136321
105,temporal,YUE041,66.0,3.069743618939923e-09,5.113788883792287e-06,4.373676869778435e-10,7.0186795008828184
105,temporal,YUE041,67.0,2.6012412042713965e-09,4.333325516956099e-06,2.859211726656646e-10,9.097756490083714
105,temporal,YUE041,68.0,2.2839338918528277e-09,3.8047332928431186e-06,2.1204829100552193e-10,10.770819613883857
105,temporal,YUE041,69.0,2.0537098370713154e-09,3.4212103155953157e-06,1.6078098653203867e-10,12.773337702229329
105,temporal,YUE041,70.0,1.896370938441887e-09,3.1591044166417264e-06,1.3247424164414022e-10,14.315016375304305
105,temporal,YUE041,71.0,1.6056748719395939e-09,2.674843026123738e-06,1.0478407941682428e-10,15.323652990759438
105,temporal,YUE041,72.0,1.4362512270167512e-09,2.392605530225889e-06,6.441605661977715e-11,22.296478585989544
105,temporal,YUE041,73.0,1.2448057812722517e-09,2.073682612279092e-06,5.4804022635866464e-11,22.713766643428638
105,temporal,YUE041,74.0,1.061746855451345e-09,1.768730532839578e-06,5.281300185782984e-11,20.10389143017317
105,temporal,YUE041,75.0,9.710275385996561e-10,1.6176040898366268e-06,3.719429810073783e-11,26.10689240511286
105,temporal,YUE041,76.0,9.450425078032857e-10,1.5743164482200387e-06,2.0358814710100782e-11,46.419328495308434
105,temporal,YUE041,77.0,9.280481943304666e-10,1.546006158465289e-06,1.8677315701426484e-11,49.68852104692896
105,temporal,YUE041,78.0,9.71404228730983e-10,1.6182316060221246e-06,1.0382121737187652e-11,93.56509712764364
105,temporal,YUE041,79.0,1.0287433453387528e-09,1.7137510283302785e-06,6.250002280583859e-12,164.59887519315436
105,temporal,YUE041,80.0,1.14252363440009e-09,1.9032940161572129e-06,5.732651123302954e-12,199.30109295432018
105,temporal,YUE041,81.0,1.0921844126261192e-09,1.8194354974398149e-06,7.694929981144945e-12,141.9355881473025
105,temporal,YUE041,82.0,1.2162594630275677e-09,2.026128202844967e-06,9.289858702047902e-12,130.92335438422216
105,temporal,YUE041,83.0,1.4171609696226215e-09,2.3608036737293043e-06,1.1617318131347719e-11,121.98692965105342
105,temporal,YUE041,84.0,1.6775556186304498e-09,2.7945868904381545e-06,8.510536059606429e-12,197.1151531326722
105,temporal,YUE041,85.0,1.877793692792021e-09,3.128157170197553e-06,5.357835751239919e-12,350.47615865369875
105,temporal,YUE041,86.0,2.2702945358615496e-09,3.78201192073245e-06,9.680738517530438e-12,234.51666747845422
105,temporal,YUE041,87.0,2.2929660008500238e-09,3.819779597786009e-06,1.4029682797403207e-11,163.43676717155967
105,temporal,YUE041,88.0,2.116991176150486e-09,3.5266286985305996e-06,1.983570087757006e-11,106.72631076748847
105,temporal,YUE041,89.0,1.6811415822085845e-09,2.8005606338382244e-06,1.143241835613777e-11,147.0503903757181
105,temporal,YUE041,90.0,1.2339336716191425e-09,2.0555711083917935e-06,2.1319823141612962e-12,578.7729398236409
105,temporal,YUE041,91.0,1.105686778194496e-09,1.8419286615341862e-06,4.665861828932856e-12,236.9737507737946
105,temporal,YUE041,92.0,8.916228139427848e-10,1.4853262684037344e-06,4.985753053762413e-12,178.83413083805604
105,temporal,YUE041,93.0,7.520088719354838e-10,1.2527478145373142e-06,6.559828472189161e-13,1146.384962844191
105,temporal,YUE041,94.0,7.372698236616202e-10,1.2281944998059067e-06,2.5078385374136974e-13,2939.8616085625567
105,temporal,YUE041,95.0,7.102930318969375e-10,1.1832547149341482e-06,3.34813527655428e-13,2121.4585828441577
105,temporal,YUE041,96.0,6.943901958102456e-10,1.1567626828637373e-06,6.948146426820101e-13,999.3891221547576
105,temporal,YUE041,97.0,7.832221787694886e-10,1.3047450759793796e-06,3.9522761592155557e-13,1981.6990190405668
105,temporal,YUE041,98.0,8.072272777450768e-10,1.3447344117461524e-06,6.266793332651177e-13,1288.1025987234495
105,temporal,YUE041,99.0,8.481433852680133e-10,1.4128952622249616e-06,5.980129155197513e-13,1418.269343783095
105,temporal,YUE041,100.0,9.910756603120836e-10,1.6510016222303355e-06,4.0919357234751434e-13,2422.0215743525814
105,parietal,YUE206,0.0,4.485057861288284e-05,1.0,0.25334899663278304,0.0001770308120773478
105,parietal,YUE206,1.0,7.652374172595918e-05,1.7061929654566055,0.3335895939035509,0.0002293948705968451
105,parietal,YUE206,2.0,0.00010779640145835572,2.4034562048524473,0.1528147630420954,0.0007054056775173049
105,parietal,YUE206,3.0,0.00013474862973996142,3.004389996905332,0.0788958346987117,0.0017079308464704253
105,parietal,YUE206,4.0,0.0001563608004106221,3.4862604953263445,0.04424090593793944,0.0035343037647095872
105,parietal,YUE206,5.0,0.0001723093548549729,3.841853554270065,0.025480109494921514,0.006762504489602613
105,parietal,YUE206,6.0,0.0001786277348422724,3.9827297744373698,0.015364174518364932,0.011626250055201931
105,parietal,YUE206,7.0,0.00017602478475448855,3.924693731909344,0.009702458698415385,0.018142286427175112
105,parietal,YUE206,8.0,0.0001667372300794937,3.717616031638001,0.006195763787000294,0.026911489174157213
105,parietal,YUE206,9.0,0.00014705221764251604,3.2787139472995985,0.003870530284869666,0.03799278311226747
105,parietal,YUE206,10.0,0.00012560251584391066,2.800465896505351,0.0024223631100932313,0.05185123374797286
105,parietal,YUE206,11.0,0.00010687312957053729,2.3828706981238175,0.0015678427293147812,0.06816572068886381
105,parietal,YUE206,12.0,8.891529094297395e-05,1.9824781238704912,0.0010127078067712087,0.08779955121157837
105,parietal,YUE206,13.0,7.208013180806774e-05,1.6071170994294266,0.0006450601196134863,0.11174172703663258
105,parietal,YUE206,14.0,5.869074478210017e-05,1.3085838933913307,0.00040955518076099366,0.14330363169389534
105,parietal,YUE206,15.0,4.634601875342374e-05,1.0333427167896414,0.00024689451527274054,0.18771587008413698
105,parietal,YUE206,16.0,3.6724348764306487e-05,0.8188154958107456,0.00013211201777760394,0.27797886507287994
105,parietal,YUE206,17.0,3.3285925075507296e-05,0.7421515196672687,7.43682267235558e-05,0.4475826107732663
105,parietal,YUE206,18.0,3.3404012065809425e-05,0.7447844174793876,6.106720228117178e-05,0.547004133446417
105,parietal,YUE206,19.0,3.301557637987588e-05,0.7361237558347244,5.394210191941741e-05,0.612055800665627
105,parietal,YUE206,20.0,3.0560353152211466e-05,0.6813814692556349,4.6169101478051044e-05,0.6619221984802968
105,parietal,YUE206,21.0,2.679465107989934e-05,0.5974204103623953,3.6337602031031684e-05,0.7373808281850072
105,parietal,YUE206,22.0,2.319363816340608e-05,0.5171313031119729,2.7787260904110962e-05,0.8346860182960574
105,parietal,YUE206,23.0,2.0028281514367538e-05,0.44655569969870207,2.071482379142545e-05,0.9668574406439269
105,parietal,YUE206,24.0,1.7509246993127094e-05,0.39039066015745344,1.5559159270537783e-05,1.1253337464243278
105,parietal,YUE206,25.0,1.536522464870721e-05,0.34258698826002915,1.1949096393315796e-05,1.2858900910115982
105,parietal,YUE206,26.0,1.3514611946561097e-05,0.30132525297408697,9.262387248114525e-06,1.4590851779936285
105,parietal,YUE206,27.0,1.1954772555643283e-05,0.2665466739867076,7.371162607969469e-06,1.621829986862338
105,parietal,YUE206,28.0,1.0469215140487271e-05,0.23342430497608124,5.954956460174169e-06,1.7580674536419818
105,parietal,YUE206,29.0,9.089608939312562e-06,0.20266425139723107,4.83270243013306e-06,1.8808542571619284
105,parietal,YUE206,30.0,7.74112914916495e-06,0.1725982002591466,3.9834220368179015e-06,1.9433364272264855
105,parietal,YUE206,31.0,6.640245907194939e-06,0.1480526252405493,3.291453481320271e-06,2.017420554438885
105,parietal,YUE206,32.0,5.6466003124984795e-06,0.12589804830024098,2.6780745788017948e-06,2.108455215248278
105,parietal,YUE206,33.0,4.749421378863162e-06,0.10589431676805487,2.191019627863199e-06,2.1676763267954176
105,parietal,YUE206,34.0,3.855309344818081e-06,0.08595896561545552,1.702248083122257e-06,2.264834005714776
105,parietal,YUE206,35.0,3.0891144089063595e-06,0.06887568687952322,1.3438162620592754e-06,2.2987624842198104
105,parietal,YUE206,36.0,2.47318369181477e-06,0.05514273769267215,1.0439215807768715e-06,2.3691278515137717
105,parietal,YUE206,37.0,1.9540379023975785e-06,0.043567730067952844,8.019257946996626e-07,2.436681692137619
105,parietal,YUE206,38.0,1.5889215143077333e-06,0.03542700146685138,6.414217649689094e-07,2.477186776449269
105,parietal,YUE206,39.0,1.3273828298733774e-06,0.029595667902757028,5.137155079577468e-07,2.583887013943435
105,parietal,YUE206,40.0,1.1017113188225354e-06,0.024564038032411938,4.0042362328212745e-07,2.75136444196825
105,parietal,YUE206,41.0,8.980927735084698e-07,0.020024106740297493,3.231636677617449e-07,2.779064799359179
105,parietal,YUE206,42.0,7.599513369749415e-07,0.016944069853240505,2.5032867885720657e-07,3.035814116242094
105,parietal,YUE206,43.0,6.263580800168366e-07,0.013965440344105663,1.9730723878399921e-07,3.1745316790051374
105,parietal,YUE206,44.0,5.186691471291734e-07,0.01156438028605926,1.604698580341751e-07,3.2321904779071526
105,parietal,YUE206,45.0,4.54999000861278e-07,0.01014477438047108,1.241858469551033e-07,3.663855519911001
105,parietal,YUE206,46.0,3.8579090455349496e-07,0.008601692920917652,1.0305727683307091e-07,3.743461077264709
105,parietal,YUE206,47.0,3.382608310773795e-07,0.007541950216450892,8.921294398401953e-08,3.791611575310991
105,parietal,YUE206,48.0,2.836255968353388e-07,0.006323789025853736,6.563950510755499e-08,4.32095879410727
105,parietal,YUE206,49.0,2.3504206219531291e-07,0.005240558081179351,5.207436395001299e-08,4.513584888351849
105,parietal,YUE206,50.0,2.0383039451938384e-07,0.004544654736312271,4.062650663501511e-08,5.017177488347147
105,parietal,YUE206,51.0,1.6248312864414704e-07,0.003622765495325751,2.964243826684002e-08,5.481436013511457
105,parietal,YUE206,52.0,1.3930513074065774e-07,0.0031059829114588916,2.279908985901118e-08,6.110118061822471
105,parietal,YUE206,53.0,1.2279535242314345e-07,0.002737876661146838,1.7096462088251252e-08,7.182500788132583
105,parietal,YUE206,54.0,1.1388522759832173e-07,0.0025392142335842562,1.2631122058174076e-08,9.016239972490988
105,parietal,YUE206,55.0,1.0400220825843795e-07,0.0023188599004732675,1.118803771660904e-08,9.295839975945288
105,parietal,YUE206,56.0,9.457535070433641e-08,0.002108676267493474,9.695389612124033e-09,9.754672528690383
105,parietal,YUE206,57.0,8.461353651483445e-08,0.0018865651042131737,7.238587721724587e-09,11.68923272987225
105,parietal,YUE206,58.0,7.486544784922088e-08,0.0016692192200106109,7.449723983198611e-09,10.049425726116187
105,parietal,YUE206,59.0,6.730279165439697e-08,0.001500600298500162,5.977730895330915e-09,11.258919618975458
105,parietal,YUE206,60.0,5.874026288631858e-08,0.001309687961738939,4.6283598935780906e-09,12.69137755856485
105,parietal,YUE206,61.0,4.863825896430999e-08,0.0010844510922394027,3.781395178013547e-09,12.862516789335087
105,parietal,YUE206,62.0,4.174322700804161e-08,0.0009307176919240754,2.8479093627272194e-09,14.657498428274206
105,parietal,YUE206,63.0,3.5430215919983725e-08,0.0007899611781107944,2.471952547075707e-09,14.332886754601047
105,parietal,YUE206,64.0,2.7903781464023848e-08,0.0006221498657769555,1.8028468425789252e-09,15.47762172859244
105,parietal,YUE206,65.0,2.1628689375737937e-08,0.000482238803704649,1.25738175072998e-09,17.20137051709338
105,parietal,YUE206,66.0,2.0353461861131296e-08,0.00045380600408318893,1.2253332187359438e-09,16.61055258269091
105,parietal,YUE206,67.0,1.9157746714164312e-08,0.00042714603259681153,9.52867001666761e-10,20.105373237454398
105,parietal,YUE206,68.0,1.746266079104446e-08,0.0003893519622515751,6.266095829951105e-10,27.86848663816353
105,parietal,YUE206,69.0,1.5863249053907894e-08,0.0003536910680869421,6.444785028353805e-10,24.614085627554054
105,parietal,YUE206,70.0,1.4970654272147184e-08,0.0003337895459802837,7.082248761020454e-10,21.138277935877138
105,parietal,YUE206,71.0,1.3486738496465162e-08,0.0003007037793842696,8.264806451119007e-10,16.31827505729325
105,parietal,YUE206,72.0,1.3481278344570167e-08,0.00030058203843768953,5.92223931041398e-10,22.763818950821474
105,parietal,YUE206,73.0,1.1339930104367606e-08,0.0002528379890535088,3.4983538950920613e-10,32.415045602666765
105,parietal,YUE206,74.0,7.842900421662243e-09,0.0001748673186438994,3.1436740400443234e-10,24.94819857834772
105,parietal,YUE206,75.0,6.835309167325757e-09,0.0001524018057007271,3.3827485544262184e-10,20.206376729899045
105,parietal,YUE206,76.0,5.2312545500487126e-09,0.00011663739269009323,2.7364463841035407e-10,19.11696344733051
105,parietal,YUE206,77.0,4.578930927884685e-09,0.0001020930179609642,2.2686200860532082e-10,20.183771430194817
105,parietal,YUE206,78.0,4.228502530348808e-09,9.427977656311031e-05,7.332056229873252e-11,57.67144164989451
105,parietal,YUE206,79.0,4.003740400944389e-09,8.926842249911038e-05,1.0657231547753882e-10,37.56829701038275
105,parietal,YUE206,80.0,3.6028944498673425e-09,8.033105840093779e-05,9.76093598110871e-11,36.91136236156425
105,parietal,YUE206,81.0,2.9306064179890874e-09,6.534155207414208e-05,6.433943277066007e-11,45.54914912656016
105,parietal,YUE206,82.0,3.178226555668301e-09,7.086255415120531e-05,5.7730808250115505e-11,55.052521383362794
105,parietal,YUE206,83.0,3.285080084569295e-09,7.324498782777557e-05,4.583204142996488e-11,71.67649491653492
105,parietal,YUE206,84.0,3.256938469265455e-09,7.261753515772782e-05,6.113511240539256e-11,53.27443331858779
105,parietal,YUE206,85.0,3.5868116772148626e-09,7.997247277841338e-05,2.0655565416231738e-11,173.64868038888167
105,parietal,YUE206,86.0,3.109532886608032e-09,6.933094249345655e-05,1.084753116766951e-11,286.658119579857
105,parietal,YUE206,87.0,2.963796118558819e-09,6.608155814755757e-05,2.3183839126238748e-11,127.83888390618131
105,parietal,YUE206,88.0,2.678123264503297e-09,5.971212294982601e-05,3.759824953261148e-12,712.299986780071
105,parietal,YUE206,89.0,2.9116030070409794e-09,6.491784715135544e-05,1.3518619207033045e-11,215.37724840464637
105,parietal,YUE206,90.0,2.735811841144183e-09,6.0998362245394774e-05,2.5389993386357444e-11,107.75157754133917
105,parietal,YUE206,91.0,2.351154868751055e-09,5.2421951766653715e-05,2.4978327873209654e-11,94.12779272838239
105,parietal,YUE206,92.0,2.407969652060523e-09,5.368870874207317e-05,1.551100278660655e-11,155.2426806434306
105,parietal,YUE206,93.0,2.4906710512196885e-09,5.553264034155114e-05,2.7353344415226404e-11,91.05544877478461
105,parietal,YUE206,94.0,2.1323600586505087e-09,4.75436465838149e-05,8.75658004238055e-12,243.5151678315281
105,parietal,YUE206,95.0,1.7912885928335414e-09,3.9939029734591056e-05,2.914030417724668e-12,614.71170030964
105,parietal,YUE206,96.0,1.7354439771304264e-09,3.869390386486428e-05,1.8658116876378632e-11,93.0128152068506
105,parietal,YUE206,97.0,1.5430924087363568e-09,3.4405183978900115e-05,8.496756024773437e-11,18.16095936187014
105,parietal,YUE206,98.0,1.4601354791094785e-09,3.255555500659852e-05,1.6007854798941087e-10,9.121368837041587
105,parietal,YUE206,99.0,1.5313210335395494e-09,3.414272637944729e-05,1.248404640347605e-10,12.266223498762143
105,parietal,YUE206,100.0,1.6119145722936738e-09,3.593966058289979e-05,4.7773356028305997e-11,33.74086952021133
105,north_pole,YUE277,0.0,0.30890963291023726,1.0,0.3089063956993015,1.00001047958534
105,north_pole,YUE277,1.0,0.5530805461856404,1.7904282911965848,0.5530752875011323,1.0000095080807747
105,north_pole,YUE277,2.0,0.3666970883573452,1.1870691273130345,0.3666896141304986,1.000020382979388
105,north_pole,YUE277,3.0,0.1447885285905022,0.46870836375819575,0.14477890023573667,1.000066503853461
105,north_pole,YUE277,4.0,0.06596181560288907,0.21353110610848514,0.06595010942870747,1.00017750045122
105,north_pole,YUE277,5.0,0.03604349775206934,0.11667974680007091,0.036029954934641346,1.000375876613017
105,north_pole,YUE277,6.0,0.021308849827984432,0.06898085251416015,0.02129374962948044,1.000709137599847
105,north_pole,YUE277,7.0,0.01319788757710603,0.04272410495188754,0.013181467200580298,1.0012457169050961
105,north_pole,YUE277,8.0,0.008381873968096497,0.02713374098803871,0.008364284341467807,1.0021029446047747
105,north_pole,YUE277,9.0,0.0053470463086627016,0.017309419127814776,0.005328692493871779,1.0034443373889619
105,north_pole,YUE277,10.0,0.0033674949969657916,0.010901230127531554,0.0033485924707848344,1.0056449168854897
105,north_pole,YUE277,11.0,0.0021128752213850563,0.006839784183742221,0.00209305425065013,1.0094698791150634
105,north_pole,YUE277,12.0,0.0013446459730719665,0.004352878090605522,0.0013228929029068344,1.016443561014904
105,north_pole,YUE277,13.0,0.0008558433969318767,0.0027705299730182483,0.0008311180404432403,1.0297495124464513
105,north_pole,YUE277,14.0,0.0005421099735301572,0.0017549144337874474,0.00051322103047436,1.056289476347249
105,north_pole,YUE277,15.0,0.000337338508676414,0.0010920297483064815,0.0003029864025541166,1.1133783755070057
105,north_pole,YUE277,16.0,0.00021090074962752464,0.0006827263612359023,0.00016936115437951542,1.2452722727369028
105,north_pole,YUE277,17.0,0.00015451648259173263,0.000500199625165564,0.00010557585959328587,1.4635588399372992
105,north_pole,YUE277,18.0,0.00014212166599286978,0.0004600752156996263,8.89405087830138e-05,1.5979407801635235
105,north_pole,YUE277,19.0,0.00013891007182297575,0.0004496786665870667,8.41060235088712e-05,1.6516066986370366
105,north_pole,YUE277,20.0,0.00013663819301968372,0.0004423241571731366,8.231232414268561e-05,1.6599967798604016
105,north_pole,YUE277,21.0,0.00013141622045847914,0.0004254196258640661,8.099720985723097e-05,1.622478363021625
105,north_pole,YUE277,22.0,0.00011576012941255873,0.00037473784265638693,7.313122015654427e-05,1.582909859356418
105,north_pole,YUE277,23.0,9.367308820244614e-05,0.0003032378347025054,5.723755051785967e-05,1.6365670325675028
105,north_pole,YUE277,24.0,7.627724086070115e-05,0.00024692412516273243,4.358997661888392e-05,1.7498802884802775
105,north_pole,YUE277,25.0,6.351517122926492e-05,0.00020561084687093946,3.3548474154284566e-05,1.8932357679567737
105,north_pole,YUE277,26.0,5.2781760377292036e-05,0.00017086472791422896,2.5447033993966532e-05,2.0741812342376145
105,north_pole,YUE277,27.0,4.399174221854072e-05,0.0001424097455430398,1.938729706473955e-05,2.269101364240725
105,north_pole,YUE277,28.0,3.668145943956365e-05,0.00011874495169991193,1.4810318126808966e-05,2.47675027136416
105,north_pole,YUE277,29.0,3.076708558628395e-05,9.959898400197908e-05,1.1551959777829976e-05,2.663365020135442
105,north_pole,YUE277,30.0,2.5818529978877654e-05,8.357955605217394e-05,8.906071098976837e-06,2.8989808965082013
105,north_pole,YUE277,31.0,2.1606675401897875e-05,6.994497127959854e-05,6.813065572650001e-06,3.1713587916479966
105,north_pole,YUE277,32.0,1.8216599831550034e-05,5.897064348538267e-05,5.335486374759163e-06,3.414234158244347
105,north_pole,YUE277,33.0,1.558617096595146e-05,5.0455438437170654e-05,4.212924156563841e-06,3.699608724659289
105,north_pole,YUE277,34.0,1.3503611156576403e-05,4.371379108303907e-05,3.3842479256229883e-06,3.9901364951241254
105,north_pole,YUE277,35.0,1.1701619240898263e-05,3.788039605841139e-05,2.7631423370010685e-06,4.234895569512508
105,north_pole,YUE277,36.0,1.0090983865890292e-05,3.266645902500076e-05,2.248623249866964e-06,4.487627647934045
105,north_pole,YUE277,37.0,8.703709604296277e-06,2.8175584951167237e-05,1.8555594803164859e-06,4.690612021131096
105,north_pole,YUE277,38.0,7.547695403918293e-06,2.4433344252853056e-05,1.522783201420429e-06,4.956513439915753
105,north_pole,YUE277,39.0,6.592884648557014e-06,2.134243787234945e-05,1.2745324185435606e-06,5.172786939457268
105,north_pole,YUE277,40.0,5.709707223833606e-06,1.8483422384865313e-05,1.0650576815471984e-06,5.360937086092063
105,north_pole,YUE277,41.0,4.93699334990601e-06,1.5981998694552195e-05,8.934386099459526e-07,5.52583389048372
105,north_pole,YUE277,42.0,4.271527301775624e-06,1.3827756880009117e-05,7.599484435308503e-07,5.620811961834383
105,north_pole,YUE277,43.0,3.6797991082030275e-06,1.1912218707897338e-05,6.438803229348593e-07,5.7150358181939795
105,north_pole,YUE277,44.0,3.133788893415294e-06,1.014467844169142e-05,5.459090926484673e-07,5.740495873061535
105,north_pole,YUE277,45.0,2.607068918110969e-06,8.439584397384361e-06,4.3583809774238446e-07,5.9817370982835865
105,north_pole,YUE277,46.0,2.1426294897055426e-06,6.936104483113178e-06,3.604563608415948e-07,5.944213287575017
105,north_pole,YUE277,47.0,1.6922816637754014e-06,5.4782418011132185e-06,3.0387104924691283e-07,5.569078291497011
105,north_pole,YUE277,48.0,1.3481811866377745e-06,4.364322258055087e-06,2.423207680116154e-07,5.563622126573777
105,north_pole,YUE277,49.0,1.075540954688976e-06,3.481733297069133e-06,1.8701425277496063e-07,5.751117568473264
105,north_pole,YUE277,50.0,8.777050982871858e-07,2.8413005124454266e-06,1.4658861570372545e-07,5.987539305652093
105,north_pole,YUE277,51.0,7.56422866794743e-07,2.448686561401417e-06,1.3018484580064817e-07,5.81037571725554
105,north_pole,YUE277,52.0,6.839950257651808e-07,2.2142236851640544e-06,1.1624545028452028e-07,5.88405846500699
105,north_pole,YUE277,53.0,6.242970713747922e-07,2.020969904671765e-06,1.0191157519366516e-07,6.125870100510414
105,north_pole,YUE277,54.0,5.122557218983294e-07,1.6582704691736833e-06,8.643664301920861e-08,5.926372242203946
105,north_pole,YUE277,55.0,4.103569822629258e-07,1.328404615929109e-06,7.194577007178902e-08,5.703698519780424
105,north_pole,YUE277,56.0,3.214801573488415e-07,1.0406932095971801e-06,5.410127153133207e-08,5.942192267378787
105,north_pole,YUE277,57.0,2.500092741726052e-07,8.09328190310118e-07,4.068259224750481e-08,6.1453624354023075
105,north_pole,YUE277,58.0,2.059853674324665e-07,6.668143220134594e-07,3.8442411827869174e-08,5.35828418765171
105,north_pole,YUE277,59.0,1.5640493914551218e-07,5.063129228830498e-07,2.983505254444778e-08,5.242321558257777
105,north_pole,YUE277,60.0,1.258064081930787e-07,4.07259582706621e-07,2.3213402188988836e-08,5.419559234309668
105,north_pole,YUE277,61.0,9.988073278554628e-08,3.2333317625795616e-07,1.3858444739008546e-08,7.2072108138082385
105,north_pole,YUE277,62.0,8.120254816625665e-08,2.6286829388014725e-07,1.1745806336069086e-08,6.913322580238653
105,north_pole,YUE277,63.0,6.336496881045222e-08,2.051246127014264e-07,9.724464144984772e-09,6.51603706545945
105,north_pole,YUE277,64.0,4.776085588335489e-08,1.5461109267911112e-07,7.258430559578638e-09,6.580052738856466
105,north_pole,YUE277,65.0,3.747270229655262e-08,1.213063572784129e-07,7.140209931103177e-09,5.2481233266432845
105,north_pole,YUE277,66.0,2.6261294017640137e-08,8.501286855392795e-08,3.975875827616545e-09,6.605159506046052
105,north_pole,YUE277,67.0,2.04883673191077e-08,6.632479254883319e-08,3.5495576208055445e-09,5.772090358250904
105,north_pole,YUE277,68.0,1.6342067531474578e-08,5.290242125995224e-08,2.3412534307845516e-09,6.980050650047897
105,north_pole,YUE277,69.0,1.3813760575936975e-08,4.471780451065107e-08,1.7587710394537403e-09,7.854211984424883
105,north_pole,YUE277,70.0,1.1435816948460064e-08,3.701994282510146e-08,1.341465659883543e-09,8.52486745687761
105,north_pole,YUE277,71.0,9.39463553768538e-09,3.04122453197025e-08,1.4219218854485796e-09,6.6069983406448625
105,north_pole,YUE277,72.0,8.528627607664078e-09,2.7608810794651783e-08,1.7518972493160797e-09,4.868223642107752
105,north_pole,YUE277,73.0,7.888887539553573e-09,2.5537848934111807e-08,1.8032703469608746e-09,4.374766963172792
105,north_pole,YUE277,74.0,6.643293316213512e-09,2.1505620441897696e-08,8.05814861288731e-10,8.24419309615234
105,north_pole,YUE277,75.0,6.374912140573304e-09,2.0636818866784e-08,5.232972333951516e-10,12.182201115822618
105,north_pole,YUE277,76.0,5.979509857786501e-09,1.9356825494412542e-08,3.8460333457358603e-10,15.547212726109224
105,north_pole,YUE277,77.0,5.7479197374064734e-09,1.8607123653786154e-08,3.885288249653537e-10,14.794062545858813
105,north_pole,YUE277,78.0,5.800754634114849e-09,1.877816039424199e-08,2.8321623708008887e-10,20.48171635185765
105,north_pole,YUE277,79.0,5.05651737696157e-09,1.6368920999077065e-08,1.98286628663069e-10,25.50105073173474
105,north_pole,YUE277,80.0,5.341945296097989e-09,1.7292906167319965e-08,9.981598469117429e-11,53.51793415278828
105,north_pole,YUE277,81.0,4.5018050657460044e-09,1.4573210370083007e-08,1.135011374635327e-10,39.66308326374623
105,north_pole,YUE277,82.0,4.240783284509179e-09,1.3728232572603077e-08,1.2184056608020097e-10,34.806004444510734
105,north_pole,YUE277,83.0,3.990421031051495e-09,1.2917761720337897e-08,1.217185755759866e-10,32.783993833055916
105,north_pole,YUE277,84.0,3.0756497542050518e-09,9.956470846277468e-09,1.1134038928160362e-10,27.62384588422874
105,north_pole,YUE277,85.0,3.2194657750222075e-09,1.042203101499822e-08,1.225056271693357e-10,26.28014605869525
105,north_pole,YUE277,86.0,2.9733343557130687e-09,9.625256188035606e-09,1.1642463987668708e-10,25.538703481173066
105,north_pole,YUE277,87.0,2.7285168759463056e-09,8.832734836531161e-09,1.6976582008021164e-10,16.072239244961825
105,north_pole,YUE277,88.0,2.656419811131486e-09,8.59934274663227e-09,1.0817224410851077e-10,24.557314429630885
105,north_pole,YUE277,89.0,2.42412417847407e-09,7.847357026831437e-09,1.5554371087925628e-10,15.584842130684677
105,north_pole,YUE277,90.0,2.55306011978647e-09,8.264747511219038e-09,1.1395330575168826e-10,22.404441037891043
105,north_pole,YUE277,91.0,2.3546979608722956e-09,7.62261098395893e-09,5.986391792269112e-11,39.3341772904536
105,north_pole,YUE277,92.0,1.7408275647662568e-09,5.6353942360616035e-09,2.7016056561357275e-11,64.43677524928896
105,north_pole,YUE277,93.0,1.6986246450036627e-09,5.498775253464653e-09,2.7384754171620766e-11,62.02811368538678
105,north_pole,YUE277,94.0,1.6120053135480782e-09,5.218371788413906e-09,3.3491863884967025e-11,48.13125119237195
105,north_pole,YUE277,95.0,1.8527851610093218e-09,5.997822546206264e-09,3.2307557406109176e-11,57.34835158596578
105,north_pole,YUE277,96.0,1.6480886128722935e-09,5.335180380571667e-09,1.0054426047526846e-10,16.39167273280293
105,north_pole,YUE277,97.0,3.2183108359951027e-09,1.0418292254842946e-08,1.0158346317115105e-09,3.1681444356477493
105,north_pole,YUE277,98.0,1.8206476335201191e-09,5.89378717771861e-09,2.8603266338712982e-11,63.65173864972094
105,north_pole,YUE277,99.0,1.3138356133327845e-09,4.253139019832891e-09,2.1528797397104263e-11,61.02689291458065
105,north_pole,YUE277,100.0,1.1830585780016139e-09,3.829788559379067e-09,1.551706500676072e-11,76.24241939349744
181,frontal,YUE011,0.0,0.20914968723535118,1.0,0.20908934727816664,1.0002885845595197
181,frontal,YUE011,1.0,0.33175524517044686,1.5862096164510662,0.3316470276273168,1.0003263033710998
181,frontal,YUE011,2.0,0.2386700498616162,1.1411446654139457,0.2385184190272342,1.0006357196018671
181,frontal,YUE011,3.0,0.12112660212352447,0.5791383373536848,0.12094045891178289,1.001539131018821
181,frontal,YUE011,4.0,0.06225198755564915,0.2976432256654463,0.06204299467112448,1.0033685170361697
181,frontal,YUE011,5.0,0.03389611415093474,0.1620662913676378,0.033678502625377325,1.00646143707688
181,frontal,YUE011,6.0,0.01910700053057672,0.09135562564373365,0.0188954203724392,1.011197430592554
181,frontal,YUE011,7.0,0.011046301387696248,0.052815290014113704,0.010849513233567913,1.018137970791121
181,frontal,YUE011,8.0,0.006697442917757921,0.03202224687155017,0.006515931184776442,1.027856606804804
181,frontal,YUE011,9.0,0.004157457761706525,0.019877905707926,0.00399116160754641,1.0416661038845647
181,frontal,YUE011,10.0,0.002613015180033826,0.012493517033537144,0.0024613793597637462,1.0616060338966338
181,frontal,YUE011,11.0,0.0016431076158068814,0.007856132311390604,0.0015024019515886776,1.0936538082032028
181,frontal,YUE011,12.0,0.0010086784904800117,0.004822758780150456,0.0008729938184547599,1.1554245507321232
181,frontal,YUE011,13.0,0.0005992255718877264,0.0028650560266601406,0.000461716122465652,1.2978224990016545
181,frontal,YUE011,14.0,0.0003814144779355291,0.0018236435491597576,0.00023057457753727968,1.6541913770778194
181,frontal,YUE011,15.0,0.0003216497848290508,0.00153789273644529,0.00015222988755065746,2.1129213849154
181,frontal,YUE011,16.0,0.0003138372993828713,0.001500539176182069,0.00014198354699679387,2.2103779347754853
181,frontal,YUE011,17.0,0.00029861723796851587,0.0014277680350173747,0.000132093669576987,2.2606476065416246
181,frontal,YUE011,18.0,0.0002768732636428522,0.0013238043398615905,0.00012147975565225238,2.2791720493365895
181,frontal,YUE011,19.0,0.0002511376949042881,0.0012007557755593908,0.00011069988405872644,2.2686355730152274
181,frontal,YUE011,20.0,0.000222797819746971,0.0010652553331158554,9.81026446671177e-05,2.271068435544928
181,frontal,YUE011,21.0,0.0001947534901348327,0.0009311679721312765,8.532177487618412e-05,2.282576639052011
181,frontal,YUE011,22.0,0.00016815939818143907,0.000804014581155999,7.303009122765821e-05,2.3026042464774186
181,frontal,YUE011,23.0,0.00014539366910278054,0.0006951656061487317,6.243472379913634e-05,2.3287308769161523
181,frontal,YUE011,24.0,0.0001265308097992119,0.0006049772843161357,5.3522502449965796e-05,2.364067523141246
181,frontal,YUE011,25.0,0.00011017146524324913,0.0005267589289735624,4.589390384723354e-05,2.400568616040499
181,frontal,YUE011,26.0,9.655199752680061e-05,0.00046164064982871783,3.9642859278594375e-05,2.4355457523452397
181,frontal,YUE011,27.0,8.531138344633984e-05,0.0004078962994113444,3.462155939104802e-05,2.464111523191486
181,frontal,YUE011,28.0,7.508555710474278e-05,0.0003590039177072772,3.036577111973225e-05,2.472703782449008
181,frontal,YUE011,29.0,6.48269879623473e-05,0.00030995498400817126,2.6514750063211476e-05,2.444940563565525
181,frontal,YUE011,30.0,5.4845754812408385e-05,0.0002622320670778329,2.2656886451458334e-05,2.420710141700789
181,frontal,YUE011,31.0,4.669355574295011e-05,0.00022325424608647372,1.885718172068622e-05,2.4761683073631064
181,frontal,YUE011,32.0,4.000307349296519e-05,0.00019126528000948278,1.550124431445479e-05,2.5806362819314215
181,frontal,YUE011,33.0,3.5009875029158875e-05,0.00016739147685056345,1.2973387479465437e-05,2.6985916426664414
181,frontal,YUE011,34.0,3.177902038576926e-05,0.00015194390584963717,1.1465799134476582e-05,2.7716358897490823
181,frontal,YUE011,35.0,2.8675437963264775e-05,0.00013710485701562148,1.0252823389473085e-05,2.79683330863836
181,frontal,YUE011,36.0,2.2901812709218374e-05,0.0001094996268555138,8.375135580053298e-06,2.7345005331928762
181,frontal,YUE011,37.0,1.5877531614097548e-05,7.591468016985814e-05,5.710017420681367e-06,2.780645039118446
181,frontal,YUE011,38.0,1.1065130573214257e-05,5.290531733266676e-05,3.834124638976594e-06,2.8859600600171844
181,frontal,YUE011,39.0,7.646132818927602e-06,3.655818433198798e-05,2.5953137774048126e-06,2.946130400684484
181,frontal,YUE011,40.0,5.354484320917708e-06,2.5601206445470004e-05,1.7488696836722997e-06,3.061682852020335
181,frontal,YUE011,41.0,4.297930605149178e-06,2.0549543544441538e-05,1.348786384348285e-06,3.186516897726454
181,frontal,YUE011,42.0,3.876708949372083e-06,1.8535571344219675e-05,1.1938511294751853e-06,3.247229787416021
181,frontal,YUE011,43.0,3.5617488970848625e-06,1.70296639892983e-05,1.0775018834347138e-06,3.3055616438750013
181,frontal,YUE011,44.0,3.1387210188408114e-06,1.5007055761498142e-05,9.353960593171426e-07,3.3554995101563065
181,frontal,YUE011,45.0,2.7034760227815193e-06,1.2926034260521565e-05,7.854981655402014e-07,3.441734355830468
181,frontal,YUE011,46.0,2.3013732261744864e-06,1.1003474385236855e-05,6.652258004245681e-07,3.4595369342344773
181,frontal,YUE011,47.0,2.0075760014363974e-06,9.598752108949222e-06,5.876491632285776e-07,3.4162832639914975
181,frontal,YUE011,48.0,1.7739307290598406e-06,8.481632234351268e-06,5.183042295128698e-07,3.422566570076181
181,frontal,YUE011,49.0,1.4762745127439321e-06,7.058459098161191e-06,4.227595280053965e-07,3.49199583912178
181,frontal,YUE011,50.0,1.0927760996284395e-06,5.2248517034537305e-06,3.0827456950136976e-07,3.544814291350698
181,frontal,YUE011,51.0,7.471852810128841e-07,3.5724905491830557e-06,2.055721806676197e-07,3.6346614536379023
181,frontal,YUE011,52.0,5.468124464053034e-07,2.614455004132941e-06,1.4654955365104892e-07,3.731246071941821
181,frontal,YUE011,53.0,4.4269346120205077e-07,2.1166345838418508e-06,1.1992077645856192e-07,3.6915493234403924
181,frontal,YUE011,54.0,3.879438831147368e-07,1.8548623631370423e-06,1.0292771669582569e-07,3.7690905381802775
181,frontal,YUE011,55.0,3.3478465255841624e-07,1.6006940148167232e-06,8.625188315205268e-08,3.881476442296655
181,frontal,YUE011,56.0,2.6445859709806097e-07,1.264446533933718e-06,6.087413119016102e-08,4.344351072082405
181,frontal,YUE011,57.0,2.1034611121103045e-07,1.0057204196262219e-06,4.1488626427294004e-08,5.069970479250445
181,frontal,YUE011,58.0,1.7256207226484076e-07,8.25064930987254e-07,3.0568490690327534e-08,5.645096253294663
181,frontal,YUE011,59.0,1.4035659672736861e-07,6.710820302084825e-07,2.616708226359476e-08,5.363861179228273
181,frontal,YUE011,60.0,1.154938767915372e-07,5.522067870059718e-07,2.2395434799897287e-08,5.157027663158694
181,frontal,YUE011,61.0,9.560214529511838e-08,4.5709915495852285e-07,1.6669162788482364e-08,5.735269761788825
181,frontal,YUE011,62.0,7.774855746602089e-08,3.717364271194548e-07,1.0973049879893307e-08,7.085410010619295
181,frontal,YUE011,63.0,6.148340585031846e-08,2.9396843314966396e-07,7.4196660592833974e-09,8.286546235243453
181,frontal,YUE011,64.0,5.068352619421505e-08,2.423313506425763e-07,4.747049463109306e-09,10.676848132317009
181,frontal,YUE011,65.0,4.0405156703863826e-08,1.9318774624031286e-07,2.9929903385327986e-09,13.499928878377515
181,frontal,YUE011,66.0,3.3352744584147966e-08,1.5946829768201812e-07,2.464003331988386e-09,13.535998166541916
181,frontal,YUE011,67.0,2.9261205340136157e-08,1.3990556585059207e-07,1.946433244210736e-09,15.033243717536974
181,frontal,YUE011,68.0,2.7361964591828232e-08,1.30824793254596e-07,1.9708400452081793e-09,13.88340198300466
181,frontal,YUE011,69.0,2.7729044907033145e-08,1.325799013786251e-07,1.924114606794199e-09,14.411327063949164
181,frontal,YUE011,70.0,2.6552371988175623e-08,1.2695391678160566e-07,1.3600541229584479e-09,19.523025988420056
181,frontal,YUE011,71.0,2.550771962264213e-08,1.21959157385394e-07,1.7024978281277738e-09,14.982526967856876
181,frontal,YUE011,72.0,2.538655864556405e-08,1.2137985469228627e-07,1.8739930151172036e-09,13.546773355489972
181,frontal,YUE011,73.0,2.59119564683341e-08,1.2389192071406729e-07,1.4303932166352207e-09,18.1152680025203
181,frontal,YUE011,74.0,2.422391613502064e-08,1.1582095319015248e-07,9.474528097614725e-10,25.567411786048922
181,frontal,YUE011,75.0,2.145345421186595e-08,1.0257464161409376e-07,9.250758142673576e-10,23.19102270429227
181,frontal,YUE011,76.0,2.117429965109257e-08,1.0123992978897278e-07,1.0143214202650477e-09,20.87533520248405
181,frontal,YUE011,77.0,2.0966382333462442e-08,1.0024582207416581e-07,1.179796307589821e-09,17.77118829630361
181,frontal,YUE011,78.0,2.169880975217851e-08,1.0374775137847255e-07,8.622397820283119e-10,25.165632814035508
181,frontal,YUE011,79.0,2.1740472328578357e-08,1.039469511810186e-07,7.105799510150017e-10,30.59539225322074
181,frontal,YUE011,80.0,1.928330468283742e-08,9.219858244941277e-08,5.46274764243295e-10,35.299643961311
181,frontal,YUE011,81.0,1.7718632746670002e-08,8.471747187807957e-08,5.061130114694471e-10,35.00924170122751
181,frontal,YUE011,82.0,1.7055727775916812e-08,8.154794779455925e-08,5.49556103286331e-10,31.03546239214524
181,frontal,YUE011,83.0,1.6172689585442964e-08,7.732590853575707e-08,6.491779486428552e-10,24.912567685413414
181,frontal,YUE011,84.0,1.5534319980466932e-08,7.427369452858196e-08,7.017624841756212e-10,22.136150522089398
181,frontal,YUE011,85.0,1.455663954445513e-08,6.959914564956958e-08,4.837611081006184e-10,30.090553582549397
181,frontal,YUE011,86.0,1.334736978490491e-08,6.381730693140092e-08,4.699497021244686e-10,28.401698574478065
181,frontal,YUE011,87.0,1.3126804471181725e-08,6.2762725800352e-08,4.952152473710738e-10,26.50727040588387
181,frontal,YUE011,88.0,1.1071475755819115e-08,5.2935655329766984e-08,5.039766381806949e-10,21.968232090650137
181,frontal,YUE011,89.0,8.034929032495452e-09,3.8417121912565605e-08,3.729931853320361e-10,21.54175826387501
181,frontal,YUE011,90.0,6.8479583024623226e-09,3.2741900755302e-08,1.6281143836592593e-10,42.06067074397582
181,frontal,YUE011,91.0,5.977658471871967e-09,2.8580766965935976e-08,1.1019388506257779e-10,54.24673491162714
181,frontal,YUE011,92.0,5.429705684482681e-09,2.5960859689800837e-08,9.28316254304877e-11,58.48982670833921
181,frontal,YUE011,93.0,4.529985191444555e-09,2.1659057927956977e-08,1.2804046103733175e-10,35.379325837664574
181,frontal,YUE011,94.0,3.846365632900104e-09,1.8390491918698783e-08,1.445140204141468e-10,26.61586482665992
181,frontal,YUE011,95.0,3.5509565049647885e-09,1.6978062706682326e-08,3.9745938224355034e-11,89.34136829078238
181,frontal,YUE011,96.0,3.493546916180113e-09,1.6703572270939652e-08,3.587787682885891e-11,97.37329031047975
181,frontal,YUE011,97.0,3.0112187439344648e-09,1.439743364543506e-08,2.7737346808482407e-11,108.56188822694457
181,frontal,YUE011,98.0,2.6920158851805203e-09,1.287124031006204e-08,3.153099017784883e-11,85.37682673447144
181,frontal,YUE011,99.0,2.443973719883309e-09,1.1685285080695165e-08,3.0047641541192284e-11,81.33662392547075
181,frontal,YUE011,100.0,2.5998774379391263e-09,1.243070201206443e-08,3.357411282599016e-11,77.43696613560336
181,occipital,YUE031,0.0,0.2741323358967912,1.0,0.27405863851869233,1.000268910983785
181,occipital,YUE031,1.0,0.2116957233511991,0.7722391547084798,0.21157101381920895,1.0005894452635025
181,occipital,YUE031,2.0,0.10659653773312208,0.3888506526762129,0.10642922455118872,1.0015720605185174
181,occipital,YUE031,3.0,0.05411491496802022,0.1974043477614187,0.053916922636664394,1.0036721741834203
181,occipital,YUE031,4.0,0.02956784024494279,0.10785973186349991,0.02935140529326431,1.0073739212659827
181,occipital,YUE031,5.0,0.017209574939930836,0.0627783471206772,0.016988857410373735,1.0129918995860385
181,occipital,YUE031,6.0,0.010386662779919495,0.037889228740348224,0.010176079122627649,1.0206939878075034
181,occipital,YUE031,7.0,0.006318340301732442,0.023048504223563217,0.006129417873985068,1.030822246358698
181,occipital,YUE031,8.0,0.003867082923014527,0.014106628137697901,0.0037037218079525856,1.0441072854638205
181,occipital,YUE031,9.0,0.0024426516081196147,0.008910483325977476,0.0023023004219387662,1.060961282395396
181,occipital,YUE031,10.0,0.00156816153885028,0.005720454442998221,0.0014490656005545013,1.0821880929684655
181,occipital,YUE031,11.0,0.0010135080881043387,0.003697148987509146,0.0009139547116805927,1.1089259403681895
181,occipital,YUE031,12.0,0.000648929284499907,0.0023672117423762227,0.0005668837573015253,1.1447307779445544
181,occipital,YUE031,13.0,0.000405779723794496,0.001480232977503497,0.0003392231465569312,1.196202935775772
181,occipital,YUE031,14.0,0.00025547337133160396,0.0009319344633162423,0.00019984684565695573,1.2783457776968528
181,occipital,YUE031,15.0,0.00018890497619144294,0.0006891013990504363,0.00013745923469442482,1.3742618065012746
181,occipital,YUE031,16.0,0.00015611879115872326,0.0005695015535033445,0.00010711269357404763,1.4575190479249542
181,occipital,YUE031,17.0,0.000123489089469346,0.00045047253934989536,7.877962484050606e-05,1.5675257367543556
181,occipital,YUE031,18.0,9.724261681579062e-05,0.0003547287352937515,5.735473768655677e-05,1.6954591850322955
181,occipital,YUE031,19.0,7.712852021656726e-05,0.000281355061467851,4.2159097088233985e-05,1.8294632841672682
181,occipital,YUE031,20.0,6.167407207546474e-05,0.00022497919435044165,3.082954467401106e-05,2.00048598601118
181,occipital,YUE031,21.0,5.0381070328068236e-05,0.0001837837559850522,2.302944417883591e-05,2.1876806898521894
181,occipital,YUE031,22.0,4.156691932382047e-05,0.00015163085079999503,1.7469034341024926e-05,2.379462912051365
181,occipital,YUE031,23.0,3.4687734483956045e-05,0.00012653645681921932,1.3500731046774775e-05,2.569322680659037
181,occipital,YUE031,24.0,2.911435196288334e-05,0.0001062054641151297,1.0742531513250123e-05,2.710194699170575
181,occipital,YUE031,25.0,2.4170685454709574e-05,8.817159557495493e-05,8.531598158441207e-06,2.833078282149866
181,occipital,YUE031,26.0,2.0013738995656948e-05,7.300758201393641e-05,6.725562661618472e-06,2.9757716941471104
181,occipital,YUE031,27.0,1.6287576510404057e-05,5.9415013763776515e-05,5.2400827814395975e-06,3.1082670235849603
181,occipital,YUE031,28.0,1.3083561897535416e-05,4.772717474111219e-05,4.020167299094663e-06,3.2544819466796366
181,occipital,YUE031,29.0,1.061449076117499e-05,3.8720316326240574e-05,3.098755436282772e-06,3.425404482358246
181,occipital,YUE031,30.0,8.76428085288445e-06,3.197098519666843e-05,2.468283115145838e-06,3.5507599590602936
181,occipital,YUE031,31.0,7.3248569230213025e-06,2.6720149226682462e-05,1.9545202599900617e-06,3.747649524522477
181,occipital,YUE031,32.0,6.168968496829354e-06,2.2503614820368822e-05,1.5508957306952224e-06,3.977681010227542
181,occipital,YUE031,33.0,5.190865402682027e-06,1.893561876128451e-05,1.27520562120707e-06,4.070610508890727
181,occipital,YUE031,34.0,4.239289586113763e-06,1.5464390847017128e-05,1.0242641152775624e-06,4.138863719700821
181,occipital,YUE031,35.0,3.442067782959796e-06,1.255622680082407e-05,8.054495119726443e-07,4.273474292050598
181,occipital,YUE031,36.0,2.8227367607539792e-06,1.029698576608897e-05,6.391178168842165e-07,4.416614098657416
181,occipital,YUE031,37.0,2.27985539516919e-06,8.31662338450849e-06,5.109750355768465e-07,4.461774522106409
181,occipital,YUE031,38.0,1.8367980878806204e-06,6.700406509402675e-06,4.0299135673314194e-07,4.5579093873641945
181,occipital,YUE031,39.0,1.5033039489031307e-06,5.483862179137865e-06,3.293438646718698e-07,4.564542140175876
181,occipital,YUE031,40.0,1.2266268035308232e-06,4.474579036865753e-06,2.562150036388793e-07,4.787490139569208
181,occipital,YUE031,41.0,1.0115685271798836e-06,3.690073715202761e-06,2.114682314679084e-07,4.783548432585229
181,occipital,YUE031,42.0,8.099639450936437e-07,2.954645764221661e-06,1.7279105256950637e-07,4.687534065271292
181,occipital,YUE031,43.0,6.491164909259945e-07,2.367894647679878e-06,1.3518013108993774e-07,4.801863156162541
181,occipital,YUE031,44.0,5.388962894239791e-07,1.9658253290734354e-06,1.0598745984913635e-07,5.084528775300868
181,occipital,YUE031,45.0,4.56796322272733e-07,1.666335059592216e-06,8.601236032599143e-08,5.310821846318954
181,occipital,YUE031,46.0,3.7460882416416294e-07,1.3665254882780425e-06,6.650899500936174e-08,5.632453536719859
181,occipital,YUE031,47.0,2.884845610858821e-07,1.052355097555855e-06,4.593039133013033e-08,6.28090797250918
181,occipital,YUE031,48.0,2.1818648315022653e-07,7.959166233945204e-07,2.9751944008746766e-08,7.3335202259752155
181,occipital,YUE031,49.0,1.7049699965151516e-07,6.219514348562879e-07,2.0885929163442624e-08,8.163247051030991
181,occipital,YUE031,50.0,1.2861734935535974e-07,4.6917978112506666e-07,1.4380088172974878e-08,8.944128005909999
181,occipital,YUE031,51.0,9.826146265913853e-08,3.5844535573553516e-07,1.0141732879870068e-08,9.688823776277316
181,occipital,YUE031,52.0,9.048005406485419e-08,3.3005976390512084e-07,9.146722498846842e-09,9.892073808543039
181,occipital,YUE031,53.0,8.776711910407877e-08,3.2016332118193617e-07,9.508948472351319e-09,9.229950015953364
181,occipital,YUE031,54.0,8.188390262600879e-08,2.9870209349121613e-07,8.445710190460806e-09,9.695324700875288
181,occipital,YUE031,55.0,7.682112173921568e-08,2.8023371080213705e-07,6.1659938365583615e-09,12.458838554742135
181,occipital,YUE031,56.0,7.539612628186548e-08,2.750355080702758e-07,5.069424829244702e-09,14.87271807383695
181,occipital,YUE031,57.0,7.118157610361408e-08,2.5966136344605994e-07,4.509421817748584e-09,15.785078216336137
181,occipital,YUE031,58.0,6.886359812758846e-08,2.5120567372072113e-07,4.275091823914763e-09,16.108098016133155
181,occipital,YUE031,59.0,5.6884589516517847e-08,2.0750776930575046e-07,3.454797542483932e-09,16.465390176125613
181,occipital,YUE031,60.0,3.6590697818231365e-08,1.3347822575738562e-07,2.4978361502063445e-09,14.64895838552446
181,occipital,YUE031,61.0,3.4191706446771265e-08,1.2472700943840565e-07,2.4049805101939334e-09,14.217040970537473
181,occipital,YUE031,62.0,3.880444923161437e-08,1.415537101986537e-07,2.083469933315104e-09,18.624914432948326
181,occipital,YUE031,63.0,3.505111281547611e-08,1.2786201489441434e-07,1.8660563891775826e-09,18.783522844625292
181,occipital,YUE031,64.0,2.8837379853998414e-08,1.0519510498336641e-07,1.9702577913835374e-09,14.636348593626664
181,occipital,YUE031,65.0,2.7077678451487413e-08,9.877593740594674e-08,1.8220719710764736e-09,14.860926945432357
181,occipital,YUE031,66.0,2.9793078954969988e-08,1.0868137411628398e-07,1.6789673405027912e-09,17.744882962433337
181,occipital,YUE031,67.0,3.081747780122356e-08,1.1241825120851891e-07,1.8261298492148362e-09,16.875841449321832
181,occipital,YUE031,68.0,3.160219191535933e-08,1.1528078879121112e-07,1.6188510590046356e-09,19.52137087570626
181,occipital,YUE031,69.0,3.5901366541963214e-08,1.3096363267221352e-07,1.4544656644063299e-09,24.683543531168265
181,occipital,YUE031,70.0,3.5639428413976616e-08,1.3000811559638333e-07,1.375677926063589e-09,25.906811281007084
181,occipital,YUE031,71.0,3.3832974531312554e-08,1.2341840089981366e-07,1.4902543678604303e-09,22.702818566394686
181,occipital,YUE031,72.0,2.744613787025726e-08,1.0012003064312168e-07,1.5058427885894478e-09,18.226429796145315
181,occipital,YUE031,73.0,1.8073864403498723e-08,6.59311654875454e-08,9.686590890193994e-10,18.658643281606327
181,occipital,YUE031,74.0,1.8027562702285085e-08,6.576226275280538e-08,7.635262609860331e-10,23.61092685797595
181,occipital,YUE031,75.0,1.4634965147546599e-08,5.338649707146024e-08,6.007583642754828e-10,24.360817955812283
181,occipital,YUE031,76.0,1.2087536392816024e-08,4.40938000009123e-08,5.584726569642189e-10,21.643918000430354
181,occipital,YUE031,77.0,1.0941130644189807e-08,3.9911857199907496e-08,4.820331521213827e-10,22.697880002732006
181,occipital,YUE031,78.0,1.0815896384697234e-08,3.945501850160916e-08,3.9687987398116964e-10,27.252317624980915
181,occipital,YUE031,79.0,9.322069522539803e-09,3.40057275331776e-08,4.352215324268585e-10,21.4191367567652
181,occipital,YUE031,80.0,8.970043658646425e-09,3.272158182033505e-08,3.2510206539125373e-10,27.591469306265893
181,occipital,YUE031,81.0,8.495147486939415e-09,3.0989220805158045e-08,2.908838973688107e-10,29.204598686218947
181,occipital,YUE031,82.0,6.598640053996341e-09,2.4071002176411176e-08,3.4154760844988253e-10,19.31982508659434
181,occipital,YUE031,83.0,5.684840202475105e-09,2.073757619245402e-08,2.808237313767152e-10,20.243446572715364
181,occipital,YUE031,84.0,5.32797107627227e-09,1.9435762872856457e-08,1.9891232695740852e-10,26.785524847905002
181,occipital,YUE031,85.0,4.653074345891685e-09,1.6973825180709557e-08,2.3445074537607985e-10,19.846703146231164
181,occipital,YUE031,86.0,4.266609194223827e-09,1.5564049313139672e-08,2.2674695689086764e-10,18.816610607379964
181,occipital,YUE031,87.0,4.165885783701253e-09,1.519662308378563e-08,1.6043992805872525e-10,25.9653929923007
181,occipital,YUE031,88.0,4.316092646770399e-09,1.5744558673280253e-08,1.9001444919562824e-10,22.714549683149578
181,occipital,YUE031,89.0,4.328623457583613e-09,1.579026948215736e-08,2.507647574217019e-10,17.261689808764974
181,occipital,YUE031,90.0,4.0188810985160574e-09,1.4660368633159484e-08,1.7131493001587625e-10,23.459024255175052
181,occipital,YUE031,91.0,4.61048332468605e-09,1.6818458536105942e-08,8.974850020418969e-11,51.371146194048826
181,occipital,YUE031,92.0,5.2737094463650365e-09,1.9237823327600977e-08,8.20414358367452e-11,64.2810476508386
181,occipital,YUE031,93.0,4.728128159269347e-09,1.7247611974712287e-08,1.4516736354381874e-10,32.570186878417495
181,occipital,YUE031,94.0,4.42748349344382e-09,1.615089835702832e-08,2.2099166575412152e-10,20.034617497158926
181,occipital,YUE031,95.0,3.889610406037275e-09,1.4188805539167348e-08,1.4389733657395178e-10,27.030454479873743
181,occipital,YUE031,96.0,3.48157568752156e-09,1.2700346626865456e-08,6.447020443805787e-11,54.002864080671756
181,occipital,YUE031,97.0,3.334562786523151e-09,1.2164062205994514e-08,3.975092743476034e-11,83.88641477600422
181,occipital,YUE031,98.0,3.0878092790721226e-09,1.1263936700392251e-08,5.86001167553662e-11,52.69288612448647
181,occipital,YUE031,99.0,2.892039590799819e-09,1.0549793702150667e-08,7.476703345690564e-11,38.68067859702817
181,occipital,YUE031,100.0,2.819185331663612e-09,1.0284030603106284e-08,4.395467317060495e-11,64.13846647707452
181,temporal,YUE041,0.0,0.0006641794400865301,1.0,0.3078238135908301,0.002157661008544908
181,temporal,YUE041,1.0,0.0011015980464150526,1.6585849846112897,0.5106142076639484,0.002157397953055097
181,temporal,YUE041,2.0,0.00146843628733735,2.2109029559030615,0.3460961553212279,0.004242856399183129
181,temporal,YUE041,3.0,0.0017415037101164476,2.6220379689704973,0.14594780202703395,0.011932373670100688
181,temporal,YUE041,4.0,0.0019050238704273032,2.868236737618849,0.06973346604085749,0.027318645961339882
181,temporal,YUE041,5.0,0.0019582294697900854,2.948344004046504,0.037774257728318904,0.05184031633061116
181,temporal,YUE041,6.0,0.0019182620480293826,2.8881683657348214,0.022239170978663594,0.08625600522023846
181,temporal,YUE041,7.0,0.0018038680086551275,2.7159347305603396,0.013805208223313005,0.13066575885533666
181,temporal,YUE041,8.0,0.001625687438918504,2.447662997076072,0.008870985904620609,0.18325893608643162
181,temporal,YUE041,9.0,0.001405865777472166,2.1166957189897477,0.00578304452603673,0.24310132338469856
181,temporal,YUE041,10.0,0.0011608319697103565,1.7477685993398437,0.0037483150311930892,0.3096943453391812
181,temporal,YUE041,11.0,0.0009087561875305253,1.3682389617663133,0.00236770798925978,0.3838126118815146
181,temporal,YUE041,12.0,0.0006864505902879399,1.0335318271798781,0.0014580671374518814,0.4707949124260362
181,temporal,YUE041,13.0,0.0005125536891001151,0.7717096588134962,0.0008696116256340608,0.5894052862119872
181,temporal,YUE041,14.0,0.00039184126062740185,0.5899629482303039,0.00047774571339890165,0.8201879151142222
181,temporal,YUE041,15.0,0.00034131272208735175,0.5138863106676188,0.0002786842483459555,1.2247291481779405
181,temporal,YUE041,16.0,0.00032904905072601355,0.49542191592552853,0.00022202425584860166,1.482041002539795
181,temporal,YUE041,17.0,0.0003095724592983823,0.4660976245486473,0.00020334829831491368,1.5223754605458533
181,temporal,YUE041,18.0,0.0002773271664327815,0.4175485564513273,0.0001806481135981855,1.535178867406491
181,temporal,YUE041,19.0,0.00024106864007454105,0.3629570949126855,0.00015511529239689806,1.5541255562198963
181,temporal,YUE041,20.0,0.00020320455132184363,0.3059482709903966,0.00012758494437801687,1.5927000816003505
181,temporal,YUE041,21.0,0.00015843573764203863,0.23854357434099047,9.472086122110532e-05,1.6726593867448558
181,temporal,YUE041,22.0,0.00011767334367503027,0.1771710121886634,6.602725074484715e-05,1.7821935995754548
181,temporal,YUE041,23.0,8.758600282665967e-05,0.13187099380138725,4.692752696345256e-05,1.866409940904667
181,temporal,YUE041,24.0,6.511459137047588e-05,0.09803764982847507,3.317031397717272e-05,1.96303813751316
181,temporal,YUE041,25.0,4.849693647353989e-05,0.07301782251377979,2.3597444648513763e-05,2.055177465013966
181,temporal,YUE041,26.0,3.619312315877338e-05,0.05449298935549419,1.66923294678258e-05,2.168248789273843
181,temporal,YUE041,27.0,2.706552766810821e-05,0.04075032443729676,1.1833018217934356e-05,2.287288599546577
181,temporal,YUE041,28.0,2.0262073861743243e-05,0.03050692725312827,8.431300778359487e-06,2.403196659019644
181,temporal,YUE041,29.0,1.5344330934270704e-05,0.023102688834016942,6.073915063810113e-06,2.526266958472307
181,temporal,YUE041,30.0,1.187133504457313e-05,0.01787368642881586,4.466762694210955e-06,2.65770443994231
181,temporal,YUE041,31.0,9.272480221468253e-06,0.013960805863337509,3.316836971104381e-06,2.7955791322420254
181,temporal,YUE041,32.0,7.397749914894711e-06,0.011138179637013338,2.480981568737292e-06,2.981783503800809
181,temporal,YUE041,33.0,5.9388120775442274e-06,0.008941577710942861,1.8947265153845068e-06,3.134390124022217
181,temporal,YUE041,34.0,4.803275325620663e-06,0.007231894027004037,1.489325504451292e-06,3.2251346742298086
181,temporal,YUE041,35.0,3.879132499681438e-06,0.0058404886775418096,1.154724451439572e-06,3.3593577193636115
181,temporal,YUE041,36.0,3.062741208434353e-06,0.004611315893842386,8.783350643631366e-07,3.4869850159689184
181,temporal,YUE041,37.0,2.345504977215508e-06,0.0035314326756485156,6.484412888033468e-07,3.61714316733898
181,temporal,YUE041,38.0,1.7648721005143536e-06,0.002657221819881121,4.788597849203753e-07,3.68557176044302
181,temporal,YUE041,39.0,1.315512231883201e-06,0.0019806578651573653,3.5753939109773725e-07,3.6793490861083655
181,temporal,YUE041,40.0,9.85253633483633e-07,0.0014834148334300634,2.5333527171513516e-07,3.889129321839989
181,temporal,YUE041,41.0,7.529828889813482e-07,0.0011337040015620607,1.8900000780272803e-07,3.9840362851587123
181,temporal,YUE041,42.0,5.745199736395425e-07,0.0008650071636735598,1.4289928343810596e-07,4.02045384565126
181,temporal,YUE041,43.0,4.4748572414491854e-07,0.0006737422105186206,1.0485013690902234e-07,4.26786017965049
181,temporal,YUE041,44.0,3.5229743651450567e-07,0.0005304250858301304,7.830628420879688e-08,4.498967612549911
181,temporal,YUE041,45.0,2.7356187324674974e-07,0.0004118794662043585,5.7993908419158847e-08,4.717079443405403
181,temporal,YUE041,46.0,2.1058723480260044e-07,0.00031706376634477705,4.336930342593817e-08,4.855674824526997
181,temporal,YUE041,47.0,1.5827726906401468e-07,0.00023830498132160506,2.995003459542592e-08,5.284710725782847
181,temporal,YUE041,48.0,1.212697951197541e-07,0.0001825858914030144,2.1950454476693143e-08,5.524705433708337
181,temporal,YUE041,49.0,9.325412993329085e-08,0.00014040502355981027,1.6871495930496813e-08,5.5273184024378805
181,temporal,YUE041,50.0,7.298043198480737e-08,0.00010988059488155699,1.301314953188173e-08,5.608206668647589
181,temporal,YUE041,51.0,6.003577792145814e-08,9.039090085901576e-05,1.0422860983415744e-08,5.760009465441745
181,temporal,YUE041,52.0,4.864159808181589e-08,7.323562752180164e-05,8.898663366297149e-09,5.466169027816174
181,temporal,YUE041,53.0,4.037579102489104e-08,6.0790486106632316e-05,6.417078391563251e-09,6.291927347805888
181,temporal,YUE041,54.0,3.5090970713989095e-08,5.283356965915326e-05,5.180004490034701e-09,6.774312798665937
181,temporal,YUE041,55.0,3.069788488603127e-08,4.6219264001956925e-05,4.340252584262229e-09,7.072833732613144
181,temporal,YUE041,56.0,2.5837856584531094e-08,3.890192171736738e-05,3.4950187304117036e-09,7.392766270379176
181,temporal,YUE041,57.0,2.083439813713663e-08,3.1368628535719655e-05,2.810130992810817e-09,7.414030943908827
181,temporal,YUE041,58.0,1.712765511554131e-08,2.5787692424369384e-05,2.2895504244997157e-09,7.480794016267991
181,temporal,YUE041,59.0,1.46460883713217e-08,2.205140280977922e-05,1.8225208353641389e-09,8.036170608933213
181,temporal,YUE041,60.0,1.2806422264457693e-08,1.9281569846228988e-05,1.578765604034823e-09,8.111667895302855
181,temporal,YUE041,61.0,1.0752562598467368e-08,1.6189243372343037e-05,1.2502899652306258e-09,8.600055105204314
181,temporal,YUE041,62.0,9.639896684299223e-09,1.4513994415490075e-05,9.951835481685177e-10,9.686551492978326
181,temporal,YUE041,63.0,7.891408375555587e-09,1.1881440314574454e-05,6.721257844072164e-10,11.74096956050487
181,temporal,YUE041,64.0,6.714271746018677e-09,1.0109123138686636e-05,5.318702803541203e-10,12.623889685184706
181,temporal,YUE041,65.0,5.791915268540363e-09,8.720407346222257e-06,4.709981629343012e-10,12.29710798117968
181,temporal,YUE041,66.0,4.866803162302455e-09,7.327542631654485e-06,4.373676869778435e-10,11.127486797050468
181,temporal,YUE041,67.0,4.208454976907219e-09,6.336322269112901e-06,2.859211726656646e-10,14.718934375063856
181,temporal,YUE041,68.0,3.697624163603765e-09,5.567206601761165e-06,2.1204829100552193e-10,17.437651329656205
181,temporal,YUE041,69.0,3.4630873917748476e-09,5.2140840001365775e-06,1.6078098653203867e-10,21.539159986960033
181,temporal,YUE041,70.0,3.178581223146787e-09,4.785726614381013e-06,1.3247424164414022e-10,23.993956739796037
181,temporal,YUE041,71.0,2.7352516492464725e-09,4.118241975226033e-06,1.0478407941682428e-10,26.10369499326151
181,temporal,YUE041,72.0,2.4339391886049883e-09,3.664580746865473e-06,6.441605661977715e-11,37.78466606503999
181,temporal,YUE041,73.0,2.2864077495733223e-09,3.4424548722487497e-06,5.4804022635866464e-11,41.71970668585528
181,temporal,YUE041,74.0,2.211760747656483e-09,3.3300650609846216e-06,5.281300185782984e-11,41.87909548505575
181,temporal,YUE041,75.0,1.9743954349443677e-09,2.9726837595080343e-06,3.719429810073783e-11,53.083282539621344
181,temporal,YUE041,76.0,1.8736060746105593e-09,2.820933563325091e-06,2.0358814710100782e-11,92.02923162717288
181,temporal,YUE041,77.0,1.650508009036171e-09,2.485033274774571e-06,1.8677315701426484e-11,88.36965843598783
181,temporal,YUE041,78.0,1.7057097324003668e-09,2.568145939865505e-06,1.0382121737187652e-11,164.2929812979072
181,temporal,YUE041,79.0,1.9109881590183656e-09,2.8772166732071677e-06,6.250002280583859e-12,305.7579938738592
181,temporal,YUE041,80.0,2.0840523483873646e-09,3.1377850963225417e-06,5.732651123302954e-12,363.5407603849798
181,temporal,YUE041,81.0,2.0441522689418153e-09,3.0777108497599695e-06,7.694929981144945e-12,265.6492357891035
181,temporal,YUE041,82.0,2.4585825056364327e-09,3.7016841492656343e-06,9.289858702047902e-12,264.6523036022551
181,temporal,YUE041,83.0,3.013649835784827e-09,4.537403077987787e-06,1.1617318131347719e-11,259.41011528753023
181,temporal,YUE041,84.0,3.4117740203849833e-09,5.136825704722948e-06,8.510536059606429e-12,400.88826326443666
181,temporal,YUE041,85.0,3.6936424789007807e-09,5.561211708720716e-06,5.357835751239919e-12,689.3907634339093
181,temporal,YUE041,86.0,4.2283650655884945e-09,6.36629924141828e-06,9.680738517530438e-12,436.7812494812796
181,temporal,YUE041,87.0,4.080404192408839e-09,6.143526803354887e-06,1.4029682797403207e-11,290.84080170109706
181,temporal,YUE041,88.0,3.56557890103054e-09,5.368396981041768e-06,1.983570087757006e-11,179.7556296617907
181,temporal,YUE041,89.0,2.965826158269842e-09,4.465398925753333e-06,1.143241835613777e-11,259.4224656480985
181,temporal,YUE041,90.0,2.3728624194368666e-09,3.5726225116630035e-06,2.1319823141612962e-12,1112.9841010760592
181,temporal,YUE041,91.0,2.0916387950545225e-09,3.1492073810385055e-06,4.665861828932856e-12,448.28562690912514
181,temporal,YUE041,92.0,1.7090303082773566e-09,2.5731454560753975e-06,4.985753053762413e-12,342.78278323224737
181,temporal,YUE041,93.0,1.4825388993429773e-09,2.2321360913397592e-06,6.559828472189161e-13,2260.0269284910446
181,temporal,YUE041,94.0,1.4324143365368962e-09,2.156667686597284e-06,2.5078385374136974e-13,5711.748643970226
181,temporal,YUE041,95.0,1.2463458080135393e-09,1.8765197065587634e-06,3.34813527655428e-13,3722.5073214371764
181,temporal,YUE041,96.0,1.2145162158710988e-09,1.8285965246272455e-06,6.948146426820101e-13,1747.9715326421756
181,temporal,YUE041,97.0,1.3360521598632787e-09,2.0115831343548005e-06,3.9522761592155557e-13,3380.4625639531655
181,temporal,YUE041,98.0,1.3853861377909408e-09,2.085861220893033e-06,6.266793332651177e-13,2210.677876630808
181,temporal,YUE041,99.0,1.5568866757844898e-09,2.3440753835765477e-06,5.980129155197513e-13,2603.433195805398
181,temporal,YUE041,100.0,1.8096766282017186e-09,2.7246802881551883e-06,4.0919357234751434e-13,4422.544122136946
181,parietal,YUE206,0.0,0.253518121089934,1.0,0.25334899663278304,1.000667555267235
181,parietal,YUE206,1.0,0.333867519282952,1.3169374948330204,0.3335895939035509,1.0008331356387616
181,parietal,YUE206,2.0,0.15319356298375134,0.6042706624880944,0.1528147630420954,1.002478817714435
181,parietal,YUE206,3.0,0.07935919423216817,0.31303164401418065,0.0788958346987117,1.0058730544549779
181,parietal,YUE206,4.0,0.044761808701253875,0.1765625609278435,0.04424090593793944,1.011774233648044
181,parietal,YUE206,5.0,0.026035532787649925,0.10269693020647616,0.025480109494921514,1.0217983087097453
181,parietal,YUE206,6.0,0.015926444021883885,0.06282171843737386,0.015364174518364932,1.0365961414228189
181,parietal,YUE206,7.0,0.010242398449498485,0.04040105064467978,0.009702458698415385,1.055649786086828
181,parietal,YUE206,8.0,0.006690046565788446,0.026388829867570664,0.006195763787000294,1.0797775376500371
181,parietal,YUE206,9.0,0.004297594622941099,0.016951824210690462,0.003870530284869666,1.1103374232055165
181,parietal,YUE206,10.0,0.0027790843876334278,0.010962073936511878,0.0024223631100932313,1.1472616867611012
181,parietal,YUE206,11.0,0.0018643447093086062,0.0073538913166970084,0.0015678427293147812,1.1891146187369253
181,parietal,YUE206,12.0,0.0012551419158575029,0.004950896253338234,0.0010127078067712087,1.239391962286971
181,parietal,YUE206,13.0,0.0008394021046636139,0.0033110142227893886,0.0006450601196134863,1.3012773215100872
181,parietal,YUE206,14.0,0.0005650960318024733,0.0022290163297715862,0.00040955518076099366,1.379779962134698
181,parietal,YUE206,15.0,0.0003692653163379794,0.0014565637941399258,0.00024689451527274054,1.4956400142387032
181,parietal,YUE206,16.0,0.0002299573309891644,0.0009070646705668367,0.00013211201777760394,1.740623864940677
181,parietal,YUE206,17.0,0.00016449503497259566,0.0006488492193985694,7.43682267235558e-05,2.2118993852584707
181,parietal,YUE206,18.0,0.00015026438584632342,0.0005927165490194606,6.106720228117178e-05,2.460639758056394
181,parietal,YUE206,19.0,0.0001412526571148558,0.0005571698642589233,5.394210191941741e-05,2.618597572001721
181,parietal,YUE206,20.0,0.00012779951241724866,0.0005041040532637608,4.6169101478051044e-05,2.768074498439286
181,parietal,YUE206,21.0,0.00010959464045811275,0.0004322950958572099,3.6337602031031684e-05,3.0160119086702757
181,parietal,YUE206,22.0,9.263043265039417e-05,0.0003653799272894347,2.7787260904110962e-05,3.333557523717282
181,parietal,YUE206,23.0,7.764303397871886e-05,0.00030626226498095365,2.071482379142545e-05,3.7481870355497726
181,parietal,YUE206,24.0,6.56418820341483e-05,0.0002589238266358966,1.5559159270537783e-05,4.218857901817691
181,parietal,YUE206,25.0,5.591266817581245e-05,0.00022054702809973012,1.1949096393315796e-05,4.679238189683484
181,parietal,YUE206,26.0,4.784204847781184e-05,0.000188712539648557,9.262387248114525e-06,5.165196314540907
181,parietal,YUE206,27.0,4.150507344888465e-05,0.00016371639735433737,7.371162607969469e-06,5.630736378547757
181,parietal,YUE206,28.0,3.592263467900111e-05,0.00014169651670090195,5.954956460174169e-06,6.032392498458411
181,parietal,YUE206,29.0,3.0685009866434806e-05,0.00012103675167089728,4.83270243013306e-06,6.349451535667995
181,parietal,YUE206,30.0,2.5947979067261872e-05,0.00010235157532607694,3.9834220368179015e-06,6.513991946479775
181,parietal,YUE206,31.0,2.2190551243876266e-05,8.753043430770893e-05,3.291453481320271e-06,6.741869927620903
181,parietal,YUE206,32.0,1.8606049678910766e-05,7.33913993955106e-05,2.6780745788017948e-06,6.947547251367195
181,parietal,YUE206,33.0,1.5518199338980506e-05,6.12114008744784e-05,2.191019627863199e-06,7.082638211741943
181,parietal,YUE206,34.0,1.2567506159641075e-05,4.957241756766898e-05,1.702248083122257e-06,7.382887538101851
181,parietal,YUE206,35.0,9.968424828592325e-06,3.932036410547587e-05,1.3438162620592754e-06,7.417996872069867
181,parietal,YUE206,36.0,7.860830451416124e-06,3.100697661224597e-05,1.0439215807768715e-06,7.530096700909475
181,parietal,YUE206,37.0,6.177206714703401e-06,2.4365937583262836e-05,8.019257946996626e-07,7.702965480761084
181,parietal,YUE206,38.0,4.98603590001046e-06,1.9667374776107995e-05,6.414217649689094e-07,7.773412397772534
181,parietal,YUE206,39.0,4.048773092680692e-06,1.5970349871930514e-05,5.137155079577468e-07,7.881352674705909
181,parietal,YUE206,40.0,3.3008497885381916e-06,1.3020172973620437e-05,4.0042362328212745e-07,8.243394237039066
181,parietal,YUE206,41.0,2.725196010246245e-06,1.0749511705632666e-05,3.231636677617449e-07,8.43286632164176
181,parietal,YUE206,42.0,2.2470404351657695e-06,8.863431243120667e-06,2.5032867885720657e-07,8.976360381175242
181,parietal,YUE206,43.0,1.830363668566859e-06,7.219853400213347e-06,1.9730723878399921e-07,9.276718278798871
181,parietal,YUE206,44.0,1.5167291401094105e-06,5.98272475982638e-06,1.604698580341751e-07,9.451800847149713
181,parietal,YUE206,45.0,1.2836654052920746e-06,5.063406906667244e-06,1.241858469551033e-07,10.336648150865017
181,parietal,YUE206,46.0,1.0880378168060765e-06,4.291755603616602e-06,1.0305727683307091e-07,10.557603016897561
181,parietal,YUE206,47.0,9.355025632752364e-07,3.6900816369784183e-06,8.921294398401953e-08,10.486175228594748
181,parietal,YUE206,48.0,7.662606682982502e-07,3.0225084700214544e-06,6.563950510755499e-08,11.673772784281017
181,parietal,YUE206,49.0,6.352025735586404e-07,2.5055509674328418e-06,5.207436395001299e-08,12.197990054537804
181,parietal,YUE206,50.0,5.325469597505777e-07,2.1006268011968263e-06,4.062650663501511e-08,13.10836209804923
181,parietal,YUE206,51.0,4.2862275478686557e-07,1.6906986882993436e-06,2.964243826684002e-08,14.459767139545708
181,parietal,YUE206,52.0,3.6655197289099403e-07,1.4458610347658816e-06,2.279908985901118e-08,16.077482704693008
181,parietal,YUE206,53.0,3.127104483219194e-07,1.2334836144158203e-06,1.7096462088251252e-08,18.290945033406363
181,parietal,YUE206,54.0,2.7513741805975814e-07,1.0852771268455198e-06,1.2631122058174076e-08,21.782500144688758
181,parietal,YUE206,55.0,2.4393933125802874e-07,9.622165477137344e-07,1.118803771660904e-08,21.803584992915436
181,parietal,YUE206,56.0,2.1721276593447115e-07,8.567938457441322e-07,9.695389612124033e-09,22.40371708867148
181,parietal,YUE206,57.0,1.9614707999593563e-07,7.737004327448201e-07,7.238587721724587e-09,27.097423908707395
181,parietal,YUE206,58.0,1.6926493607865575e-07,6.676640523799483e-07,7.449723983198611e-09,22.72096744260587
181,parietal,YUE206,59.0,1.47409092757844e-07,5.814538705324008e-07,5.977730895330915e-09,24.65970705924254
181,parietal,YUE206,60.0,1.266376470397863e-07,4.995210854961423e-07,4.6283598935780906e-09,27.361235934892978
181,parietal,YUE206,61.0,1.0970365795408203e-07,4.3272511441170444e-07,3.781395178013547e-09,29.01142377076597
181,parietal,YUE206,62.0,9.022786247834488e-08,3.559030103664152e-07,2.8479093627272194e-09,31.68213976864093
181,parietal,YUE206,63.0,8.190165058497316e-08,3.2306034074747285e-07,2.471952547075707e-09,33.13237168806574
181,parietal,YUE206,64.0,7.187066163433507e-08,2.834931930125792e-07,1.8028468425789252e-09,39.86509554606756
181,parietal,YUE206,65.0,5.189739900125949e-08,2.0470883413832656e-07,1.25738175072998e-09,41.2741786423496
181,parietal,YUE206,66.0,4.7545017480764124e-08,1.875409034918566e-07,1.2253332187359438e-09,38.801704510885344
181,parietal,YUE206,67.0,4.215742085620393e-08,1.6628957596782144e-07,9.52867001666761e-10,44.24271255323346
181,parietal,YUE206,68.0,3.8271880592311414e-08,1.509630965540909e-07,6.266095829951105e-10,61.07771350922677
181,parietal,YUE206,69.0,3.6232746874207825e-08,1.429197515287457e-07,6.444785028353805e-10,56.22025671112691
181,parietal,YUE206,70.0,3.502996190576901e-08,1.3817537679423851e-07,7.082248761020454e-10,49.461637239527974
181,parietal,YUE206,71.0,3.161137642084934e-08,1.246907964012379e-07,8.264806451119007e-10,38.24817508771707
181,parietal,YUE206,72.0,2.8761447508465827e-08,1.1344927685963277e-07,5.92223931041398e-10,48.565155848886704
181,parietal,YUE206,73.0,2.3568605548286677e-08,9.296615739719e-08,3.4983538950920613e-10,67.37055842564051
181,parietal,YUE206,74.0,1.80495446994052e-08,7.119627039600153e-08,3.1436740400443234e-10,57.41544597018944
181,parietal,YUE206,75.0,1.4587195262411756e-08,5.75390634787682e-08,3.3827485544262184e-10,43.12231615124002
181,parietal,YUE206,76.0,1.140426207306224e-08,4.498401149406061e-08,2.7364463841035407e-10,41.67544498336032
181,parietal,YUE206,77.0,9.697378434805987e-09,3.8251223987913285e-08,2.2686200860532082e-10,42.745713548172056
181,parietal,YUE206,78.0,8.147385486717445e-09,3.21372904299303e-08,7.332056229873252e-11,111.12006279387587
181,parietal,YUE206,79.0,7.614449859823612e-09,3.003513053460361e-08,1.0657231547753882e-10,71.44866681092645
181,parietal,YUE206,80.0,7.039280914282401e-09,2.7766381685139028e-08,9.76093598110871e-11,72.11686387356916
181,parietal,YUE206,81.0,6.327634701430833e-09,2.4959299454519638e-08,6.433943277066007e-11,98.34769174894477
181,parietal,YUE206,82.0,5.928098537169778e-09,2.338333256685356e-08,5.7730808250115505e-11,102.68518174016587
181,parietal,YUE206,83.0,5.8718841324826025e-09,2.3161595341737278e-08,4.583204142996488e-11,128.1174468620457
181,parietal,YUE206,84.0,5.864197907501885e-09,2.3131277094869274e-08,6.113511240539256e-11,95.92192893366824
181,parietal,YUE206,85.0,6.156724550012211e-09,2.428514586469403e-08,2.0655565416231738e-11,298.0661350075694
181,parietal,YUE206,86.0,5.935669344985084e-09,2.3413195551727217e-08,1.084753116766951e-11,547.190808050041
181,parietal,YUE206,87.0,5.860334954846755e-09,2.3116039712079743e-08,2.3183839126238748e-11,252.77672619002132
181,parietal,YUE206,88.0,5.106277183241018e-09,2.01416654607881e-08,3.759824953261148e-12,1358.115669404237
181,parietal,YUE206,89.0,5.167413078686403e-09,2.038281546293606e-08,1.3518619207033045e-11,382.24414783412664
181,parietal,YUE206,90.0,4.815517468635986e-09,1.899476632255298e-08,2.5389993386357444e-11,189.6620213860891
181,parietal,YUE206,91.0,4.513100352561193e-09,1.7801884666698828e-08,2.4978327873209654e-11,180.68064345498843
181,parietal,YUE206,92.0,4.825716331095605e-09,1.9034995645868293e-08,1.551100278660655e-11,311.115689777486
181,parietal,YUE206,93.0,4.918280736784165e-09,1.9400115130387208e-08,2.7353344415226404e-11,179.80546225442086
181,parietal,YUE206,94.0,4.2693317396937844e-09,1.6840341516176138e-08,8.75658004238055e-12,487.55698218149683
181,parietal,YUE206,95.0,3.6789008915991666e-09,1.4511392226254704e-08,2.914030417724668e-12,1262.4785483439546
181,parietal,YUE206,96.0,3.356903230220353e-09,1.324127528157844e-08,1.8658116876378632e-11,179.9165077838175
181,parietal,YUE206,97.0,3.086672009918654e-09,1.2175350608659946e-08,8.496756024773437e-11,36.327652587870546
181,parietal,YUE206,98.0,3.0637694679466895e-09,1.2085011733184297e-08,1.6007854798941087e-10,19.139163282199167
181,parietal,YUE206,99.0,2.9833484089521915e-09,1.1767791572949797e-08,1.248404640347605e-10,23.89728708571213
181,parietal,YUE206,100.0,3.0317330918937706e-09,1.1958644529470467e-08,4.7773356028305997e-11,63.460751848738674
181,north_pole,YUE277,0.0,0.3089140502424161,1.0,0.3089063956993015,1.0000247794905548
181,north_pole,YUE277,1.0,0.5530867145644546,1.7904226568212982,0.5530752875011323,1.0000206609544495
181,north_pole,YUE277,2.0,0.36670556606663385,1.1870795963436,0.3666896141304986,1.0000435025578052
181,north_pole,YUE277,3.0,0.14479940665275445,0.4687368753189604,0.14477890023573667,1.0001416395412894
181,north_pole,YUE277,4.0,0.06597486400069355,0.21357029228330882,0.06595010942870747,1.0003753530085169
181,north_pole,YUE277,5.0,0.03605852109152849,0.11672671108106626,0.036029954934641346,1.0007928446465992
181,north_pole,YUE277,6.0,0.021325601711955626,0.06903409441953401,0.02129374962948044,1.0014958418798672
181,north_pole,YUE277,7.0,0.013215940368655817,0.042781933545220065,0.013181467200580298,1.002615275488756
181,north_pole,YUE277,8.0,0.00840102604735786,0.027195351071811945,0.008364284341467807,1.0043926897257542
181,north_pole,YUE277,9.0,0.005367194651610893,0.017374394746367348,0.005328692493871779,1.007225441847769
181,north_pole,YUE277,10.0,0.0033887095563035832,0.010969748878836491,0.0033485924707848344,1.0119802830200315
181,north_pole,YUE277,11.0,0.0021356501950281566,0.006913412301422464,0.00209305425065013,1.0203510942751703
181,north_pole,YUE277,12.0,0.0013700418361342107,0.004435025972626007,0.0013228929029068344,1.035640778723489
181,north_pole,YUE277,13.0,0.0008850727687863943,0.002865110111022291,0.0008311180404432403,1.0649182495357454
181,north_pole,YUE277,14.0,0.0005764928734286954,0.0018661918192982821,0.00051322103047436,1.123283807944999
181,north_pole,YUE277,15.0,0.0003782382703456289,0.0012244126482716198,0.0003029864025541166,1.248367145050582
181,north_pole,YUE277,16.0,0.0002601413674884486,0.00084211568649696,0.00016936115437951542,1.536015554697431
181,north_pole,YUE277,17.0,0.00021226760103056639,0.0006871412966292478,0.00010557585959328587,2.0105694791242374
181,north_pole,YUE277,18.0,0.0002043543066034411,0.0006615248042071148,8.89405087830138e-05,2.2976516482719904
181,north_pole,YUE277,19.0,0.00020251104710314793,0.0006555579033851978,8.41060235088712e-05,2.4078067022368237
181,north_pole,YUE277,20.0,0.00019945836872418548,0.0006456759366162311,8.231232414268561e-05,2.4231896110530324
181,north_pole,YUE277,21.0,0.00018931646145993372,0.0006128450982121733,8.099720985723097e-05,2.337320776772814
181,north_pole,YUE277,22.0,0.00016382688092411864,0.0005303315948094875,7.313122015654427e-05,2.2401770485085817
181,north_pole,YUE277,23.0,0.0001343878325337768,0.00043503308583186097,5.723755051785967e-05,2.347896290422913
181,north_pole,YUE277,24.0,0.00011292327612400947,0.0003655491747150849,4.358997661888392e-05,2.5905789560595722
181,north_pole,YUE277,25.0,9.707179185487489e-05,0.00031423559976860593,3.3548474154284566e-05,2.8934785948373034
181,north_pole,YUE277,26.0,8.316537305719978e-05,0.0002692184864752409,2.5447033993966532e-05,3.2681755004107043
181,north_pole,YUE277,27.0,7.128349090374939e-05,0.0002307550946543566,1.938729706473955e-05,3.6768142906003907
181,north_pole,YUE277,28.0,6.09150259842555e-05,0.0001971908559563842,1.4810318126808966e-05,4.113012662029851
181,north_pole,YUE277,29.0,5.230585324330597e-05,0.00016932170356854815,1.1551959777829976e-05,4.527877022536826
181,north_pole,YUE277,30.0,4.494317831409048e-05,0.00014548764706176989,8.906071098976837e-06,5.046352966938892
181,north_pole,YUE277,31.0,3.848259523980925e-05,0.00012457379393915737,6.813065572650001e-06,5.648352394301279
181,north_pole,YUE277,32.0,3.301248718591853e-05,0.00010686625344497096,5.335486374759163e-06,6.187343546052756
181,north_pole,YUE277,33.0,2.8509851621831697e-05,9.22905630205521e-05,4.212924156563841e-06,6.767235906066013
181,north_pole,YUE277,34.0,2.490742840854162e-05,8.062899175028089e-05,3.3842479256229883e-06,7.359811974755527
181,north_pole,YUE277,35.0,2.1743339493918704e-05,7.038637276891716e-05,2.7631423370010685e-06,7.869062408676884
181,north_pole,YUE277,36.0,1.894101594302144e-05,6.131484122576405e-05,2.248623249866964e-06,8.423383483267841
181,north_pole,YUE277,37.0,1.656974435893757e-05,5.363868799730763e-05,1.8555594803164859e-06,8.929783461380294
181,north_pole,YUE277,38.0,1.4443080828156543e-05,4.6754366843536356e-05,1.522783201420429e-06,9.484659940222782
181,north_pole,YUE277,39.0,1.2631109967415787e-05,4.0888751927934954e-05,1.2745324185435606e-06,9.910387357466877
181,north_pole,YUE277,40.0,1.0896521076914863e-05,3.5273633777304616e-05,1.0650576815471984e-06,10.230921071885607
181,north_pole,YUE277,41.0,9.426132022857308e-06,3.0513769171263913e-05,8.934386099459526e-07,10.55039699194053
181,north_pole,YUE277,42.0,8.16872206124935e-06,2.6443349063725188e-05,7.599484435308503e-07,10.749047689730203
181,north_pole,YUE277,43.0,7.022279084807648e-06,2.27321453307061e-05,6.438803229348593e-07,10.906186809374022
181,north_pole,YUE277,44.0,6.022112024991388e-06,1.9494458151921603e-05,5.459090926484673e-07,11.03134588906594
181,north_pole,YUE277,45.0,5.039805662843483e-06,1.6314588665968947e-05,4.3583809774238446e-07,11.563481230643623
181,north_pole,YUE277,46.0,4.102777603753536e-06,1.3281291674930089e-05,3.604563608415948e-07,11.382175623629879
181,north_pole,YUE277,47.0,3.2842841879764447e-06,1.0631708675598107e-05,3.0387104924691283e-07,10.808151010489235
181,north_pole,YUE277,48.0,2.6213868752298313e-06,8.485813038198599e-06,2.423207680116154e-07,10.817838259344645
181,north_pole,YUE277,49.0,2.0986541891513005e-06,6.793650814860671e-06,1.8701425277496063e-07,11.221894363723543
181,north_pole,YUE277,50.0,1.7156408568306769e-06,5.553780591994282e-06,1.4658861570372545e-07,11.703779646150755
181,north_pole,YUE277,51.0,1.4873857545926723e-06,4.814885413678875e-06,1.3018484580064817e-07,11.425183518443488
181,north_pole,YUE277,52.0,1.3455462528798084e-06,4.355730183926272e-06,1.1624545028452028e-07,11.575044439042331
181,north_pole,YUE277,53.0,1.2379162520412964e-06,4.007316116149002e-06,1.0191157519366516e-07,12.146964166620451
181,north_pole,YUE277,54.0,1.0220271205050098e-06,3.308451395146928e-06,8.643664301920861e-08,11.824002932157917
181,north_pole,YUE277,55.0,8.18873553715505e-07,2.6508135614838664e-06,7.194577007178902e-08,11.381816511219709
181,north_pole,YUE277,56.0,6.367623442621128e-07,2.06129291873394e-06,5.410127153133207e-08,11.769822154611283
181,north_pole,YUE277,57.0,4.957045049216304e-07,1.6046680445018058e-06,4.068259224750481e-08,12.18468336299375
181,north_pole,YUE277,58.0,4.0246615890320554e-07,1.3028418700521252e-06,3.8442411827869174e-08,10.469326448748829
181,north_pole,YUE277,59.0,3.059295730328399e-07,9.903388103997403e-07,2.983505254444778e-08,10.254031648748429
181,north_pole,YUE277,60.0,2.4908323883051554e-07,8.063189053235062e-07,2.3213402188988836e-08,10.73014790346703
181,north_pole,YUE277,61.0,2.040299452635422e-07,6.604747990692961e-07,1.3858444739008546e-08,14.722427307390541
181,north_pole,YUE277,62.0,1.6373095257825527e-07,5.300210607117729e-07,1.1745806336069086e-08,13.93952427731329
181,north_pole,YUE277,63.0,1.2443026065307082e-07,4.027989680476685e-07,9.724464144984772e-09,12.795590461120021
181,north_pole,YUE277,64.0,9.45325169398208e-08,3.060155951651849e-07,7.258430559578638e-09,13.023823285747401
181,north_pole,YUE277,65.0,7.302865723865172e-08,2.364044535408586e-07,7.140209931103177e-09,10.227802535683798
181,north_pole,YUE277,66.0,5.380925682657282e-08,1.7418844103836242e-07,3.975875827616545e-09,13.533937969795788
181,north_pole,YUE277,67.0,4.0667553641700134e-08,1.3164682412401387e-07,3.5495576208055445e-09,11.457076623669783
181,north_pole,YUE277,68.0,3.114538528478819e-08,1.0082217128145281e-07,2.3412534307845516e-09,13.302867974592314
181,north_pole,YUE277,69.0,2.650659237579386e-08,8.58057196006241e-08,1.7587710394537403e-09,15.071087583990801
181,north_pole,YUE277,70.0,2.2677783964009372e-08,7.341130630417519e-08,1.341465659883543e-09,16.905228841995186
181,north_pole,YUE277,71.0,1.9524043391124204e-08,6.320218641982447e-08,1.4219218854485796e-09,13.73074258925614
181,north_pole,YUE277,72.0,1.745627024550665e-08,5.650850206330234e-08,1.7518972493160797e-09,9.96420894679832
181,north_pole,YUE277,73.0,1.664345608138235e-08,5.3877303632908974e-08,1.8032703469608746e-09,9.229595611901592
181,north_pole,YUE277,74.0,1.4036865263594375e-08,4.543938759852178e-08,8.05814861288731e-10,17.419466850171226
181,north_pole,YUE277,75.0,1.2265988834434331e-08,3.97068013734201e-08,5.232972333951516e-10,23.439812121406828
181,north_pole,YUE277,76.0,1.1011991500812695e-08,3.56474284422194e-08,3.8460333457358603e-10,28.63207494813276
181,north_pole,YUE277,77.0,1.0363718513587825e-08,3.3548873887267476e-08,3.885288249653537e-10,26.6742590192941
181,north_pole,YUE277,78.0,1.0423598510161871e-08,3.374271420151364e-08,2.8321623708008887e-10,36.80438176012574
181,north_pole,YUE277,79.0,9.629375281453795e-09,3.117169735043542e-08,1.98286628663069e-10,48.562907879260706
181,north_pole,YUE277,80.0,9.400478922563335e-09,3.043072633046777e-08,9.981598469117429e-11,94.1780913312427
181,north_pole,YUE277,81.0,8.16891391712636e-09,2.6443970129283263e-08,1.135011374635327e-10,71.97208855947358
181,north_pole,YUE277,82.0,7.515871682015255e-09,2.432997682079296e-08,1.2184056608020097e-10,61.686119195046814
181,north_pole,YUE277,83.0,7.2103213102097765e-09,2.334086554027431e-08,1.217185755759866e-10,59.23764122353297
181,north_pole,YUE277,84.0,6.106135775436881e-09,1.9766455331653496e-08,1.1134038928160362e-10,54.84205520418255
181,north_pole,YUE277,85.0,5.9825179756655804e-09,1.9366286418409525e-08,1.225056271693357e-10,48.83463816234443
181,north_pole,YUE277,86.0,5.55561217084449e-09,1.7984329837004173e-08,1.1642463987668708e-10,47.71852570666141
181,north_pole,YUE277,87.0,5.21915980401238e-09,1.6895184275097606e-08,1.6976582008021164e-10,30.743289795003555
181,north_pole,YUE277,88.0,5.337176731935502e-09,1.7277222346303853e-08,1.0817224410851077e-10,49.33961364970503
181,north_pole,YUE277,89.0,5.21327770363546e-09,1.6876143055145634e-08,1.5554371087925628e-10,33.51648018531822
181,north_pole,YUE277,90.0,4.803521723047508e-09,1.5549702965203458e-08,1.1395330575168826e-10,42.15342145066592
181,north_pole,YUE277,91.0,4.482456132226419e-09,1.451036664958707e-08,5.986391792269112e-11,74.87742680014878
181,north_pole,YUE277,92.0,3.5649005300017644e-09,1.1540104851832596e-08,2.7016056561357275e-11,131.95488105028846
181,north_pole,YUE277,93.0,3.2103615172357607e-09,1.039241016948395e-08,2.7384754171620766e-11,117.23170845779244
181,north_pole,YUE277,94.0,3.2020723213157427e-09,1.0365576828904223e-08,3.3491863884967025e-11,95.6074684978344
181,north_pole,YUE277,95.0,3.3916520880808864e-09,1.0979274284932439e-08,3.2307557406109176e-11,104.98014583546153
181,north_pole,YUE277,96.0,3.2577852840954033e-09,1.0545927844780452e-08,1.0054426047526846e-10,32.401504259875104
181,north_pole,YUE277,97.0,5.28979639197389e-09,1.712384525023318e-08,1.0158346317115105e-09,5.207340079616574
181,north_pole,YUE277,98.0,3.6188659725250267e-09,1.1714798888833872e-08,2.8603266338712982e-11,126.51932578857563
181,north_pole,YUE277,99.0,2.6968535418531558e-09,8.730109684997613e-09,2.1528797397104263e-11,125.26726375417034
181,north_pole,YUE277,100.0,2.417592607380214e-09,7.826101161417038e-09,1.551706500676072e-11,155.8021833592164
229,frontal,YUE011,0.0,0.20914975240269487,1.0,0.20908934727816664,1.0002888962317524
229,frontal,YUE011,1.0,0.33175537672002436,1.586209751189501,0.3316470276273168,1.000326700026479
229,frontal,YUE011,2.0,0.23867025708190265,1.1411453006282757,0.2385184190272342,1.0006365883829338
229,frontal,YUE011,3.0,0.12112689086580646,0.5791395374573044,0.12094045891178289,1.001541518493489
229,frontal,YUE011,4.0,0.06225237156819289,0.29764496899012716,0.06204299467112448,1.0033747064947183
229,frontal,YUE011,5.0,0.03389660682064208,0.1620685964541707,0.033678502625377325,1.0064760656876832
229,frontal,YUE011,6.0,0.019107621796861624,0.09135856761652769,0.0188954203724392,1.0112303097914634
229,frontal,YUE011,7.0,0.011047108457210734,0.0528191323695222,0.010849513233567913,1.018212358415442
229,frontal,YUE011,8.0,0.006698527805916714,0.03202742402974226,0.006515931184776442,1.0280231045973725
229,frontal,YUE011,9.0,0.0041588957332186335,0.019884774834498187,0.00399116160754641,1.0420263928564244
229,frontal,YUE011,10.0,0.0026149248330119604,0.012502643694156568,0.0024613793597637462,1.0623818805659246
229,frontal,YUE011,11.0,0.001645737055978363,0.00786870190890629,0.0015024019515886776,1.0954039657883292
229,frontal,YUE011,12.0,0.0010122698331474654,0.004839928431750907,0.0008729938184547599,1.1595383744403032
229,frontal,YUE011,13.0,0.0006040937897964627,0.002888331364759861,0.000461716122465652,1.3083662458449292
229,frontal,YUE011,14.0,0.0003881450519521416,0.0018558236263402834,0.00023057457753727968,1.6833818198772832
229,frontal,YUE011,15.0,0.0003299641065445518,0.0015776452171420321,0.00015222988755065746,2.1675382663259857
229,frontal,YUE011,16.0,0.00032229903953781124,0.0015409965148668206,0.00014198354699679387,2.269974559412078
229,frontal,YUE011,17.0,0.0003067953940640225,0.0014668695063684402,0.000132093669576987,2.3225594008137964
229,frontal,YUE011,18.0,0.00028481123944381655,0.0013617574784188307,0.00012147975565225238,2.3445160711313613
229,frontal,YUE011,19.0,0.00025881968708936075,0.0012374850274315978,0.00011069988405872644,2.3380303357143224
229,frontal,YUE011,20.0,0.00023022098591429378,0.0011007471119116056,9.81026446671177e-05,2.346735775528586
229,frontal,YUE011,21.0,0.00020194130770636462,0.0009655345291423,8.532177487618412e-05,2.3668202870769455
229,frontal,YUE011,22.0,0.0001749446421070715,0.0008364563672551465,7.303009122765821e-05,2.3955144950006013
229,frontal,YUE011,23.0,0.0001517719544337383,0.000725661650038763,6.243472379913634e-05,2.430890139307988
229,frontal,YUE011,24.0,0.00013256892672682883,0.0006338469216620535,5.3522502449965796e-05,2.476882071251389
229,frontal,YUE011,25.0,0.00011592582079063109,0.0005542718528656379,4.589390384723354e-05,2.5259524920022476
229,frontal,YUE011,26.0,0.00010191990951762916,0.00048730590568136833,3.9642859278594375e-05,2.570952534008111
229,frontal,YUE011,27.0,9.030202896280933e-05,0.0004317577617254009,3.462155939104802e-05,2.6082600134457956
229,frontal,YUE011,28.0,7.948543802425593e-05,0.00038004079426886173,3.036577111973225e-05,2.617599853165092
229,frontal,YUE011,29.0,6.840031925985288e-05,0.00032703992461896673,2.6514750063211476e-05,2.5797082415178614
229,frontal,YUE011,30.0,5.813953764839419e-05,0.0002779804278058761,2.2656886451458334e-05,2.5660868174873155
229,frontal,YUE011,31.0,5.0107372477666e-05,0.0002395765326137693,1.885718172068622e-05,2.657203670190997
229,frontal,YUE011,32.0,4.337613153789229e-05,0.00020739269848322038,1.550124431445479e-05,2.79823546148772
229,frontal,YUE011,33.0,3.831817788478464e-05,0.0001832092911638126,1.2973387479465437e-05,2.9535985065917054
229,frontal,YUE011,34.0,3.4938988636127855e-05,0.00016705249819687413,1.1465799134476582e-05,3.047235367229624
229,frontal,YUE011,35.0,3.139831574924751e-05,0.00015012360946425364,1.0252823389473085e-05,3.0624067689964507
229,frontal,YUE011,36.0,2.4931578744316782e-05,0.0001192044382453476,8.375135580053298e-06,2.9768567333638463
229,frontal,YUE011,37.0,1.736045242967651e-05,8.300489113776652e-05,5.710017420681367e-06,3.0403501689500825
229,frontal,YUE011,38.0,1.2179846499978162e-05,5.823505101037464e-05,3.834124638976594e-06,3.176695503365068
229,frontal,YUE011,39.0,8.492250437387175e-06,4.060368391465403e-05,2.5953137774048126e-06,3.2721478656345795
229,frontal,YUE011,40.0,6.038125923749248e-06,2.8869868858957574e-05,1.7488696836722997e-06,3.4525876799867166
229,frontal,YUE011,41.0,4.9107580436331385e-06,2.3479626378796823e-05,1.348786384348285e-06,3.640871601774027
229,frontal,YUE011,42.0,4.4652668296281995e-06,2.1349615662134844e-05,1.1938511294751853e-06,3.7402208025644894
229,frontal,YUE011,43.0,4.108568308884113e-06,1.9644146176054354e-05,1.0775018834347138e-06,3.813049770073142
229,frontal,YUE011,44.0,3.633265275307646e-06,1.737159730560997e-05,9.353960593171426e-07,3.884199894919379
229,frontal,YUE011,45.0,3.145767087655594e-06,1.5040740194608335e-05,7.854981655402014e-07,4.004805135976597
229,frontal,YUE011,46.0,2.6919975383481187e-06,1.2871148578579108e-05,6.652258004245681e-07,4.04674252957417
229,frontal,YUE011,47.0,2.3515709681184777e-06,1.1243479569561174e-05,5.876491632285776e-07,4.001657987903555
229,frontal,YUE011,48.0,2.0778446969835587e-06,9.934722241424876e-06,5.183042295128698e-07,4.008928692201545
229,frontal,YUE011,49.0,1.7327181844609772e-06,8.284581571604343e-06,4.227595280053965e-07,4.098590498092474
229,frontal,YUE011,50.0,1.2865293511680208e-06,6.151235353561165e-06,3.0827456950136976e-07,4.173322999847071
229,frontal,YUE011,51.0,8.843822117906132e-07,4.228464062858809e-06,2.055721806676197e-07,4.302052003916476
229,frontal,YUE011,52.0,6.495840355249671e-07,3.105832199477169e-06,1.4654955365104892e-07,4.4325214191487765
229,frontal,YUE011,53.0,5.280053533404005e-07,2.524532528844616e-06,1.1992077645856192e-07,4.40295142287417
229,frontal,YUE011,54.0,4.675473758384078e-07,2.2354670300455184e-06,1.0292771669582569e-07,4.542482733004895
229,frontal,YUE011,55.0,4.0291985878091136e-07,1.926465865496859e-06,8.625188315205268e-08,4.671432600150973
229,frontal,YUE011,56.0,3.2142857647472275e-07,1.5368346019164648e-06,6.087413119016102e-08,5.280216246054198
229,frontal,YUE011,57.0,2.5928913869897125e-07,1.2397295991043704e-06,4.1488626427294004e-08,6.249643842833839
229,frontal,YUE011,58.0,2.1606525109001947e-07,1.0330648189054968e-06,3.0568490690327534e-08,7.068234191830306
229,frontal,YUE011,59.0,1.8028428861211128e-07,8.619866222217356e-07,2.616708226359476e-08,6.889735997159064
229,frontal,YUE011,60.0,1.5005841505909508e-07,7.174687674034349e-07,2.2395434799897287e-08,6.700401952445384
229,frontal,YUE011,61.0,1.255577525567211e-07,6.003246530981947e-07,1.6669162788482364e-08,7.532337055552413
229,frontal,YUE011,62.0,1.0327147157342159e-07,4.937680795078529e-07,1.0973049879893307e-08,9.411373565580266
229,frontal,YUE011,63.0,8.315993699200566e-08,3.976095407078959e-07,7.4196660592833974e-09,11.20804310161061
229,frontal,YUE011,64.0,6.828011380969302e-08,3.2646519073198407e-07,4.747049463109306e-09,14.383695459741368
229,frontal,YUE011,65.0,5.426978438089357e-08,2.594781191822932e-07,2.9929903385327986e-09,18.132295210647857
229,frontal,YUE011,66.0,4.4702676072455816e-08,2.1373525695782669e-07,2.464003331988386e-09,18.14229530135494
229,frontal,YUE011,67.0,3.913154312897385e-08,1.8709820441781046e-07,1.946433244210736e-09,20.104230774604037
229,frontal,YUE011,68.0,3.629974336976867e-08,1.7355862463502945e-07,1.9708400452081793e-09,18.418411711303712
229,frontal,YUE011,69.0,3.6256008938260937e-08,1.7334951881011062e-07,1.924114606794199e-09,18.842957072431204
229,frontal,YUE011,70.0,3.497716107437394e-08,1.672350106684767e-07,1.3600541229584479e-09,25.71747732971841
229,frontal,YUE011,71.0,3.4199323785288925e-08,1.6351596591633483e-07,1.7024978281277738e-09,20.08773416345424
229,frontal,YUE011,72.0,3.457861111960203e-08,1.6532943846390368e-07,1.8739930151172036e-09,18.451835647551444
229,frontal,YUE011,73.0,3.4804508553076074e-08,1.664095135339382e-07,1.4303932166352207e-09,24.332126402939963
229,frontal,YUE011,74.0,3.243672418617832e-08,1.5508851343856706e-07,9.474528097614725e-10,34.23571480498799
229,frontal,YUE011,75.0,2.963610254354836e-08,1.4169800443505808e-07,9.250758142673576e-10,32.0364040292412
229,frontal,YUE011,76.0,2.831065724810383e-08,1.3536070171192348e-07,1.0143214202650477e-09,27.910933045962985
229,frontal,YUE011,77.0,2.768874604829493e-08,1.32387180621583e-07,1.179796307589821e-09,23.469090274455628
229,frontal,YUE011,78.0,2.773592319723174e-08,1.3261274698441558e-07,8.622397820283119e-10,32.16729705046365
229,frontal,YUE011,79.0,2.7513400217056426e-08,1.3154880606352521e-07,7.105799510150017e-10,38.719640453908
229,frontal,YUE011,80.0,2.5042204440344655e-08,1.197333688070959e-07,5.46274764243295e-10,45.84177428557103
229,frontal,YUE011,81.0,2.3028529043735e-08,1.1010545687568445e-07,5.061130114694471e-10,45.50076469457688
229,frontal,YUE011,82.0,2.2029465351536462e-08,1.0532867047875412e-07,5.49556103286331e-10,40.08592611345928
229,frontal,YUE011,83.0,2.0667394021227247e-08,9.88162490454899e-08,6.491779486428552e-10,31.8362539338153
229,frontal,YUE011,84.0,1.9713438525136925e-08,9.425513680351324e-08,7.017624841756212e-10,28.0913257258185
229,frontal,YUE011,85.0,1.8157313489458666e-08,8.681489354335334e-08,4.837611081006184e-10,37.53363630397938
229,frontal,YUE011,86.0,1.655175795192145e-08,7.913831004711333e-08,4.699497021244686e-10,35.22027544032283
229,frontal,YUE011,87.0,1.5887230055853666e-08,7.596102731818945e-08,4.952152473710738e-10,32.081463848686944
229,frontal,YUE011,88.0,1.3466337661084505e-08,6.438610376720194e-08,5.039766381806949e-10,26.720162485500584
229,frontal,YUE011,89.0,1.0283446628761542e-08,4.916786422468192e-08,3.729931853320361e-10,27.570065709397035
229,frontal,YUE011,90.0,8.601177429432106e-09,4.1124492525678364e-08,1.6281143836592593e-10,52.82907341006704
229,frontal,YUE011,91.0,7.42511335580071e-09,3.550142073084777e-08,1.1019388506257779e-10,67.38226310456407
229,frontal,YUE011,92.0,6.704958558956563e-09,3.205817115215562e-08,9.28316254304877e-11,72.22709424577764
229,frontal,YUE011,93.0,5.7125679343642615e-09,2.7313290447341e-08,1.2804046103733175e-10,44.61533399742049
229,frontal,YUE011,94.0,4.977809791419006e-09,2.380021842834784e-08,1.445140204141468e-10,34.44516855287569
229,frontal,YUE011,95.0,4.68341685401503e-09,2.239264833074067e-08,3.9745938224355034e-11,117.83384826842966
229,frontal,YUE011,96.0,4.6271499565684995e-09,2.2123621488489408e-08,3.587787682885891e-11,128.96944762479873
229,frontal,YUE011,97.0,3.80723741939261e-09,1.8203403903927138e-08,2.7737346808482407e-11,137.2603315551548
229,frontal,YUE011,98.0,3.379319759716484e-09,1.6157416974656395e-08,3.153099017784883e-11,107.17455242146266
229,frontal,YUE011,99.0,3.175941079546267e-09,1.5185009989547306e-08,3.0047641541192284e-11,105.6968506227809
229,frontal,YUE011,100.0,3.4611658106865935e-09,1.654874448056959e-08,3.357411282599016e-11,103.09031332042406
229,occipital,YUE031,0.0,0.27416920539113315,1.0,0.27405863851869233,1.0004034423911556
229,occipital,YUE031,1.0,0.2117578496386103,0.7723619045272205,0.21157101381920895,1.0008830879808563
229,occipital,YUE031,2.0,0.10667857782597785,0.3890975927576873,0.10642922455118872,1.0023429022981296
229,occipital,YUE031,3.0,0.054210864081074395,0.19772776451584528,0.053916922636664394,1.0054517474298528
229,occipital,YUE031,4.0,0.029670495207339685,0.10821964912146641,0.02935140529326431,1.0108713675167234
229,occipital,YUE031,5.0,0.01731115481348479,0.06314040553456207,0.016988857410373735,1.0189711053148431
229,occipital,YUE031,6.0,0.010481896199504095,0.038231486225998625,0.010176079122627649,1.0300525451100737
229,occipital,YUE031,7.0,0.006402167547364769,0.02335115476674836,0.006129417873985068,1.044498462820968
229,occipital,YUE031,8.0,0.003938379212730804,0.014364775967863582,0.0037037218079525856,1.0633571895908502
229,occipital,YUE031,9.0,0.002502337175889473,0.009126981173248862,0.0023023004219387662,1.0868856001782148
229,occipital,YUE031,10.0,0.0016178057543306827,0.0059007566222570515,0.0014490656005545013,1.116447560215087
229,occipital,YUE031,11.0,0.0010552690065681485,0.0038489698544469605,0.0009139547116805927,1.15461848719802
229,occipital,YUE031,12.0,0.0006845357923204886,0.0024967639649533997,0.0005668837573015253,1.2075417287999384
229,occipital,YUE031,13.0,0.0004368051153122507,0.0015931953943882908,0.0003392231465569312,1.287663061161254
229,occipital,YUE031,14.0,0.00028367064873222086,0.0010346553994914666,0.00019984684565695573,1.4194402108260027
229,occipital,YUE031,15.0,0.00021404983970508434,0.0007807216693053409,0.00013745923469442482,1.5571877741129745
229,occipital,YUE031,16.0,0.00017583668434426346,0.0006413436698458263,0.00010711269357404763,1.6416045426278683
229,occipital,YUE031,17.0,0.0001386029504776793,0.00050553799534104,7.877962484050606e-05,1.7593756095981548
229,occipital,YUE031,18.0,0.00010918183423334722,0.0003982279267198775,5.735473768655677e-05,1.9036236348952575
229,occipital,YUE031,19.0,8.678574027314156e-05,0.00031654080241919205,4.2159097088233985e-05,2.0585293867064873
229,occipital,YUE031,20.0,6.952744014330292e-05,0.0002535931781401716,3.082954467401106e-05,2.255221115928894
229,occipital,YUE031,21.0,5.669435677492574e-05,0.00020678601265245993,2.302944417883591e-05,2.461820456223947
229,occipital,YUE031,22.0,4.670393381991337e-05,0.00017034711740614693,1.7469034341024926e-05,2.673526933897664
229,occipital,YUE031,23.0,3.893110625436335e-05,0.00014199664108455857,1.3500731046774775e-05,2.88362949528305
229,occipital,YUE031,24.0,3.265541251682874e-05,0.0001191067846961227,1.0742531513250123e-05,3.039824689045658
229,occipital,YUE031,25.0,2.7147383462416757e-05,9.901689514578402e-05,8.531598158441207e-06,3.1819810260938035
229,occipital,YUE031,26.0,2.2505922854747812e-05,8.208771230394233e-05,6.725562661618472e-06,3.34632565141128
229,occipital,YUE031,27.0,1.828430933620041e-05,6.668987244616254e-05,5.2400827814395975e-06,3.489316886550635
229,occipital,YUE031,28.0,1.466686489092016e-05,5.349566837747599e-05,4.020167299094663e-06,3.648322022375318
229,occipital,YUE031,29.0,1.1932285963161986e-05,4.352161267031883e-05,3.098755436282772e-06,3.8506704412516677
229,occipital,YUE031,30.0,9.862740836403081e-06,3.597318970353645e-05,2.468283115145838e-06,3.9957899383111664
229,occipital,YUE031,31.0,8.25236515680239e-06,3.0099533406858967e-05,1.9545202599900617e-06,4.222194737876164
229,occipital,YUE031,32.0,6.942630368665048e-06,2.5322429478396768e-05,1.5508957306952224e-06,4.476529421841186
229,occipital,YUE031,33.0,5.837454260162161e-06,2.1291429326770586e-05,1.27520562120707e-06,4.577657252354808
229,occipital,YUE031,34.0,4.79375118268419e-06,1.74846448412956e-05,1.0242641152775624e-06,4.680190500850599
229,occipital,YUE031,35.0,3.90599201708628e-06,1.4246647472731097e-05,8.054495119726443e-07,4.849456060281207
229,occipital,YUE031,36.0,3.2044385271306085e-06,1.1687813452860679e-05,6.391178168842165e-07,5.013846340182892
229,occipital,YUE031,37.0,2.5956017257044832e-06,9.467152673115006e-06,5.109750355768465e-07,5.0797035960363
229,occipital,YUE031,38.0,2.0897735857706946e-06,7.62220389700367e-06,4.0299135673314194e-07,5.185653614785908
229,occipital,YUE031,39.0,1.7108325956670164e-06,6.240061108344833e-06,3.293438646718698e-07,5.194669702960899
229,occipital,YUE031,40.0,1.4012297387898998e-06,5.110821023064528e-06,2.562150036388793e-07,5.468960517100922
229,occipital,YUE031,41.0,1.161910048005474e-06,4.237930537632331e-06,2.114682314679084e-07,5.494489833957878
229,occipital,YUE031,42.0,9.356379016526678e-07,3.412629439246743e-06,1.7279105256950637e-07,5.414851566323443
229,occipital,YUE031,43.0,7.56875863529909e-07,2.7606158848151476e-06,1.3518013108993774e-07,5.599017085035567
229,occipital,YUE031,44.0,6.284343346884469e-07,2.2921404823416064e-06,1.0598745984913635e-07,5.92932725798851
229,occipital,YUE031,45.0,5.352878535516077e-07,1.9523996241224814e-06,8.601236032599143e-08,6.223382912907381
229,occipital,YUE031,46.0,4.4318773890145385e-07,1.6164752648613355e-06,6.650899500936174e-08,6.663575939451065
229,occipital,YUE031,47.0,3.416857948174858e-07,1.2462588361447548e-06,4.593039133013033e-08,7.4392093104885
229,occipital,YUE031,48.0,2.5839355552211773e-07,9.424601685425987e-07,2.9751944008746766e-08,8.68493014930899
229,occipital,YUE031,49.0,2.0422511371078468e-07,7.448871342769318e-07,2.0885929163442624e-08,9.778119618841142
229,occipital,YUE031,50.0,1.5730756165330022e-07,5.737608694196101e-07,1.4380088172974878e-08,10.939262663836452
229,occipital,YUE031,51.0,1.247624315892054e-07,4.550563270270189e-07,1.0141732879870068e-08,12.301885000032046
229,occipital,YUE031,52.0,1.1607819858437582e-07,4.233816063287532e-07,9.146722498846842e-09,12.690687686109444
229,occipital,YUE031,53.0,1.097736383562766e-07,4.003864628037718e-07,9.508948472351319e-09,11.544245788633704
229,occipital,YUE031,54.0,1.042336554725149e-07,3.801800254110008e-07,8.445710190460806e-09,12.34160930483311
229,occipital,YUE031,55.0,9.799095772254143e-08,3.574105180147651e-07,6.1659938365583615e-09,15.892159531777361
229,occipital,YUE031,56.0,9.692457948636845e-08,3.535210285491204e-07,5.069424829244702e-09,19.119443083015263
229,occipital,YUE031,57.0,9.274742683806436e-08,3.382853544975985e-07,4.509421817748584e-09,20.567476405294528
229,occipital,YUE031,58.0,9.043589987989087e-08,3.2985433119986583e-07,4.275091823914763e-09,21.15414208742712
229,occipital,YUE031,59.0,7.265815311140942e-08,2.650120862689681e-07,3.454797542483932e-09,21.031088571161142
229,occipital,YUE031,60.0,4.6598956387320173e-08,1.6996422454097836e-07,2.4978361502063445e-09,18.655729833788605
229,occipital,YUE031,61.0,4.310041719131467e-08,1.5720371341422931e-07,2.4049805101939334e-09,17.921316621330593
229,occipital,YUE031,62.0,4.778214933495229e-08,1.742797819572249e-07,2.083469933315104e-09,22.93392794919
229,occipital,YUE031,63.0,4.545496428234347e-08,1.6579164759768283e-07,1.8660563891775826e-09,24.358837463843525
229,occipital,YUE031,64.0,3.825765908960812e-08,1.395403215872814e-07,1.9702577913835374e-09,19.41759055942784
229,occipital,YUE031,65.0,3.5708540013018345e-08,1.302427089215804e-07,1.8220719710764736e-09,19.59776593891726
229,occipital,YUE031,66.0,3.9607602505871706e-08,1.444640817679251e-07,1.6789673405027912e-09,23.590454412300023
229,occipital,YUE031,67.0,4.033022550673335e-08,1.4709976435609446e-07,1.8261298492148362e-09,22.085080928978712
229,occipital,YUE031,68.0,3.923519873307659e-08,1.4310578271218746e-07,1.6188510590046356e-09,24.23644751926758
229,occipital,YUE031,69.0,4.7119233195582625e-08,1.7186187313911404e-07,1.4544656644063299e-09,32.396249941599905
229,occipital,YUE031,70.0,4.964751100713387e-08,1.810834697365305e-07,1.375677926063589e-09,36.08948727497353
229,occipital,YUE031,71.0,4.629300977343165e-08,1.6884832017290007e-07,1.4902543678604303e-09,31.06383096188799
229,occipital,YUE031,72.0,3.4112153038570863e-08,1.2442007478522633e-07,1.5058427885894478e-09,22.65319679919866
229,occipital,YUE031,73.0,2.384388021833375e-08,8.696775476413472e-08,9.686590890193994e-10,24.615347637393846
229,occipital,YUE031,74.0,2.22659687878702e-08,8.121250800616099e-08,7.635262609860331e-10,29.16202090955651
229,occipital,YUE031,75.0,1.7550058279100073e-08,6.401177788753826e-08,6.007583642754828e-10,29.213173420008093
229,occipital,YUE031,76.0,1.6357837775954992e-08,5.96632935220376e-08,5.584726569642189e-10,29.290310943554452
229,occipital,YUE031,77.0,1.5897402029485772e-08,5.798390817380947e-08,4.820331521213827e-10,32.97989351878143
229,occipital,YUE031,78.0,1.3816801311760512e-08,5.0395161236468164e-08,3.9687987398116964e-10,34.81356001543193
229,occipital,YUE031,79.0,1.1896481845908335e-08,4.339102135462904e-08,4.352215324268585e-10,27.334313584100087
229,occipital,YUE031,80.0,1.1085742329344298e-08,4.0433944116842887e-08,3.2510206539125373e-10,34.099267613088934
229,occipital,YUE031,81.0,1.0088176062341037e-08,3.6795438232930355e-08,2.908838973688107e-10,34.68110869523407
229,occipital,YUE031,82.0,8.068486838758844e-09,2.9428858821866013e-08,3.4154760844988253e-10,23.623315283564004
229,occipital,YUE031,83.0,7.485921457440958e-09,2.7304019963735354e-08,2.808237313767152e-10,26.657011573565544
229,occipital,YUE031,84.0,7.082646214313534e-09,2.583312084305509e-08,1.9891232695740852e-10,35.60687425787384
229,occipital,YUE031,85.0,6.339419024374155e-09,2.3122286893344793e-08,2.3445074537607985e-10,27.03944922079545
229,occipital,YUE031,86.0,5.406433777120253e-09,1.971933269970042e-08,2.2674695689086764e-10,23.84346785179722
229,occipital,YUE031,87.0,5.120805076414202e-09,1.8677535535432575e-08,1.6043992805872525e-10,31.917273576312326
229,occipital,YUE031,88.0,5.235211174144822e-09,1.9094818350136026e-08,1.9001444919562824e-10,27.55164776313901
229,occipital,YUE031,89.0,5.256655638427559e-09,1.917303451687198e-08,2.507647574217019e-10,20.962497651085933
229,occipital,YUE031,90.0,5.4678586960185235e-09,1.994337288251614e-08,1.7131493001587625e-10,31.91700043604957
229,occipital,YUE031,91.0,6.634066692021946e-09,2.419697968106121e-08,8.974850020418969e-11,73.91841286404306
229,occipital,YUE031,92.0,7.134430975977362e-09,2.602199968373288e-08,8.20414358367452e-11,86.96131294159957
229,occipital,YUE031,93.0,6.2045080425737225e-09,2.263021492046233e-08,1.4516736354381874e-10,42.740378354401216
229,occipital,YUE031,94.0,5.878809702430995e-09,2.1442268448946385e-08,2.2099166575412152e-10,26.601952079821157
229,occipital,YUE031,95.0,5.216800342520237e-09,1.9027667002491713e-08,1.4389733657395178e-10,36.25362683373376
229,occipital,YUE031,96.0,4.769813911623294e-09,1.7397336454393625e-08,6.447020443805787e-11,73.98478030585538
229,occipital,YUE031,97.0,5.105610340817957e-09,1.8622114520608654e-08,3.975092743476034e-11,128.44003071871322
229,occipital,YUE031,98.0,5.269173972629636e-09,1.9218693671714762e-08,5.86001167553662e-11,89.91746543145105
229,occipital,YUE031,99.0,4.308349193716198e-09,1.5714198053606546e-08,7.476703345690564e-11,57.62364767621083
229,occipital,YUE031,100.0,3.813783089520477e-09,1.3910326231130469e-08,4.395467317060495e-11,86.76627112474984
229,temporal,YUE041,0.0,0.0006657091110402488,1.0,0.3078238135908301,0.0021626303152917597
229,temporal,YUE041,1.0,0.0011041746904296385,1.6586444020635913,0.5106142076639484,0.002162444118978239
229,temporal,YUE041,2.0,0.0014719714783408026,2.2111331419825,0.3460961553212279,0.004253070875562306
229,temporal,YUE041,3.0,0.0017459112443281616,2.6226338431811,0.14594780202703395,0.011962573057487814
229,temporal,YUE041,4.0,0.001910189298508806,2.869405370648917,0.06973346604085749,0.02739271983683714
229,temporal,YUE041,5.0,0.0019639216397142906,2.9501198153130757,0.037774257728318904,0.051991005457718426
229,temporal,YUE041,6.0,0.0019243611073998473,2.890693661068881,0.022239170978663594,0.08653025372420996
229,temporal,YUE041,7.0,0.0018101293177052963,2.719099510109988,0.013805208223313005,0.13111930573046418
229,temporal,YUE041,8.0,0.001631875422889858,2.4513340674275295,0.008870985904620609,0.18395648921501126
229,temporal,YUE041,9.0,0.001411920971068761,2.12092781614851,0.00578304452603673,0.24414838321094287
229,temporal,YUE041,10.0,0.0011665065177214214,1.7522766301014232,0.0037483150311930892,0.3112082383721419
229,temporal,YUE041,11.0,0.0009139014362231459,1.372823987334449,0.00236770798925978,0.38598570447399644
229,temporal,YUE041,12.0,0.0006911914999899456,1.0382785642063355,0.0014580671374518814,0.4740464154468717
229,temporal,YUE041,13.0,0.0005169856162749861,0.7765938721600719,0.0008696116256340608,0.5945017304685133
229,temporal,YUE041,14.0,0.0003962678458911633,0.595256756020581,0.00047774571339890165,0.8294534828411803
229,temporal,YUE041,15.0,0.00034664583897014664,0.5207166812370522,0.0002786842483459555,1.243865920042328
229,temporal,YUE041,16.0,0.0003349122782212093,0.5030910237924631,0.00022202425584860166,1.508449051844074
229,temporal,YUE041,17.0,0.0003146495968216139,0.4726532829480685,0.00020334829831491368,1.54734315176975
229,temporal,YUE041,18.0,0.00028172315343253594,0.4231925757968227,0.0001806481135981855,1.5595133977383846
229,temporal,YUE041,19.0,0.0002448685307349456,0.36783112424630887,0.00015511529239689806,1.5786227582796497
229,temporal,YUE041,20.0,0.0002064530348771182,0.3101249952167712,0.00012758494437801687,1.6181614208760078
229,temporal,YUE041,21.0,0.00016107167494021886,0.2419550405259219,9.472086122110532e-05,1.7004878636421172
229,temporal,YUE041,22.0,0.00011977892497943802,0.17992682238082838,6.602725074484715e-05,1.8140831797208476
229,temporal,YUE041,23.0,8.92849512664769e-05,0.13412006803836388,4.692752696345256e-05,1.9026136053581635
229,temporal,YUE041,24.0,6.646552546253828e-05,0.09984169415779524,3.317031397717272e-05,2.00376533994459
229,temporal,YUE041,25.0,4.957578643863332e-05,0.07447064433467843,2.3597444648513763e-05,2.100896396922187
229,temporal,YUE041,26.0,3.705447836572814e-05,0.05566166626114844,1.66923294678258e-05,2.219850646798583
229,temporal,YUE041,27.0,2.7759735126697295e-05,0.041699497072106226,1.1833018217934356e-05,2.345955580852913
229,temporal,YUE041,28.0,2.0829735551125718e-05,0.03128954554726884,8.431300778359487e-06,2.4705245487848253
229,temporal,YUE041,29.0,1.581061871584128e-05,0.023750041051917296,6.073915063810113e-06,2.6030358590367606
229,temporal,YUE041,30.0,1.225196332816082e-05,0.018404379818410005,4.466762694210955e-06,2.742917895333839
229,temporal,YUE041,31.0,9.591208694540754e-06,0.014407507025934138,3.316836971104381e-06,2.8916732351024312
229,temporal,YUE041,32.0,7.66394829215854e-06,0.011512458166875197,2.480981568737292e-06,3.0890790922155644
229,temporal,YUE041,33.0,6.160351273759865e-06,0.009253818479566234,1.8947265153845068e-06,3.2513142259529273
229,temporal,YUE041,34.0,4.986416927230662e-06,0.007490384079975709,1.489325504451292e-06,3.3481041668374525
229,temporal,YUE041,35.0,4.027280038839621e-06,0.006049609314414402,1.154724451439572e-06,3.487654594841991
229,temporal,YUE041,36.0,3.1814212844811895e-06,0.004778996158712391,8.783350643631366e-07,3.6221043808469324
229,temporal,YUE041,37.0,2.44422602748226e-06,0.003671612701323659,6.484412888033468e-07,3.7693867890382315
229,temporal,YUE041,38.0,1.8481559389220858e-06,0.002776221488142358,4.788597849203753e-07,3.8594928977579452
229,temporal,YUE041,39.0,1.3856858986554968e-06,0.002081518602757591,3.5753939109773725e-07,3.8756174372873633
229,temporal,YUE041,40.0,1.0439298032545104e-06,0.0015681470869810497,2.5333527171513516e-07,4.120744009260446
229,temporal,YUE041,41.0,8.005379751966432e-07,0.0012025342028828604,1.8900000780272803e-07,4.23565048755034
229,temporal,YUE041,42.0,6.125871007576275e-07,0.0009202023685696416,1.4289928343810596e-07,4.286845154286289
229,temporal,YUE041,43.0,4.785063508894113e-07,0.0007187919512498316,1.0485013690902234e-07,4.563716986889656
229,temporal,YUE041,44.0,3.772836105038993e-07,0.0005667394425687658,7.830628420879688e-08,4.818050228228241
229,temporal,YUE041,45.0,2.9404543711145903e-07,0.00044170258786450803,5.7993908419158847e-08,5.070281433460316
229,temporal,YUE041,46.0,2.2767238362541015e-07,0.00034199980118890857,4.336930342593817e-08,5.24962048362632
229,temporal,YUE041,47.0,1.720408616380847e-07,0.0002584324876810693,2.995003459542592e-08,5.744262534653614
229,temporal,YUE041,48.0,1.326617215506237e-07,0.00019927881314907067,2.1950454476693143e-08,6.043689058533302
229,temporal,YUE041,49.0,1.0262357259547536e-07,0.00015415677943045417,1.6871495930496813e-08,6.082659950145477
229,temporal,YUE041,50.0,8.070969817894377e-08,0.00012123868644793725,1.301314953188173e-08,6.202164816534847
229,temporal,YUE041,51.0,6.605222778052447e-08,9.922085590403005e-05,1.0422860983415744e-08,6.337245396021588
229,temporal,YUE041,52.0,5.375540299642199e-08,8.07490871086665e-05,8.898663366297149e-09,6.0408401558390805
229,temporal,YUE041,53.0,4.495614818739165e-08,6.753121963006091e-05,6.417078391563251e-09,7.005703443875177
229,temporal,YUE041,54.0,3.917077000614938e-08,5.8840669830912246e-05,5.180004490034701e-09,7.56191815692557
229,temporal,YUE041,55.0,3.424190795913905e-08,5.143674225163005e-05,4.340252584262229e-09,7.889381388378254
229,temporal,YUE041,56.0,2.914609221165638e-08,4.378202390247022e-05,3.4950187304117036e-09,8.339323608781648
229,temporal,YUE041,57.0,2.401611110868741e-08,3.607598380493758e-05,2.810130992810817e-09,8.546260359438062
229,temporal,YUE041,58.0,1.9945382094620932e-08,2.996110728220908e-05,2.2895504244997157e-09,8.711484089274492
229,temporal,YUE041,59.0,1.6955257523855846e-08,2.546946893570566e-05,1.8225208353641389e-09,9.303189952540757
229,temporal,YUE041,60.0,1.4744078977029317e-08,2.2147930278421394e-05,1.578765604034823e-09,9.338991766319293
229,temporal,YUE041,61.0,1.2358134037084013e-08,1.8563864955630505e-05,1.2502899652306258e-09,9.884214366868456
229,temporal,YUE041,62.0,1.1221194288521473e-08,1.6856002272504632e-05,9.951835481685177e-10,11.275502201751985
229,temporal,YUE041,63.0,9.345747946238601e-09,1.4038786297568873e-05,6.721257844072164e-10,13.904760333634744
229,temporal,YUE041,64.0,7.942622352235672e-09,1.1931070523917557e-05,5.318702803541203e-10,14.93338252881409
229,temporal,YUE041,65.0,6.9260210138078815e-09,1.0403975098050195e-05,4.709981629343012e-10,14.704985197095091
229,temporal,YUE041,66.0,5.883128796726479e-09,8.837386629023896e-06,4.373676869778435e-10,13.451219584551776
229,temporal,YUE041,67.0,5.131643112874089e-09,7.70853669834155e-06,2.859211726656646e-10,17.94775484806317
229,temporal,YUE041,68.0,4.668873625509699e-09,7.013383996223267e-06,2.1204829100552193e-10,22.017973374697547
229,temporal,YUE041,69.0,4.4695215707591895e-09,6.713925792265388e-06,1.6078098653203867e-10,27.798819171124766
229,temporal,YUE041,70.0,4.100839096580611e-09,6.160106611989383e-06,1.3247424164414022e-10,30.9557469111355
229,temporal,YUE041,71.0,3.5555729514744925e-09,5.3410309285364765e-06,1.0478407941682428e-10,33.93237762132407
229,temporal,YUE041,72.0,3.0054435577025853e-09,4.5146498791434985e-06,6.441605661977715e-11,46.65674546708976
229,temporal,YUE041,73.0,2.7878833876344294e-09,4.187840216394265e-06,5.4804022635866464e-11,50.87005029097811
229,temporal,YUE041,74.0,2.7081447700524028e-09,4.068060246044414e-06,5.281300185782984e-11,51.27799357708549
229,temporal,YUE041,75.0,2.429367076926749e-09,3.649292215830691e-06,3.719429810073783e-11,65.31557795087299
229,temporal,YUE041,76.0,2.257756399287423e-09,3.3915059323124073e-06,2.0358814710100782e-11,110.8982242550331
229,temporal,YUE041,77.0,2.046490883627247e-09,3.074151832516404e-06,1.8677315701426484e-11,109.57093173035277
229,temporal,YUE041,78.0,2.1115446684642377e-09,3.1718728697654457e-06,1.0382121737187652e-11,203.38276914061893
229,temporal,YUE041,79.0,2.3829542711455903e-09,3.579572866926733e-06,6.250002280583859e-12,381.2725442594528
229,temporal,YUE041,80.0,2.618723643832889e-09,3.933735621765526e-06,5.732651123302954e-12,456.808479620869
229,temporal,YUE041,81.0,2.589328269147022e-09,3.889579136300075e-06,7.694929981144945e-12,336.4979636581112
229,temporal,YUE041,82.0,3.112133937429016e-09,4.6749156438101625e-06,9.289858702047902e-12,335.00336627756906
229,temporal,YUE041,83.0,3.842765637141086e-09,5.7724396037427104e-06,1.1617318131347719e-11,330.7790656754003
229,temporal,YUE041,84.0,4.55760290464699e-09,6.8462378373118535e-06,8.510536059606429e-12,535.5247745531269
229,temporal,YUE041,85.0,4.992885904379434e-09,7.500101503158733e-06,5.357835751239919e-12,931.8848386167815
229,temporal,YUE041,86.0,5.623134927003271e-09,8.446834861876024e-06,9.680738517530438e-12,580.858053011201
229,temporal,YUE041,87.0,5.494141539981393e-09,8.253066465315684e-06,1.4029682797403207e-11,391.60839338422664
229,temporal,YUE041,88.0,4.5465412408211625e-09,6.829621474936188e-06,1.983570087757006e-11,229.21001223416962
229,temporal,YUE041,89.0,3.6456495841872308e-09,5.476340226875481e-06,1.143241835613777e-11,318.88699928742335
229,temporal,YUE041,90.0,3.1820575729519336e-09,4.779951964273996e-06,2.1319823141612962e-12,1492.5346949717677
229,temporal,YUE041,91.0,2.626922638675402e-09,3.946051804173937e-06,4.665861828932856e-12,563.0090934939267
229,temporal,YUE041,92.0,2.2747868809573424e-09,3.417088399770765e-06,4.985753053762413e-12,456.2574312100583
229,temporal,YUE041,93.0,1.9560185657343413e-09,2.9382481526771235e-06,6.559828472189161e-13,2981.8135855640357
229,temporal,YUE041,94.0,1.8444565783640966e-09,2.770664465568026e-06,2.5078385374136974e-13,7354.766069853372
229,temporal,YUE041,95.0,1.5977964963703045e-09,2.4001421489839e-06,3.34813527655428e-13,4772.198147306253
229,temporal,YUE041,96.0,1.548840230206532e-09,2.326602121737957e-06,6.948146426820101e-13,2229.141608512958
229,temporal,YUE041,97.0,1.6595392278539905e-09,2.492889462276947e-06,3.9522761592155557e-13,4198.945521517844
229,temporal,YUE041,98.0,1.7270025179742837e-09,2.5942299561975936e-06,6.266793332651177e-13,2755.7993798459484
229,temporal,YUE041,99.0,2.0111663187491395e-09,3.021088768946628e-06,5.980129155197513e-13,3363.081743813465
229,temporal,YUE041,100.0,2.3191936157733827e-09,3.4837943139299533e-06,4.0919357234751434e-13,5667.717609708125
229,parietal,YUE206,0.0,0.2535183244573331,1.0,0.25334899663278304,1.000668357983653
229,parietal,YUE206,1.0,0.3338678507593993,1.316937745916623,0.3335895939035509,1.0008341293041918
229,parietal,YUE206,2.0,0.15319403388192504,0.604272035206305,0.1528147630420954,1.0024818992110414
229,parietal,YUE206,3.0,0.07935983456566807,0.3130339186942057,0.0788958346987117,1.0058811706439041
229,parietal,YUE206,4.0,0.044762591076911135,0.17656550536426666,0.04424090593793944,1.0117919180882848
229,parietal,YUE206,5.0,0.026036439299601494,0.1027004235505801,0.025480109494921514,1.0218338859489935
229,parietal,YUE206,6.0,0.01592744651906551,0.06282562238117854,0.015364174518364932,1.0366613904331337
229,parietal,YUE206,7.0,0.010243537797906653,0.04040551238192895,0.009702458698415385,1.0557672149204445
229,parietal,YUE206,8.0,0.006691279507966943,0.026393672024655087,0.006195763787000294,1.0799765352588684
229,parietal,YUE206,9.0,0.004298870657243936,0.016956843914323963,0.003870530284869666,1.110667102657406
229,parietal,YUE206,10.0,0.002780422112001222,0.010967341780728614,0.0024223631100932313,1.1478139261682407
229,parietal,YUE206,11.0,0.0018658026783419067,0.007359636358972228,0.0015678427293147812,1.1900445391977215
229,parietal,YUE206,12.0,0.0012567913975785158,0.004957398642755833,0.0010127078067712087,1.2410207457425582
229,parietal,YUE206,13.0,0.0008413564721436696,0.003318720545919627,0.0006450601196134863,1.3043070662123744
229,parietal,YUE206,14.0,0.0005675243856582635,0.00223859315445175,0.00040955518076099366,1.3857092092053325
229,parietal,YUE206,15.0,0.00037241953550697977,0.0014690044055164844,0.00024689451527274054,1.5084155883154136
229,parietal,YUE206,16.0,0.0002342787741469899,0.0009241098238104632,0.00013211201777760394,1.7733343119576939
229,parietal,YUE206,17.0,0.00017026786934584202,0.0006716195750753234,7.43682267235558e-05,2.28952439566386
229,parietal,YUE206,18.0,0.0001564435304143756,0.0006170896354306921,6.106720228117178e-05,2.56182573575358
229,parietal,YUE206,19.0,0.00014746222814687802,0.0005816629960083843,5.394210191941741e-05,2.733713053435843
229,parietal,YUE206,20.0,0.00013372576853759108,0.0005274796952994892,4.6169101478051044e-05,2.8964342873591504
229,parietal,YUE206,21.0,0.00011514025290374578,0.00045416935107238685,3.6337602031031684e-05,3.1686255137424313
229,parietal,YUE206,22.0,9.774006583862509e-05,0.00038553452121396715,2.7787260904110962e-05,3.5174415418601055
229,parietal,YUE206,23.0,8.235301934407189e-05,0.000324840500268973,2.071482379142545e-05,3.9755597331298818
229,parietal,YUE206,24.0,6.999163655184308e-05,0.00027608117362586397,1.5559159270537783e-05,4.498420212483879
229,parietal,YUE206,25.0,5.9888808994436084e-05,0.0002362306911053892,1.1949096393315796e-05,5.011994800538832
229,parietal,YUE206,26.0,5.141627803366596e-05,0.000202810894020086,9.262387248114525e-06,5.551082745340019
229,parietal,YUE206,27.0,4.473272000962381e-05,0.00017644767929646162,7.371162607969469e-06,6.068611206766787
229,parietal,YUE206,28.0,3.882631434632855e-05,0.00015314993276891505,5.954956460174169e-06,6.519999702095718
229,parietal,YUE206,29.0,3.324986989184736e-05,0.0001311537142848358,4.83270243013306e-06,6.8801815076646236
229,parietal,YUE206,30.0,2.8167568244716252e-05,0.00011110663619685144,3.9834220368179015e-06,7.071198578601403
229,parietal,YUE206,31.0,2.412953302153882e-05,9.517865453390452e-05,3.291453481320271e-06,7.330965835755928
229,parietal,YUE206,32.0,2.0295077618727175e-05,8.005369103858534e-05,2.6780745788017948e-06,7.578234668807265
229,parietal,YUE206,33.0,1.697513983134086e-05,6.69582361262322e-05,2.191019627863199e-06,7.747598248535972
229,parietal,YUE206,34.0,1.3784898155231434e-05,5.437436597428846e-05,1.702248083122257e-06,8.098054738265427
229,parietal,YUE206,35.0,1.0982616059723811e-05,4.332079774995585e-05,1.3438162620592754e-06,8.172706619053677
229,parietal,YUE206,36.0,8.689165169915892e-06,3.427430813340782e-05,1.0439215807768715e-06,8.323580362664348
229,parietal,YUE206,37.0,6.857661152776593e-06,2.7049962433507373e-05,8.019257946996626e-07,8.551490921108137
229,parietal,YUE206,38.0,5.557820433800836e-06,2.1922756257156522e-05,6.414217649689094e-07,8.664845406470159
229,parietal,YUE206,39.0,4.5255381967891605e-06,1.7850931314240384e-05,5.137155079577468e-07,8.8094249184344
229,parietal,YUE206,40.0,3.6970491599258985e-06,1.4582966212953608e-05,4.0042362328212745e-07,9.232844779792273
229,parietal,YUE206,41.0,3.0698727858813372e-06,1.210907650345407e-05,3.231636677617449e-07,9.499436638850833
229,parietal,YUE206,42.0,2.539072796566077e-06,1.0015342291335634e-05,2.5032867885720657e-07,10.14295608540492
229,parietal,YUE206,43.0,2.0761884059923786e-06,8.189500346519525e-06,1.9730723878399921e-07,10.522616497944467
229,parietal,YUE206,44.0,1.7224144494430052e-06,6.794043204292659e-06,1.604698580341751e-07,10.73356997097975
229,parietal,YUE206,45.0,1.4758445469597037e-06,5.821451171700557e-06,1.241858469551033e-07,11.884160579854669
229,parietal,YUE206,46.0,1.2562220418676268e-06,4.955152825960902e-06,1.0305727683307091e-07,12.18955206726855
229,parietal,YUE206,47.0,1.0801885016127739e-06,4.2607906309138164e-06,8.921294398401953e-08,12.107979552902828
229,parietal,YUE206,48.0,8.889297323742633e-07,3.50637270215893e-06,6.563950510755499e-08,13.542602597592545
229,parietal,YUE206,49.0,7.505452019293498e-07,2.960516576211697e-06,5.207436395001299e-08,14.4129499622849
229,parietal,YUE206,50.0,6.393468555823422e-07,2.5218960284267097e-06,4.062650663501511e-08,15.73718511724813
229,parietal,YUE206,51.0,5.226123343197688e-07,2.0614381048724706e-06,2.964243826684002e-08,17.630544748553877
229,parietal,YUE206,52.0,4.549978385283117e-07,1.7947335345571338e-06,2.279908985901118e-08,19.956842195982528
229,parietal,YUE206,53.0,3.9265908623097936e-07,1.548839071382643e-06,1.7096462088251252e-08,22.96727148600037
229,parietal,YUE206,54.0,3.458344106405245e-07,1.364139698307008e-06,1.2631122058174076e-08,27.37954783808949
229,parietal,YUE206,55.0,3.098571329457536e-07,1.2222277565498123e-06,1.118803771660904e-08,27.695395814206066
229,parietal,YUE206,56.0,2.8137135575424645e-07,1.1098659489665452e-06,9.695389612124033e-09,29.021149949703215
229,parietal,YUE206,57.0,2.6330610001176786e-07,1.0386077636612104e-06,7.238587721724587e-09,36.37534145252237
229,parietal,YUE206,58.0,2.2532342121466235e-07,8.887855412305081e-07,7.449723983198611e-09,30.24587511199543
229,parietal,YUE206,59.0,1.9883825020465645e-07,7.843151008128438e-07,5.977730895330915e-09,33.263165185298824
229,parietal,YUE206,60.0,1.7157701528341048e-07,6.76783485575169e-07,4.6283598935780906e-09,37.07080245023206
229,parietal,YUE206,61.0,1.489501699134634e-07,5.875321645182757e-07,3.781395178013547e-09,39.390268115725036
229,parietal,YUE206,62.0,1.214136650641877e-07,4.789147503403507e-07,2.8479093627272194e-09,42.63255939715699
229,parietal,YUE206,63.0,1.093780367933459e-07,4.3144035851244406e-07,2.471952547075707e-09,44.24762802293228
229,parietal,YUE206,64.0,9.51004785086243e-08,3.751227005471537e-07,1.8028468425789252e-09,52.750170598288626
229,parietal,YUE206,65.0,7.261437770345153e-08,2.864265447434056e-07,1.25738175072998e-09,57.75046254750782
229,parietal,YUE206,66.0,6.534776346201436e-08,2.577634717407275e-07,1.2253332187359438e-09,53.33060628963217
229,parietal,YUE206,67.0,5.654767048656206e-08,2.230516102045278e-07,9.52867001666761e-10,59.34476730503682
229,parietal,YUE206,68.0,4.974888815486855e-08,1.962338945768839e-07,6.266095829951105e-10,79.39375570522793
229,parietal,YUE206,69.0,4.5627704228885946e-08,1.7997793384976812e-07,6.444785028353805e-10,70.79786839769993
229,parietal,YUE206,70.0,4.403990784075557e-08,1.7371488997895868e-07,7.082248761020454e-10,62.183508835702106
229,parietal,YUE206,71.0,4.0260220936500354e-08,1.5880596017143572e-07,8.264806451119007e-10,48.71284182468587
229,parietal,YUE206,72.0,3.5460040720076454e-08,1.398717066941027e-07,5.92223931041398e-10,59.876068597433466
229,parietal,YUE206,73.0,2.8988754323112414e-08,1.1434579486577191e-07,3.4983538950920613e-10,82.8639845836682
229,parietal,YUE206,74.0,2.2476918235089214e-08,8.865993526583149e-08,3.1436740400443234e-10,71.49888299097417
229,parietal,YUE206,75.0,1.8854466526648162e-08,7.437121780844427e-08,3.3827485544262184e-10,55.73712093373803
229,parietal,YUE206,76.0,1.4797324486286066e-08,5.836786953353521e-08,2.7364463841035407e-10,54.07496588365888
229,parietal,YUE206,77.0,1.2477841993600043e-08,4.921869857064337e-08,2.2686200860532082e-10,55.00190212680409
229,parietal,YUE206,78.0,1.0338015859463923e-08,4.077817996625251e-08,7.332056229873252e-11,140.9974983190034
229,parietal,YUE206,79.0,9.651680062881314e-09,3.807093662180496e-08,1.0657231547753882e-10,90.56460882578367
229,parietal,YUE206,80.0,9.041044057932617e-09,3.566229020046327e-08,9.76093598110871e-11,92.62476544698818
229,parietal,YUE206,81.0,8.19869532283854e-09,3.23396556851983e-08,6.433943277066007e-11,127.4287784299101
229,parietal,YUE206,82.0,7.931811776740818e-09,3.128693672821956e-08,5.7730808250115505e-11,137.39304917361778
229,parietal,YUE206,83.0,7.600879104850037e-09,2.998157676026002e-08,4.583204142996488e-11,165.84203687424232
229,parietal,YUE206,84.0,7.514092056092935e-09,2.9639246283980356e-08,6.113511240539256e-11,122.90959745467218
229,parietal,YUE206,85.0,7.395794743401615e-09,2.9172623948318657e-08,2.0655565416231738e-11,358.0533669434092
229,parietal,YUE206,86.0,7.319700100848013e-09,2.8872469540480543e-08,1.084753116766951e-11,674.7802783608486
229,parietal,YUE206,87.0,7.165437452589862e-09,2.826398236864254e-08,2.3183839126238748e-11,309.0703577424432
229,parietal,YUE206,88.0,6.306425370998736e-09,2.487561948233096e-08,3.759824953261148e-12,1677.3188777123123
229,parietal,YUE206,89.0,6.527917635392959e-09,2.5749293071284882e-08,1.3518619207033045e-11,482.88346135208974
229,parietal,YUE206,90.0,6.1383762807456905e-09,2.4212751854861576e-08,2.5389993386357444e-11,241.7636029808485
229,parietal,YUE206,91.0,5.8206975995132224e-09,2.2959672094601748e-08,2.4978327873209654e-11,233.0299141343314
229,parietal,YUE206,92.0,5.8894836687502945e-09,2.3230997922367105e-08,1.551100278660655e-11,379.6971575452072
229,parietal,YUE206,93.0,6.411512744382217e-09,2.529013537031825e-08,2.7353344415226404e-11,234.39593517541533
229,parietal,YUE206,94.0,5.474209192099736e-09,2.159295271384235e-08,8.75658004238055e-12,625.1537889912928
229,parietal,YUE206,95.0,5.050687723436685e-09,1.9922377343917448e-08,2.914030417724668e-12,1733.2309548712128
229,parietal,YUE206,96.0,4.531064436490948e-09,1.787272950067766e-08,1.8658116876378632e-11,242.84682460250434
229,parietal,YUE206,97.0,4.095558149557112e-09,1.615488015836264e-08,8.496756024773437e-11,48.20143284820655
229,parietal,YUE206,98.0,3.935133022270927e-09,1.552208516167125e-08,1.6007854798941087e-10,24.58251322051743
229,parietal,YUE206,99.0,3.715805522967391e-09,1.4656950462737686e-08,1.248404640347605e-10,29.764432163058643
229,parietal,YUE206,100.0,3.635044836514891e-09,1.4338390900523115e-08,4.7773356028305997e-11,76.08937572568914
229,north_pole,YUE277,0.0,0.30925610749922233,1.0,0.3089063956993015,1.0011320963398287
229,north_pole,YUE277,1.0,0.5537019689498993,1.790431799156276,0.5530752875011323,1.0011330852470346
229,north_pole,YUE277,2.0,0.36757871574197315,1.1885899965383788,0.3666896141304986,1.0024246708311682
229,north_pole,YUE277,3.0,0.14588533420567676,0.47172984031057047,0.14477890023573667,1.0076422321770544
229,north_pole,YUE277,4.0,0.06721708284808423,0.2173508662177456,0.06595010942870747,1.0192110889633377
229,north_pole,YUE277,5.0,0.037389062382526116,0.12089999672074427,0.036029954934641346,1.037721597219597
229,north_pole,YUE277,6.0,0.022672302408445744,0.07331238368025685,0.02129374962948044,1.0647397852868874
229,north_pole,YUE277,7.0,0.014509724227206953,0.04691814931171065,0.013181467200580298,1.1007670091966835
229,north_pole,YUE277,8.0,0.009583287234674656,0.03098819070112869,0.008364284341467807,1.1457390547047008
229,north_pole,YUE277,9.0,0.006390941281893511,0.020665529724128672,0.005328692493871779,1.199345109375961
229,north_pole,YUE277,10.0,0.004231954139017132,0.013684302545351586,0.0033485924707848344,1.2638008882655276
229,north_pole,YUE277,11.0,0.0028083746515749756,0.009081064475281342,0.00209305425065013,1.3417591305637002
229,north_pole,YUE277,12.0,0.0018982999864726492,0.00613827808227659,0.0013228929029068344,1.434961199278834
229,north_pole,YUE277,13.0,0.0012956799442134597,0.004189666469939378,0.0008311180404432403,1.5589601971850662
229,north_pole,YUE277,14.0,0.0008959371136333885,0.0028970716888287854,0.00051322103047436,1.7457139525348202
229,north_pole,YUE277,15.0,0.0006285617615499285,0.0020324958709231284,0.0003029864025541166,2.0745543570644585
229,north_pole,YUE277,16.0,0.00046225533254363473,0.0014947330750607639,0.00016936115437951542,2.7294058914347215
229,north_pole,YUE277,17.0,0.00039565693710559466,0.0012793827753477419,0.00010557585959328587,3.7476080102951546
229,north_pole,YUE277,18.0,0.0003914598159782734,0.0012658111076408014,8.89405087830138e-05,4.401366951175299
229,north_pole,YUE277,19.0,0.0003953412837226165,0.001278362089335974,8.41060235088712e-05,4.7005109411802986
229,north_pole,YUE277,20.0,0.000394736516782342,0.0012764065355874486,8.231232414268561e-05,4.795594352287753
229,north_pole,YUE277,21.0,0.0003805467350138331,0.0012305229412964466,8.099720985723097e-05,4.698269677246914
229,north_pole,YUE277,22.0,0.00033319421594405147,0.0010774054509008826,7.313122015654427e-05,4.556114546302084
229,north_pole,YUE277,23.0,0.00027016644024241665,0.0008736009853680773,5.723755051785967e-05,4.720090880865305
229,north_pole,YUE277,24.0,0.00022234097097488845,0.000718954179346151,4.358997661888392e-05,5.100736183431825
229,north_pole,YUE277,25.0,0.00018753416411577343,0.0006064040760011345,3.3548474154284566e-05,5.589946155325307
229,north_pole,YUE277,26.0,0.0001572046287361137,0.0005083315249853522,2.5447033993966532e-05,6.177719131172095
229,north_pole,YUE277,27.0,0.0001323357685979964,0.00042791642715844883,1.938729706473955e-05,6.825900905943239
229,north_pole,YUE277,28.0,0.00011149844954842279,0.00036053758307328873,1.4810318126808966e-05,7.52843042220635
229,north_pole,YUE277,29.0,9.419988543083329e-05,0.00030460153622372736,1.1551959777829976e-05,8.154450607733041
229,north_pole,YUE277,30.0,7.971512904002495e-05,0.0002577641220561033,8.906071098976837e-06,8.950650421955752
229,north_pole,YUE277,31.0,6.721069083957122e-05,0.00021733019723705935,6.813065572650001e-06,9.864970492780541
229,north_pole,YUE277,32.0,5.681166817261923e-05,0.00018370427226813005,5.335486374759163e-06,10.647889279856635
229,north_pole,YUE277,33.0,4.848826821122176e-05,0.00015679001007714517,4.212924156563841e-06,11.509409239109095
229,north_pole,YUE277,34.0,4.194045276690911e-05,0.000135617217412641,3.3842479256229883e-06,12.392842867500175
229,north_pole,YUE277,35.0,3.6241179068736646e-05,0.0001171882403933697,2.7631423370010685e-06,13.115929130191107
229,north_pole,YUE277,36.0,3.11788486268933e-05,0.0001008188613606336,2.248623249866964e-06,13.865750355795681
229,north_pole,YUE277,37.0,2.697663383975938e-05,8.723072296907578e-05,1.8555594803164859e-06,14.538274911649946
229,north_pole,YUE277,38.0,2.3298154082766968e-05,7.533611630556255e-05,1.522783201420429e-06,15.299718345352643
229,north_pole,YUE277,39.0,2.0230830161480257e-05,6.541772230490591e-05,1.2745324185435606e-06,15.873138938747843
229,north_pole,YUE277,40.0,1.7505726909829014e-05,5.6605921387900267e-05,1.0650576815471984e-06,16.436412048968673
229,north_pole,YUE277,41.0,1.5048533400155863e-05,4.866042427373469e-05,8.934386099459526e-07,16.843388267120226
229,north_pole,YUE277,42.0,1.2902483914438734e-05,4.1721031861824034e-05,7.599484435308503e-07,16.9781042704576
229,north_pole,YUE277,43.0,1.1046382882991048e-05,3.571920688104382e-05,6.438803229348593e-07,17.155956611068234
229,north_pole,YUE277,44.0,9.422839972096314e-06,3.046937390596242e-05,5.459090926484673e-07,17.26082254168288
229,north_pole,YUE277,45.0,7.818064502188955e-06,2.528022668787104e-05,4.3583809774238446e-07,17.93800161731172
229,north_pole,YUE277,46.0,6.319459895157841e-06,2.0434389950322105e-05,3.604563608415948e-07,17.53183070595049
229,north_pole,YUE277,47.0,5.012903132585533e-06,1.620955257156284e-05,3.0387104924691283e-07,16.49681055503336
229,north_pole,YUE277,48.0,4.002609467989162e-06,1.2942701440420952e-05,2.423207680116154e-07,16.51781438641405
229,north_pole,YUE277,49.0,3.2080146024934423e-06,1.0373326588227555e-05,1.8701425277496063e-07,17.153850869076454
229,north_pole,YUE277,50.0,2.6117139264364e-06,8.445149062878145e-06,1.4658861570372545e-07,17.816621801757183
229,north_pole,YUE277,51.0,2.2579788553369004e-06,7.301323403427299e-06,1.3018484580064817e-07,17.34440626672124
229,north_pole,YUE277,52.0,2.017881412072414e-06,6.524952500986542e-06,1.1624545028452028e-07,17.35879905091755
229,north_pole,YUE277,53.0,1.8458087860474928e-06,5.968544327138743e-06,1.0191157519366516e-07,18.11186592435506
229,north_pole,YUE277,54.0,1.5231818053380812e-06,4.925308727627672e-06,8.643664301920861e-08,17.62194541728776
229,north_pole,YUE277,55.0,1.2062399765897676e-06,3.900456441568582e-06,7.194577007178902e-08,16.76596102017055
229,north_pole,YUE277,56.0,9.457078469680557e-07,3.058008634382213e-06,5.410127153133207e-08,17.480325696603284
229,north_pole,YUE277,57.0,7.379422209797405e-07,2.3861847933968323e-06,4.068259224750481e-08,18.139016719737192
229,north_pole,YUE277,58.0,5.910596749841459e-07,1.9112304030588373e-06,3.8442411827869174e-08,15.375197519622112
229,north_pole,YUE277,59.0,4.5848899188011786e-07,1.482554364366986e-06,2.983505254444778e-08,15.36746051300122
229,north_pole,YUE277,60.0,3.624483031034785e-07,1.1720004692369412e-06,2.3213402188988836e-08,15.613751924541424
229,north_pole,YUE277,61.0,2.928924501182721e-07,9.470870356829043e-07,1.3858444739008546e-08,21.134582966142133
229,north_pole,YUE277,62.0,2.3227285242329902e-07,7.510695724057224e-07,1.1745806336069086e-08,19.774960166849873
229,north_pole,YUE277,63.0,1.755738601206763e-07,5.677296449872629e-07,9.724464144984772e-09,18.054862201453595
229,north_pole,YUE277,64.0,1.337307028870334e-07,4.3242703909208865e-07,7.258430559578638e-09,18.42418988365946
229,north_pole,YUE277,65.0,1.0140590464897406e-07,3.2790267415892205e-07,7.140209931103177e-09,14.202090082427961
229,north_pole,YUE277,66.0,7.702303906680153e-08,2.490590717500873e-07,3.975875827616545e-09,19.37259673247271
229,north_pole,YUE277,67.0,5.784133938107602e-08,1.8703378196410064e-07,3.5495576208055445e-09,16.295365665299265
229,north_pole,YUE277,68.0,4.351169214011834e-08,1.4069792345241802e-07,2.3412534307845516e-09,18.584785212909487
229,north_pole,YUE277,69.0,3.648538333511387e-08,1.1797789097893763e-07,1.7587710394537403e-09,20.744816986778407
229,north_pole,YUE277,70.0,3.0749907675229864e-08,9.943185253118142e-08,1.341465659883543e-09,22.92262008249944
229,north_pole,YUE277,71.0,2.6808727351650196e-08,8.668778627667882e-08,1.4219218854485796e-09,18.853867871365335
229,north_pole,YUE277,72.0,2.367530500137293e-08,7.655565865075911e-08,1.7518972493160797e-09,13.514094511316515
229,north_pole,YUE277,73.0,2.2513176781686765e-08,7.2797840481593e-08,1.8032703469608746e-09,12.484637602802678
229,north_pole,YUE277,74.0,1.8731668958876017e-08,6.057008577889806e-08,8.05814861288731e-10,23.245623602571268
229,north_pole,YUE277,75.0,1.637194887387241e-08,5.293977540577296e-08,5.232972333951516e-10,31.286136881808513
229,north_pole,YUE277,76.0,1.5083177237714576e-08,4.8772447405109066e-08,3.8460333457358603e-10,39.21748950626614
229,north_pole,YUE277,77.0,1.3779956478708026e-08,4.455839721368373e-08,3.885288249653537e-10,35.46701195191072
229,north_pole,YUE277,78.0,1.3507409053621711e-08,4.367709715694355e-08,2.8321623708008887e-10,47.692918996738314
229,north_pole,YUE277,79.0,1.2863893853679238e-08,4.1596248357719454e-08,1.98286628663069e-10,64.87524620501628
229,north_pole,YUE277,80.0,1.1966418879841692e-08,3.869420389659332e-08,9.981598469117429e-11,119.88479517449233
229,north_pole,YUE277,81.0,1.037651382977349e-08,3.355314116084056e-08,1.135011374635327e-10,91.42211313175085
229,north_pole,YUE277,82.0,9.457897860155949e-09,3.058273589691267e-08,1.2184056608020097e-10,77.6251963071998
229,north_pole,YUE277,83.0,9.11229601333293e-09,2.9465209554045247e-08,1.217185755759866e-10,74.86364320492969
229,north_pole,YUE277,84.0,7.53424520639447e-09,2.4362478294510047e-08,1.1134038928160362e-10,67.66857251898729
229,north_pole,YUE277,85.0,7.305044965432118e-09,2.3621344213712862e-08,1.225056271693357e-10,59.63028094484658
229,north_pole,YUE277,86.0,6.847370776548398e-09,2.2141424568520824e-08,1.1642463987668708e-10,58.81375955983969
229,north_pole,YUE277,87.0,6.39293214566985e-09,2.0671967313324364e-08,1.6976582008021164e-10,37.657357309317575
229,north_pole,YUE277,88.0,6.638249065304519e-09,2.146521573651124e-08,1.0817224410851077e-10,61.36739715453712
229,north_pole,YUE277,89.0,6.8026526476708446e-09,2.1996825552387678e-08,1.5554371087925628e-10,43.734668597122074
229,north_pole,YUE277,90.0,6.462060935713481e-09,2.089549981071831e-08,1.1395330575168826e-10,56.70797256022336
229,north_pole,YUE277,91.0,5.5161847348973535e-09,1.7836946793075783e-08,5.986391792269112e-11,92.14540120847104
229,north_pole,YUE277,92.0,4.948992616526213e-09,1.6002893706921075e-08,2.7016056561357275e-11,183.18708377317589
229,north_pole,YUE277,93.0,4.217984950175049e-09,1.3639132252822705e-08,2.7384754171620766e-11,154.02675969778142
229,north_pole,YUE277,94.0,4.047703872499585e-09,1.3088517168605193e-08,3.3491863884967025e-11,120.85633353826017
229,north_pole,YUE277,95.0,4.269199131110182e-09,1.3804736681298742e-08,3.2307557406109176e-11,132.14242963174
229,north_pole,YUE277,96.0,4.03529432971536e-09,1.3048390094367036e-08,1.0054426047526846e-10,40.13450703839975
229,north_pole,YUE277,97.0,5.981163600247139e-09,1.9340486590914552e-08,1.0158346317115105e-09,5.887930390963227
229,north_pole,YUE277,98.0,4.2559721708825125e-09,1.3761966433898851e-08,2.8603266338712982e-11,148.79322244125257
229,north_pole,YUE277,99.0,3.2740279023092714e-09,1.0586784942695123e-08,2.1528797397104263e-11,152.07667395066133
229,north_pole,YUE277,100.0,3.030229226793559e-09,9.798445861901625e-09,1.551706500676072e-11,195.28365869919995
277,frontal,YUE011,0.0,0.2091751286885433,1.0,0.20908934727816664,1.0004102619836606
277,frontal,YUE011,1.0,0.3318017202799126,1.5862388724711023,0.3316470276273168,1.0004664376270835
277,frontal,YUE011,2.0,0.23873718671189278,1.1413268308172846,0.2385184190272342,1.000917194091554
277,frontal,YUE011,3.0,0.12121103285175916,0.5794715347456029,0.12094045891178289,1.002237249158891
277,frontal,YUE011,4.0,0.06234812809819998,0.29806664152235246,0.06204299467112448,1.0049180963732156
277,frontal,YUE011,5.0,0.033996417589175,0.16252609859652503,0.033678502625377325,1.0094397000761584
277,frontal,YUE011,6.0,0.0192050739151318,0.0918133720559469,0.0188954203724392,1.0163877562175996
277,frontal,YUE011,7.0,0.011137469619817748,0.05324471264650766,0.010849513233567913,1.0265409498150488
277,frontal,YUE011,8.0,0.006780871255813691,0.032417196529661255,0.006515931184776442,1.0406603543721034
277,frontal,YUE011,9.0,0.004231888091036355,0.020231315824060202,0.00399116160754641,1.0603148925452641
277,frontal,YUE011,10.0,0.0026776938380156006,0.012801205644303065,0.0024613793597637462,1.0878834371442105
277,frontal,YUE011,11.0,0.0016984556739507578,0.008119778314943538,0.0015024019515886776,1.130493522159478
277,frontal,YUE011,12.0,0.001055757693658766,0.005047242950335475,0.0008729938184547599,1.2093530003769175
277,frontal,YUE011,13.0,0.0006405226229210026,0.003062135670415794,0.000461716122465652,1.3872650136202518
277,frontal,YUE011,14.0,0.00042154515808798135,0.002015273807794099,0.00023057457753727968,1.8282377987652398
277,frontal,YUE011,15.0,0.0003645247342368931,0.0017426772318599197,0.00015222988755065746,2.3945674538818165
277,frontal,YUE011,16.0,0.0003584501937130278,0.0017136367787145069,0.00014198354699679387,2.5245896534837375
277,frontal,YUE011,17.0,0.0003436753030204068,0.0016430027086639495,0.000132093669576987,2.6017545285931023
277,frontal,YUE011,18.0,0.000321667820469042,0.0015377919090371285,0.00012147975565225238,2.64791296905344
277,frontal,YUE011,19.0,0.00029470982147499554,0.0014089142591795,0.00011069988405872644,2.662241464667222
277,frontal,YUE011,20.0,0.0002640864352167887,0.0012625135544197847,9.81026446671177e-05,2.6919400196894574
277,frontal,YUE011,21.0,0.00023315298787877976,0.0011146305458998374,8.532177487618412e-05,2.7326317135001346
277,frontal,YUE011,22.0,0.00020301455953085042,0.0009705482712198264,7.303009122765821e-05,2.7798754748640384
277,frontal,YUE011,23.0,0.00017664214814732147,0.0008444701301479171,6.243472379913634e-05,2.829229271768877
277,frontal,YUE011,24.0,0.00015447682230893518,0.0007385047317883926,5.3522502449965796e-05,2.8862032834384763
277,frontal,YUE011,25.0,0.00013523465259416816,0.0006465140164705206,4.589390384723354e-05,2.9466800872796104
277,frontal,YUE011,26.0,0.00011898706966673719,0.0005688394715602449,3.9642859278594375e-05,3.001475469530162
277,frontal,YUE011,27.0,0.00010551968093930238,0.0005044561540412323,3.462155939104802e-05,3.047802663868059
277,frontal,YUE011,28.0,9.289073886651489e-05,0.0004440811842636748,3.036577111973225e-05,3.0590607595719095
277,frontal,YUE011,29.0,7.991516898744583e-05,0.0003820490967950477,2.6514750063211476e-05,3.0139891493197988
277,frontal,YUE011,30.0,6.757227756741088e-05,0.0003230416445352084,2.2656886451458334e-05,2.982416746104208
277,frontal,YUE011,31.0,5.792044722116481e-05,0.0002768993024376572,1.885718172068622e-05,3.071532537527939
277,frontal,YUE011,32.0,5.009996106553439e-05,0.00023951203653916245,1.550124431445479e-05,3.231996093295334
277,frontal,YUE011,33.0,4.438965034926551e-05,0.00021221285067480762,1.2973387479465437e-05,3.4215928892532057
277,frontal,YUE011,34.0,4.0591523271927516e-05,0.00019405520879285467,1.1465799134476582e-05,3.5402262673408096
277,frontal,YUE011,35.0,3.6700142560084313e-05,0.0001754517508375957,1.0252823389473085e-05,3.5795157261526196
277,frontal,YUE011,36.0,2.923516759494974e-05,0.00013976407127484165,8.375135580053298e-06,3.4907097700696195
277,frontal,YUE011,37.0,2.034445999509833e-05,9.726041581832006e-05,5.710017420681367e-06,3.5629418434717595
277,frontal,YUE011,38.0,1.4299339445326092e-05,6.83606102454822e-05,3.834124638976594e-06,3.7294925939452184
277,frontal,YUE011,39.0,9.965861689013834e-06,4.764362642679551e-05,2.5953137774048126e-06,3.8399448173774235
277,frontal,YUE011,40.0,7.0436220608174035e-06,3.367332485931053e-05,1.7488696836722997e-06,4.027528252435089
277,frontal,YUE011,41.0,5.716651548846443e-06,2.7329499375417617e-05,1.348786384348285e-06,4.238366886842982
277,frontal,YUE011,42.0,5.199571297207541e-06,2.4857502561643345e-05,1.1938511294751853e-06,4.355292857572001
277,frontal,YUE011,43.0,4.778033246150254e-06,2.2842262730310685e-05,1.0775018834347138e-06,4.434361850876297
277,frontal,YUE011,44.0,4.2246707657463225e-06,2.019681207911078e-05,9.353960593171426e-07,4.516451318846067
277,frontal,YUE011,45.0,3.662253041761773e-06,1.7508071178073847e-05,7.854981655402014e-07,4.662331756361487
277,frontal,YUE011,46.0,3.1376939589575605e-06,1.5000320442634989e-05,6.652258004245681e-07,4.7167352152532045
277,frontal,YUE011,47.0,2.721803148071187e-06,1.30120782768772e-05,5.876491632285776e-07,4.631680462399448
277,frontal,YUE011,48.0,2.3982426195740625e-06,1.1465237930581066e-05,5.183042295128698e-07,4.6270944418648865
277,frontal,YUE011,49.0,2.0105972237700246e-06,9.612028143000477e-06,4.227595280053965e-07,4.755888609432735
277,frontal,YUE011,50.0,1.4899155449349814e-06,7.12281404713956e-06,3.0827456950136976e-07,4.833079638534249
277,frontal,YUE011,51.0,1.0196837206778785e-06,4.8747847178149124e-06,2.055721806676197e-07,4.960222328557961
277,frontal,YUE011,52.0,7.55632137618473e-07,3.6124377805144846e-06,1.4654955365104892e-07,5.156154480127034
277,frontal,YUE011,53.0,6.152811140894912e-07,2.9414640160476723e-06,1.1992077645856192e-07,5.130729905689852
277,frontal,YUE011,54.0,5.341050739914336e-07,2.5533870940588887e-06,1.0292771669582569e-07,5.189127779544872
277,frontal,YUE011,55.0,4.577908468050738e-07,2.1885529588305564e-06,8.625188315205268e-08,5.307604078603576
277,frontal,YUE011,56.0,3.6473574879341487e-07,1.7436860255814523e-06,6.087413119016102e-08,5.991637854412064
277,frontal,YUE011,57.0,2.9117374635361515e-07,1.392009404651381e-06,4.1488626427294004e-08,7.018158262334313
277,frontal,YUE011,58.0,2.4238882462666357e-07,1.1587841544372834e-06,3.0568490690327534e-08,7.929368416719381
277,frontal,YUE011,59.0,2.0227530309208862e-07,9.670141204658785e-07,2.616708226359476e-08,7.730143584770487
277,frontal,YUE011,60.0,1.6809666289853567e-07,8.036168733464844e-07,2.2395434799897287e-08,7.505845026027654
277,frontal,YUE011,61.0,1.396734682233854e-07,6.677345872766537e-07,1.6669162788482364e-08,8.379153170181613
277,frontal,YUE011,62.0,1.1443992315964065e-07,5.471010051584045e-07,1.0973049879893307e-08,10.429180985437512
277,frontal,YUE011,63.0,9.156067713513847e-08,4.377225806394512e-07,7.4196660592833974e-09,12.340269279448075
277,frontal,YUE011,64.0,7.512411996165147e-08,3.5914460974712474e-07,4.747049463109306e-09,15.825434418887507
277,frontal,YUE011,65.0,6.056002429106814e-08,2.895182838933043e-07,2.9929903385327986e-09,20.233952482705114
277,frontal,YUE011,66.0,5.0022654890228404e-08,2.3914246021433516e-07,2.464003331988386e-09,20.301374694108645
277,frontal,YUE011,67.0,4.415915813448971e-08,2.111109404418803e-07,1.946433244210736e-09,22.68721943885413
277,frontal,YUE011,68.0,4.086094677099899e-08,1.9534323715818027e-07,1.9708400452081793e-09,20.73275650672242
277,frontal,YUE011,69.0,4.0595989757099285e-08,1.9407656164297492e-07,1.924114606794199e-09,21.09853000115049
277,frontal,YUE011,70.0,3.922128294400423e-08,1.8750452403164897e-07,1.3600541229584479e-09,28.838030988567148
277,frontal,YUE011,71.0,3.827030002578608e-08,1.8295817607823553e-07,1.7024978281277738e-09,22.478912685528467
277,frontal,YUE011,72.0,3.884055925808623e-08,1.8568440474545558e-07,1.8739930151172036e-09,20.726096065868774
277,frontal,YUE011,73.0,3.8981382795722947e-08,1.8635763745012574e-07,1.4303932166352207e-09,27.252214525611798
277,frontal,YUE011,74.0,3.6228543328315347e-08,1.7319718436630566e-07,9.474528097614725e-10,38.2378340694732
277,frontal,YUE011,75.0,3.2958574693485356e-08,1.575645006178525e-07,9.250758142673576e-10,35.627971443170765
277,frontal,YUE011,76.0,3.143715523131544e-08,1.5029107632640496e-07,1.0143214202650477e-09,30.99328733795323
277,frontal,YUE011,77.0,3.073281479741813e-08,1.469238479263878e-07,1.179796307589821e-09,26.049254943170233
277,frontal,YUE011,78.0,3.095798238853199e-08,1.4800030282102839e-07,8.622397820283119e-10,35.90414526653733
277,frontal,YUE011,79.0,3.0777006238425925e-08,1.4713511320101607e-07,7.105799510150017e-10,43.312517042542005
277,frontal,YUE011,80.0,2.7978072326832954e-08,1.3375429718746164e-07,5.46274764243295e-10,51.216117159628354
277,frontal,YUE011,81.0,2.611841606807596e-08,1.24863869963076e-07,5.061130114694471e-10,51.60589725255991
277,frontal,YUE011,82.0,2.5299905094724384e-08,1.2095082839602472e-07,5.49556103286331e-10,46.03698320049877
277,frontal,YUE011,83.0,2.344289252716747e-08,1.1207303982144727e-07,6.491779486428552e-10,36.11165871572844
277,frontal,YUE011,84.0,2.233632041899615e-08,1.0678286925906181e-07,7.017624841756212e-10,31.82888929327023
277,frontal,YUE011,85.0,2.0472062722357453e-08,9.787044401841798e-08,4.837611081006184e-10,42.318537764923896
277,frontal,YUE011,86.0,1.8661012652084716e-08,8.921238757725595e-08,4.699497021244686e-10,39.70853171674583
277,frontal,YUE011,87.0,1.7891487860584962e-08,8.553353342129386e-08,4.952152473710738e-10,36.12870959762381
277,frontal,YUE011,88.0,1.5232164418846208e-08,7.282015081977806e-08,5.039766381806949e-10,30.223949415260186
277,frontal,YUE011,89.0,1.1742884235818635e-08,5.6139008062012506e-08,3.729931853320361e-10,31.482838554718356
277,frontal,YUE011,90.0,9.781457836335836e-09,4.6762050047069364e-08,1.6281143836592593e-10,60.07844371690628
277,frontal,YUE011,91.0,8.491783349851672e-09,4.0596525041443774e-08,1.1019388506257779e-10,77.06220127395717
277,frontal,YUE011,92.0,7.485962580148292e-09,3.578801469889238e-08,9.28316254304877e-11,80.64021873401084
277,frontal,YUE011,93.0,6.450758993580664e-09,3.083903442070156e-08,1.2804046103733175e-10,50.38062922703681
277,frontal,YUE011,94.0,5.775245607949719e-09,2.7609619002787468e-08,1.445140204141468e-10,39.96322011801401
277,frontal,YUE011,95.0,5.48068435125429e-09,2.6201414984737006e-08,3.9745938224355034e-11,137.8929419232052
277,frontal,YUE011,96.0,5.418661582269796e-09,2.5904903782026843e-08,3.587787682885891e-11,151.0307203549797
277,frontal,YUE011,97.0,4.624842378835975e-09,2.2109905741816242e-08,2.7737346808482407e-11,166.73701384523352
277,frontal,YUE011,98.0,4.126632183433493e-09,1.9728120686747362e-08,3.153099017784883e-11,130.87543905717675
277,frontal,YUE011,99.0,3.811283657605064e-09,1.8220539322722127e-08,3.0047641541192284e-11,126.84135799411008
277,frontal,YUE011,100.0,4.052562276880293e-09,1.9374015937212403e-08,3.357411282599016e-11,120.7049698642566
277,occipital,YUE031,0.0,0.27422590693332505,1.0,0.27405863851869233,1.00061033804859
277,occipital,YUE031,1.0,0.21186036424956442,0.7725760363738204,0.21157101381920895,1.0013676279426573
277,occipital,YUE031,2.0,0.106825173138693,0.3895517179004766,0.10642922455118872,1.0037202994682521
277,occipital,YUE031,3.0,0.05439477069845505,0.1983575195602527,0.053916922636664394,1.0088626731353119
277,occipital,YUE031,4.0,0.02988276093580305,0.10897132685231198,0.02935140529326431,1.018103243685599
277,occipital,YUE031,5.0,0.017539746666237498,0.06396093958585061,0.016988857410373735,1.0324265041819338
277,occipital,YUE031,6.0,0.0107108166643645,0.03905836900730431,0.010176079122627649,1.0525484850592213
277,occipital,YUE031,7.0,0.00661621525267339,0.024126878917687555,0.006129417873985068,1.0794198386692517
277,occipital,YUE031,8.0,0.0041303962211286915,0.015062020460863863,0.0037037218079525856,1.1152015284355201
277,occipital,YUE031,9.0,0.0026709911020774803,0.009740112201459148,0.0023023004219387662,1.1601401262083078
277,occipital,YUE031,10.0,0.001761970800879146,0.006425252889427218,0.0014490656005545013,1.21593584183139
277,occipital,YUE031,11.0,0.00117603982785625,0.00428858032053912,0.0009139547116805927,1.286759412502761
277,occipital,YUE031,12.0,0.0007815127691940722,0.002849886715422873,0.0005668837573015253,1.3786120331163163
277,occipital,YUE031,13.0,0.0005109492462871051,0.001863242069289014,0.0003392231465569312,1.5062334379984694
277,occipital,YUE031,14.0,0.00034042730120620936,0.001241411889245681,0.00019984684565695573,1.7034409529313514
277,occipital,YUE031,15.0,0.00026265660135990686,0.0009578110408939914,0.00013745923469442482,1.9107963313181453
277,occipital,YUE031,16.0,0.00022076937339993594,0.0008050638827994233,0.00010711269357404763,2.061094404719799
277,occipital,YUE031,17.0,0.00017712864859904728,0.0006459223731990943,7.877962484050606e-05,2.248406855930763
277,occipital,YUE031,18.0,0.00014158262867093843,0.0005162992448607806,5.735473768655677e-05,2.4685428681530457
277,occipital,YUE031,19.0,0.00011346637719243094,0.00041376972169160885,4.2159097088233985e-05,2.691385371820447
277,occipital,YUE031,20.0,9.083177271416068e-05,0.0003312297285472937,3.082954467401106e-05,2.9462573539313666
277,occipital,YUE031,21.0,7.418250418728655e-05,0.00027051603189819404,2.302944417883591e-05,3.2212025444999832
277,occipital,YUE031,22.0,6.109881635112608e-05,0.0002228046833152842,1.7469034341024926e-05,3.4975497304759062
277,occipital,YUE031,23.0,5.0858903593852926e-05,0.00018546352590318425,1.3500731046774775e-05,3.7671221963941535
277,occipital,YUE031,24.0,4.273418295945652e-05,0.0001558356883102473,1.0742531513250123e-05,3.9780365462970293
277,occipital,YUE031,25.0,3.564307225504422e-05,0.000129977042116996,8.531598158441207e-06,4.177772041429164
277,occipital,YUE031,26.0,2.949977773570294e-05,0.00010757472941050563,6.725562661618472e-06,4.386217067614678
277,occipital,YUE031,27.0,2.390787856953346e-05,8.718315069825401e-05,5.2400827814395975e-06,4.562500167786528
277,occipital,YUE031,28.0,1.912706596227619e-05,6.974930332503822e-05,4.020167299094663e-06,4.757778604533096
277,occipital,YUE031,29.0,1.5524864575363846e-05,5.661341318542359e-05,3.098755436282772e-06,5.010032219253572
277,occipital,YUE031,30.0,1.2797371450918568e-05,4.6667259100468964e-05,2.468283115145838e-06,5.184725922399886
277,occipital,YUE031,31.0,1.065713306599249e-05,3.886260486899821e-05,1.9545202599900617e-06,5.45255696968149
277,occipital,YUE031,32.0,8.918511515720284e-06,3.2522498021635566e-05,1.5508957306952224e-06,5.750555204457471
277,occipital,YUE031,33.0,7.459747906041717e-06,2.7202929108574234e-05,1.27520562120707e-06,5.849839258848743
277,occipital,YUE031,34.0,6.129549037232816e-06,2.2352188040071455e-05,1.0242641152775624e-06,5.984344219236644
277,occipital,YUE031,35.0,4.976902228349301e-06,1.8148913368565788e-05,8.054495119726443e-07,6.179036866209353
277,occipital,YUE031,36.0,4.0499474091722555e-06,1.4768653532639987e-05,6.391178168842165e-07,6.336777511408275
277,occipital,YUE031,37.0,3.2443222914425286e-06,1.1830838040518722e-05,5.109750355768465e-07,6.349277490200612
277,occipital,YUE031,38.0,2.5992254765664945e-06,9.478409628155472e-06,4.0299135673314194e-07,6.449829340354025
277,occipital,YUE031,39.0,2.11702281345627e-06,7.719995667553759e-06,3.293438646718698e-07,6.428001370438436
277,occipital,YUE031,40.0,1.7145830835096172e-06,6.2524474900414815e-06,2.562150036388793e-07,6.691969865770336
277,occipital,YUE031,41.0,1.414758396642153e-06,5.159098250283609e-06,2.114682314679084e-07,6.690169898436264
277,occipital,YUE031,42.0,1.1398559694704524e-06,4.156631232320422e-06,1.7279105256950637e-07,6.59673028504724
277,occipital,YUE031,43.0,9.153253920037251e-07,3.3378516356818038e-06,1.3518013108993774e-07,6.771153309466336
277,occipital,YUE031,44.0,7.594400889495698e-07,2.769395851188557e-06,1.0598745984913635e-07,7.165376828830173
277,occipital,YUE031,45.0,6.427718666347917e-07,2.3439501899106654e-06,8.601236032599143e-08,7.473017415155823
277,occipital,YUE031,46.0,5.324317043619584e-07,1.941580612554645e-06,6.650899500936174e-08,8.005408956893934
277,occipital,YUE031,47.0,4.0769842669877554e-07,1.4867246908145074e-06,4.593039133013033e-08,8.876441390807951
277,occipital,YUE031,48.0,3.070251371849147e-07,1.1196066068971537e-06,2.9751944008746766e-08,10.319498352600169
277,occipital,YUE031,49.0,2.4450895208971854e-07,8.916333063643332e-07,2.0885929163442624e-08,11.7068745266881
277,occipital,YUE031,50.0,1.9031104784342747e-07,6.939936856137355e-07,1.4380088172974878e-08,13.234344988307322
277,occipital,YUE031,51.0,1.5253016084454177e-07,5.562208273838539e-07,1.0141732879870068e-08,15.039851931743634
277,occipital,YUE031,52.0,1.4362533345418752e-07,5.237482302833933e-07,9.146722498846842e-09,15.702382298391019
277,occipital,YUE031,53.0,1.3864635770619769e-07,5.05591755559069e-07,9.508948472351319e-09,14.580619309204648
277,occipital,YUE031,54.0,1.3215937426381658e-07,4.819361370402893e-07,8.445710190460806e-09,15.648106705471246
277,occipital,YUE031,55.0,1.237677662169309e-07,4.5133506021013415e-07,6.1659938365583615e-09,20.072638652849136
277,occipital,YUE031,56.0,1.1931700140246743e-07,4.351047745152613e-07,5.069424829244702e-09,23.536595456381306
277,occipital,YUE031,57.0,1.1307187587420061e-07,4.123311219522843e-07,4.509421817748584e-09,25.074583936495415
277,occipital,YUE031,58.0,1.075468082050493e-07,3.921832528798896e-07,4.275091823914763e-09,25.15660777236058
277,occipital,YUE031,59.0,8.480890835791805e-08,3.0926657990245383e-07,3.454797542483932e-09,24.548155807978866
277,occipital,YUE031,60.0,5.635381030080377e-08,2.055014091520739e-07,2.4978361502063445e-09,22.561051611070813
277,occipital,YUE031,61.0,5.256310472295156e-08,1.91678114262675e-07,2.4049805101939334e-09,21.855937917232005
277,occipital,YUE031,62.0,5.9076042311264034e-08,2.1542837790897602e-07,2.083469933315104e-09,28.35464115254375
277,occipital,YUE031,63.0,5.723727266822951e-08,2.0872306817512363e-07,1.8660563891775826e-09,30.672852653426727
277,occipital,YUE031,64.0,4.815299854668538e-08,1.755960955154877e-07,1.9702577913835374e-09,24.439948293706173
277,occipital,YUE031,65.0,4.504761502855208e-08,1.642719155615917e-07,1.8220719710764736e-09,24.72329070620526
277,occipital,YUE031,66.0,4.960038365971647e-08,1.8087417127870507e-07,1.6789673405027912e-09,29.54219683919695
277,occipital,YUE031,67.0,5.222427535020623e-08,1.904425294248511e-07,1.8261298492148362e-09,28.59833618768162
277,occipital,YUE031,68.0,5.1111566478469703e-08,1.8638489357206103e-07,1.6188510590046356e-09,31.57274178755894
277,occipital,YUE031,69.0,6.205230975335073e-08,2.2628171950375956e-07,1.4544656644063299e-09,42.66330328167538
277,occipital,YUE031,70.0,6.806090914469111e-08,2.481928491214339e-07,1.375677926063589e-09,49.47445027299587
277,occipital,YUE031,71.0,6.635961863063906e-08,2.4198887469364317e-07,1.4902543678604303e-09,44.52905494644654
277,occipital,YUE031,72.0,4.7055757466444335e-08,1.7159486495156497e-07,1.5058427885894478e-09,31.248784948209885
277,occipital,YUE031,73.0,2.8519670865616116e-08,1.0400064379238375e-07,9.686590890193994e-10,29.442423231156972
277,occipital,YUE031,74.0,2.5766486244042755e-08,9.396080236251197e-08,7.635262609860331e-10,33.74669289143689
277,occipital,YUE031,75.0,2.0638695104151508e-08,7.526165319299892e-08,6.007583642754828e-10,34.354403253364374
277,occipital,YUE031,76.0,2.1103889619865844e-08,7.695804475904976e-08,5.584726569642189e-10,37.7885816909707
277,occipital,YUE031,77.0,2.2764040453429115e-08,8.301199805663852e-08,4.820331521213827e-10,47.2250515410542
277,occipital,YUE031,78.0,1.933120731015476e-08,7.049373097653727e-08,3.9687987398116964e-10,48.707955674950526
277,occipital,YUE031,79.0,1.625949227958994e-08,5.9292327488019774e-08,4.352215324268585e-10,37.35911729579336
277,occipital,YUE031,80.0,1.483706312788217e-08,5.410525684391167e-08,3.2510206539125373e-10,45.638169385439205
277,occipital,YUE031,81.0,1.3094718164139535e-08,4.77515720909745e-08,2.908838973688107e-10,45.01699228657126
277,occipital,YUE031,82.0,1.023697213214963e-08,3.733043404479882e-08,3.4154760844988253e-10,29.97231389969392
277,occipital,YUE031,83.0,9.198273234061688e-09,3.3542685069132235e-08,2.808237313767152e-10,32.75461510666464
277,occipital,YUE031,84.0,8.830332356515708e-09,3.22009413890377e-08,1.9891232695740852e-10,44.393087605910296
277,occipital,YUE031,85.0,8.051157014201438e-09,2.935957840102608e-08,2.3445074537607985e-10,34.34050508684315
277,occipital,YUE031,86.0,6.72609879138302e-09,2.4527583358556983e-08,2.2674695689086764e-10,29.663457819282943
277,occipital,YUE031,87.0,6.570711702587817e-09,2.396094437636562e-08,1.6043992805872525e-10,40.95434211478057
277,occipital,YUE031,88.0,6.57203825890012e-09,2.3965781834383858e-08,1.9001444919562824e-10,34.587044757495875
277,occipital,YUE031,89.0,6.4275725910410475e-09,2.343896921673356e-08,2.507647574217019e-10,25.631881677184943
277,occipital,YUE031,90.0,6.666302232158591e-09,2.430952752315786e-08,1.7131493001587625e-10,38.91255847660683
277,occipital,YUE031,91.0,7.885027106126306e-09,2.8753764348178314e-08,8.974850020418969e-11,87.85692338241672
277,occipital,YUE031,92.0,8.491884734096437e-09,3.0966748652822005e-08,8.20414358367452e-11,103.50726614529876
277,occipital,YUE031,93.0,7.493745240958697e-09,2.7326904758056712e-08,1.4516736354381874e-10,51.62141860278886
277,occipital,YUE031,94.0,7.005191080214278e-09,2.5545329245341916e-08,2.2099166575412152e-10,31.698892608956367
277,occipital,YUE031,95.0,6.390084092489035e-09,2.3302262590538947e-08,1.4389733657395178e-10,44.40724369630733
277,occipital,YUE031,96.0,6.1249633992633636e-09,2.2335465922089483e-08,6.447020443805787e-11,95.00455989942064
277,occipital,YUE031,97.0,6.19737646789295e-09,2.259952947990349e-08,3.975092743476034e-11,155.9052044273471
277,occipital,YUE031,98.0,6.076131735510873e-09,2.2157394986711507e-08,5.86001167553662e-11,103.68804828284684
277,occipital,YUE031,99.0,5.025065203241516e-09,1.8324545844106932e-08,7.476703345690564e-11,67.20963733485391
277,occipital,YUE031,100.0,4.591160143062388e-09,1.6742255297486088e-08,4.395467317060495e-11,104.45215063350226
277,temporal,YUE041,0.0,0.30849194636550153,1.0,0.3078238135908301,1.0021705038569872
277,temporal,YUE041,1.0,0.5117225309029766,1.658787326320303,0.5106142076639484,1.0021705687432765
277,temporal,YUE041,2.0,0.3475740069538289,1.1266874582911248,0.3460961553212279,1.0042700608194544
277,temporal,YUE041,3.0,0.1477011107605003,0.47878433294820566,0.14594780202703395,1.0120132589125364
277,temporal,YUE041,4.0,0.07165217581264477,0.23226595266688488,0.06973346604085749,1.0275149061235975
277,temporal,YUE041,5.0,0.03974760546224341,0.12884487238817707,0.037774257728318904,1.0522405429675752
277,temporal,YUE041,6.0,0.024173693501214302,0.07836085766911169,0.022239170978663594,1.0869871689195025
277,temporal,YUE041,7.0,0.0156258782180078,0.050652467275415496,0.013805208223313005,1.131882834742051
277,temporal,YUE041,8.0,0.010513297600957622,0.03407965013291289,0.008870985904620609,1.1851329394494456
277,temporal,YUE041,9.0,0.007204972914790198,0.023355465190179517,0.00578304452603673,1.2458788588522165
277,temporal,YUE041,10.0,0.004924152142915359,0.015962011977716975,0.0037483150311930892,1.3136975152667465
277,temporal,YUE041,11.0,0.0032902226442893152,0.010665505803483947,0.00236770798925978,1.389623492092005
277,temporal,YUE041,12.0,0.002157306526720428,0.0069930724355586555,0.0014580671374518814,1.479565975604208
277,temporal,YUE041,13.0,0.0013944595421054244,0.004520246179954622,0.0008696116256340608,1.6035428931722029
277,temporal,YUE041,14.0,0.0008825433683649201,0.002860831145715817,0.00047774571339890165,1.8473077698303197
277,temporal,YUE041,15.0,0.0006355347065824185,0.0020601338675773286,0.0002786842483459555,2.2804830569163452
277,temporal,YUE041,16.0,0.0005678611083450853,0.0018407647753380342,0.00022202425584860166,2.557653469773635
277,temporal,YUE041,17.0,0.0005278996060349291,0.0017112265401232653,0.00020334829831491368,2.596036506867649
277,temporal,YUE041,18.0,0.00047119935771862273,0.0015274283924428462,0.0001806481135981855,2.6083823868026026
277,temporal,YUE041,19.0,0.00040783092050363477,0.0013220148056002615,0.00015511529239689806,2.629211563874088
277,temporal,YUE041,20.0,0.00034084067777315766,0.0011048608619731333,0.00012758494437801687,2.6714803963333873
277,temporal,YUE041,21.0,0.00026132948219273266,0.0008471193017243609,9.472086122110532e-05,2.7589432657576416
277,temporal,YUE041,22.0,0.0001900706489571873,0.0006161283988010222,6.602725074484715e-05,2.878669743371386
277,temporal,YUE041,23.0,0.00013946596203748702,0.00045208947488129117,4.692752696345256e-05,2.9719435704784516
277,temporal,YUE041,24.0,0.00010213961013150324,0.0003310932792082946,3.317031397717272e-05,3.0792476128442465
277,temporal,YUE041,25.0,7.511977033734204e-05,0.00024350642284949657,2.3597444648513763e-05,3.183385805380978
277,temporal,YUE041,26.0,5.527209634238103e-05,0.00017916868493187373,1.66923294678258e-05,3.3112272585391462
277,temporal,YUE041,27.0,4.081398643330663e-05,0.0001323016270413432,1.1833018217934356e-05,3.4491611253879544
277,temporal,YUE041,28.0,3.0243887162647854e-05,9.80378499956523e-05,8.431300778359487e-06,3.5870962212941633
277,temporal,YUE041,29.0,2.269000771280469e-05,7.35513778564629e-05,6.073915063810113e-06,3.735647844007132
277,temporal,YUE041,30.0,1.7394641861889515e-05,5.6386048539757756e-05,4.466762694210955e-06,3.8942390838074834
277,temporal,YUE041,31.0,1.3482849989493314e-05,4.370567902449817e-05,3.316836971104381e-06,4.064972172872288
277,temporal,YUE041,32.0,1.0642513231246628e-05,3.449851238138116e-05,2.480981568737292e-06,4.289638167954302
277,temporal,YUE041,33.0,8.491553421532587e-06,2.7526013309507234e-05,1.8947265153845068e-06,4.481677620798668
277,temporal,YUE041,34.0,6.842847134992876e-06,2.2181607058504746e-05,1.489325504451292e-06,4.5945947440911965
277,temporal,YUE041,35.0,5.496022277820282e-06,1.781577231617123e-05,1.154724451439572e-06,4.759596344364667
277,temporal,YUE041,36.0,4.312738508725657e-06,1.3980068392501633e-05,8.783350643631366e-07,4.910129042670906
277,temporal,YUE041,37.0,3.285141923582122e-06,1.0649036262651352e-05,6.484412888033468e-07,5.066213364735954
277,temporal,YUE041,38.0,2.474717287164817e-06,8.021983446636787e-06,4.788597849203753e-07,5.167937181394993
277,temporal,YUE041,39.0,1.8542843028845336e-06,6.010802955249846e-06,3.5753939109773725e-07,5.186237793803382
277,temporal,YUE041,40.0,1.3860678798613728e-06,4.493043971459658e-06,2.5333527171513516e-07,5.471278714872154
277,temporal,YUE041,41.0,1.058125435672456e-06,3.4299937101722196e-06,1.8900000780272803e-07,5.598547047558286
277,temporal,YUE041,42.0,8.092316600612518e-07,2.623185692836446e-06,1.4289928343810596e-07,5.662951140071704
277,temporal,YUE041,43.0,6.260962042714045e-07,2.0295382477492787e-06,1.0485013690902234e-07,5.971343698050326
277,temporal,YUE041,44.0,4.885135394991677e-07,1.5835536235373109e-06,7.830628420879688e-08,6.238497260278485
277,temporal,YUE041,45.0,3.7792054069014316e-07,1.2250580449266659e-06,5.7993908419158847e-08,6.516555807183595
277,temporal,YUE041,46.0,2.911440252036542e-07,9.437654001466427e-07,4.336930342593817e-08,6.7131358404416455
277,temporal,YUE041,47.0,2.1811525705140997e-07,7.070371191894482e-07,2.995003459542592e-08,7.282637900015025
277,temporal,YUE041,48.0,1.6808092189722265e-07,5.448470336988319e-07,2.1950454476693143e-08,7.657286644141694
277,temporal,YUE041,49.0,1.3005268384775303e-07,4.215756209520831e-07,1.6871495930496813e-08,7.70842635315287
277,temporal,YUE041,50.0,1.0236474914630302e-07,3.318230843699925e-07,1.301314953188173e-08,7.8662547368347076
277,temporal,YUE041,51.0,8.310774609842178e-08,2.6940005104689396e-07,1.0422860983415744e-08,7.973602087820037
277,temporal,YUE041,52.0,6.856111257777984e-08,2.222460371673644e-07,8.898663366297149e-09,7.70465290747469
277,temporal,YUE041,53.0,5.637858486649691e-08,1.827554512547939e-07,6.417078391563251e-09,8.785709231886543
277,temporal,YUE041,54.0,4.8598688845484224e-08,1.5753632928849446e-07,5.180004490034701e-09,9.381978131288967
277,temporal,YUE041,55.0,4.2344459170489874e-08,1.3726277029067112e-07,4.340252584262229e-09,9.756220023698857
277,temporal,YUE041,56.0,3.5830295060955524e-08,1.161466141437085e-07,3.4950187304117036e-09,10.251817751126849
277,temporal,YUE041,57.0,2.954856702195107e-08,9.578391711705141e-08,2.810130992810817e-09,10.515014103451202
277,temporal,YUE041,58.0,2.4580476751993328e-08,7.967947637398078e-08,2.2895504244997157e-09,10.735940335257892
277,temporal,YUE041,59.0,2.0899845267265304e-08,6.774843075644883e-08,1.8225208353641389e-09,11.467548058560068
277,temporal,YUE041,60.0,1.823414435366202e-08,5.910735942538412e-08,1.578765604034823e-09,11.54962098684019
277,temporal,YUE041,61.0,1.5309670962316305e-08,4.962745751611095e-08,1.2502899652306258e-09,12.244896294510623
277,temporal,YUE041,62.0,1.360708032666891e-08,4.410838106790389e-08,9.951835481685177e-10,13.672935361231252
277,temporal,YUE041,63.0,1.1078763065949463e-08,3.5912649248947764e-08,6.721257844072164e-10,16.483169256362356
277,temporal,YUE041,64.0,9.42487123927659e-09,3.055143367700755e-08,5.318702803541203e-10,17.720244178714953
277,temporal,YUE041,65.0,8.208110537852275e-09,2.6607211742660207e-08,4.709981629343012e-10,17.42705425158359
277,temporal,YUE041,66.0,7.196475352660083e-09,2.332791969918622e-08,4.373676869778435e-10,16.454062718686046
277,temporal,YUE041,67.0,6.327563738129591e-09,2.0511276915581738e-08,2.859211726656646e-10,22.130448329996824
277,temporal,YUE041,68.0,5.656754625324529e-09,1.833679838961631e-08,2.1204829100552193e-10,26.676728204224112
277,temporal,YUE041,69.0,5.4095849685275456e-09,1.753557923394948e-08,1.6078098653203867e-10,33.645675929781554
277,temporal,YUE041,70.0,4.96805918125069e-09,1.6104339966673e-08,1.3247424164414022e-10,37.502076778036376
277,temporal,YUE041,71.0,4.3639848579623615e-09,1.4146187313402043e-08,1.0478407941682428e-10,41.647403711041946
277,temporal,YUE041,72.0,3.741274273902651e-09,1.2127623809893519e-08,6.441605661977715e-11,58.07984018621216
277,temporal,YUE041,73.0,3.382557982685052e-09,1.0964817793581536e-08,5.4804022635866464e-11,61.72097995725114
277,temporal,YUE041,74.0,3.243927936504487e-09,1.051543800323746e-08,5.281300185782984e-11,61.42290387577269
277,temporal,YUE041,75.0,2.941680530134499e-09,9.535680152405643e-09,3.719429810073783e-11,79.08955620474914
277,temporal,YUE041,76.0,2.700210825509889e-09,8.752937823247667e-09,2.0358814710100782e-11,132.63104281656493
277,temporal,YUE041,77.0,2.5003513720854332e-09,8.105078273657799e-09,1.8677315701426484e-11,133.8710236554211
277,temporal,YUE041,78.0,2.580465880350388e-09,8.364775517650142e-09,1.0382121737187652e-11,248.54899082019378
277,temporal,YUE041,79.0,2.9101446500649422e-09,9.433454209585751e-09,6.250002280583859e-12,465.6229741076325
277,temporal,YUE041,80.0,3.3146331550797186e-09,1.0744634322325349e-08,5.732651123302954e-12,578.2024902240942
277,temporal,YUE041,81.0,3.5012903330941407e-09,1.1349697696632277e-08,7.694929981144945e-12,455.0126306117702
277,temporal,YUE041,82.0,3.949908242670822e-09,1.2803926615286633e-08,9.289858702047902e-12,425.18496452481935
277,temporal,YUE041,83.0,4.757141073136715e-09,1.5420632950658784e-08,1.1617318131347719e-11,409.4870278451126
277,temporal,YUE041,84.0,5.759778225479922e-09,1.8670757189413727e-08,8.510536059606429e-12,676.7820716743763
277,temporal,YUE041,85.0,6.248863703269985e-09,2.0256164794222298e-08,5.357835751239919e-12,1166.3037079522014
277,temporal,YUE041,86.0,6.718101029220643e-09,2.17772331121443e-08,9.680738517530438e-12,693.9657565437926
277,temporal,YUE041,87.0,6.7219615054367685e-09,2.178974713807466e-08,1.4029682797403207e-11,479.1242683463203
277,temporal,YUE041,88.0,5.587275090512222e-09,1.811157521724218e-08,1.983570087757006e-11,281.67772467421287
277,temporal,YUE041,89.0,4.759499198582935e-09,1.5428276992825852e-08,1.143241835613777e-11,416.31604532978645
277,temporal,YUE041,90.0,4.023656549452992e-09,1.3042987335188841e-08,2.1319823141612962e-12,1887.2842062181292
277,temporal,YUE041,91.0,3.2357850736712362e-09,1.0489042296869155e-08,4.665861828932856e-12,693.502120788541
277,temporal,YUE041,92.0,2.7706337135595118e-09,8.981218946561614e-09,4.985753053762413e-12,555.7101773158822
277,temporal,YUE041,93.0,2.37092057596284e-09,7.685518548849802e-09,6.559828472189161e-13,3614.3027001613214
277,temporal,YUE041,94.0,2.208512474107627e-09,7.159060390805079e-09,2.5078385374136974e-13,8806.438058748545
277,temporal,YUE041,95.0,1.9386984325223133e-09,6.2844377474455744e-09,3.34813527655428e-13,5790.382623122436
277,temporal,YUE041,96.0,1.8912053632930074e-09,6.130485367849135e-09,6.948146426820101e-13,2721.8847259650215
277,temporal,YUE041,97.0,2.0324731263011004e-09,6.588415516990594e-09,3.9522761592155557e-13,5142.538234738394
277,temporal,YUE041,98.0,2.1332627640546917e-09,6.915132758529781e-09,6.266793332651177e-13,3404.073903219354
277,temporal,YUE041,99.0,2.447270844786568e-09,7.933013725703683e-09,5.980129155197513e-13,4092.3377761157044
277,temporal,YUE041,100.0,2.796693635036485e-09,9.065694155020046e-09,4.0919357234751434e-13,6834.6470326795525
277,parietal,YUE206,0.0,0.2535998125399296,1.0,0.25334899663278304,1.0009900015807447
277,parietal,YUE206,1.0,0.3339963571370116,1.317021309250469,0.3335895939035509,1.0012193522846466
277,parietal,YUE206,2.0,0.1533594754017464,0.6047302396077275,0.1528147630420954,1.0035645270706008
277,parietal,YUE206,3.0,0.07955089855457292,0.31368674037189026,0.0788958346987117,1.0083028953095279
277,parietal,YUE206,4.0,0.044969867110773984,0.17732610549029262,0.04424090593793944,1.0164770851179477
277,parietal,YUE206,5.0,0.026246226446711738,0.1034946602832336,0.025480109494921514,1.030067255085498
277,parietal,YUE206,6.0,0.016128219489881315,0.06359712701815151,0.015364174518364932,1.0497289958925624
277,parietal,YUE206,7.0,0.010425483676540141,0.04110998179424378,0.009702458698415385,1.074519768710053
277,parietal,YUE206,8.0,0.0068502544688809515,0.02701206440285665,0.006195763787000294,1.1056351895231842
277,parietal,YUE206,9.0,0.004430578075449386,0.017470746650302772,0.003870530284869666,1.1446953645522446
277,parietal,YUE206,10.0,0.002884929463909145,0.011375913235168143,0.0024223631100932313,1.1909566538098868
277,parietal,YUE206,11.0,0.0019490570989814568,0.007685562065131951,0.0015678427293147812,1.2431457967938428
277,parietal,YUE206,12.0,0.0013223856673387254,0.005214458378712383,0.0010127078067712087,1.3057919159869569
277,parietal,YUE206,13.0,0.0008922557103476987,0.003518361080046982,0.0006450601196134863,1.383213259071619
277,parietal,YUE206,14.0,0.0006069153709849327,0.0023932011814455628,0.00040955518076099366,1.4818891311720792
277,parietal,YUE206,15.0,0.0004037178660765783,0.0015919485981994268,0.00024689451527274054,1.6351836152803858
277,parietal,YUE206,16.0,0.0002602497460593053,0.001026222154712077,0.00013211201777760394,1.9699172750310054
277,parietal,YUE206,17.0,0.00019466499066563348,0.0007676069974814482,7.43682267235558e-05,2.617582793647199
277,parietal,YUE206,18.0,0.0001804260580153875,0.0007114597452116775,6.106720228117178e-05,2.9545492715492614
277,parietal,YUE206,19.0,0.00017064927765928056,0.0006729077437011577,5.394210191941741e-05,3.163563739399861
277,parietal,YUE206,20.0,0.00015446846147130594,0.0006091032163006221,4.6169101478051044e-05,3.345710800647502
277,parietal,YUE206,21.0,0.00013250611747379708,0.0005225008494552173,3.6337602031031684e-05,3.6465289415806565
277,parietal,YUE206,22.0,0.00011228551099291636,0.00044276653783108325,2.7787260904110962e-05,4.040898862985966
277,parietal,YUE206,23.0,9.45236740176677e-05,0.0003727276967240851,2.071482379142545e-05,4.563093317588064
277,parietal,YUE206,24.0,8.048807138201691e-05,0.00031738221955248476,1.5559159270537783e-05,5.17303473680779
277,parietal,YUE206,25.0,6.912796472774688e-05,0.0002725868131975161,1.1949096393315796e-05,5.7852043746518245
277,parietal,YUE206,26.0,5.960908450178938e-05,0.00023505176878789634,9.262387248114525e-06,6.435607031429566
277,parietal,YUE206,27.0,5.1995692723960306e-05,0.0002050304856427034,7.371162607969469e-06,7.053933753644805
277,parietal,YUE206,28.0,4.546796508000194e-05,0.00017929021565362142,5.954956460174169e-06,7.63531444504837
277,parietal,YUE206,29.0,3.909608412659053e-05,0.0001541644835420957,4.83270243013306e-06,8.089900980208725
277,parietal,YUE206,30.0,3.3213858868011286e-05,0.0001309695718437557,3.9834220368179015e-06,8.338021570655288
277,parietal,YUE206,31.0,2.8531861400344217e-05,0.00011250742307174159,3.291453481320271e-06,8.668468675698703
277,parietal,YUE206,32.0,2.403586201861866e-05,9.477870578013217e-05,2.6780745788017948e-06,8.975053274794393
277,parietal,YUE206,33.0,2.0070175281199436e-05,7.91411282216124e-05,2.191019627863199e-06,9.160198761328742
277,parietal,YUE206,34.0,1.618895162687596e-05,6.383660723064214e-05,1.702248083122257e-06,9.510336235586912
277,parietal,YUE206,35.0,1.2899451955600863e-05,5.086538442756076e-05,1.3438162620592754e-06,9.599118807978728
277,parietal,YUE206,36.0,1.021688349563021e-05,4.028742526779885e-05,1.0439215807768715e-06,9.787022017522572
277,parietal,YUE206,37.0,8.09856191147571e-06,3.193441600119709e-05,8.019257946996626e-07,10.098891898730834
277,parietal,YUE206,38.0,6.582897850931343e-06,2.595781828464427e-05,6.414217649689094e-07,10.262978605427312
277,parietal,YUE206,39.0,5.3956039956397e-06,2.1276056719443183e-05,5.137155079577468e-07,10.503097360423642
277,parietal,YUE206,40.0,4.441018238143457e-06,1.7511914514701043e-05,4.0042362328212745e-07,11.090799792834494
277,parietal,YUE206,41.0,3.7189130967835213e-06,1.4664494660058056e-05,3.231636677617449e-07,11.507831689561467
277,parietal,YUE206,42.0,3.0945460181113353e-06,1.2202477545696512e-05,2.5032867885720657e-07,12.36193165017476
277,parietal,YUE206,43.0,2.559264466245137e-06,1.0091744314054562e-05,1.9730723878399921e-07,12.970960832546417
277,parietal,YUE206,44.0,2.1438632812514257e-06,8.453725812253398e-06,1.604698580341751e-07,13.359912618573198
277,parietal,YUE206,45.0,1.855249730025008e-06,7.315658917267129e-06,1.241858469551033e-07,14.939300858460411
277,parietal,YUE206,46.0,1.5939865701760114e-06,6.285440648443052e-06,1.0305727683307091e-07,15.466996792064505
277,parietal,YUE206,47.0,1.371271625303993e-06,5.407226494254938e-06,8.921294398401953e-08,15.370769801629066
277,parietal,YUE206,48.0,1.1361768690785645e-06,4.4801960131562485e-06,6.563950510755499e-08,17.309345450073977
277,parietal,YUE206,49.0,9.734220917288886e-07,3.838418025548115e-06,5.207436395001299e-08,18.69292330988991
277,parietal,YUE206,50.0,8.425003218041299e-07,3.3221646079548155e-06,4.062650663501511e-08,20.737700373135134
277,parietal,YUE206,51.0,6.987525176175294e-07,2.7553353080949535e-06,2.964243826684002e-08,23.572707188504122
277,parietal,YUE206,52.0,6.086176253014305e-07,2.3999135456994984e-06,2.279908985901118e-08,26.694821111943583
277,parietal,YUE206,53.0,5.205390756894641e-07,2.05260039617539e-06,1.7096462088251252e-08,30.44718100168691
277,parietal,YUE206,54.0,4.5558632520093006e-07,1.796477373693632e-06,1.2631122058174076e-08,36.0685553589519
277,parietal,YUE206,55.0,4.192476106084828e-07,1.6531858064464135e-06,1.118803771660904e-08,37.472845661406275
277,parietal,YUE206,56.0,3.8426767337180857e-07,1.5152521980326984e-06,9.695389612124033e-09,39.63406203823763
277,parietal,YUE206,57.0,3.587242107893341e-07,1.414528690682106e-06,7.238587721724587e-09,49.55720985638182
277,parietal,YUE206,58.0,3.0763505439059323e-07,1.2130728777339128e-06,7.449723983198611e-09,41.29482583306491
277,parietal,YUE206,59.0,2.7208814883748313e-07,1.0729035881863776e-06,5.977730895330915e-09,45.51696180401927
277,parietal,YUE206,60.0,2.3599920779374238e-07,9.305969331368651e-07,4.6283598935780906e-09,50.989813502012744
277,parietal,YUE206,61.0,1.9865901196273674e-07,7.833563044588515e-07,3.781395178013547e-09,52.53590344585377
277,parietal,YUE206,62.0,1.6326004491835267e-07,6.437703690835623e-07,2.8479093627272194e-09,57.32627837636354
277,parietal,YUE206,63.0,1.4572047915790507e-07,5.746079924052042e-07,2.471952547075707e-09,58.94954550413632
277,parietal,YUE206,64.0,1.2607407807004858e-07,4.971378993042357e-07,1.8028468425789252e-09,69.93055377333269
277,parietal,YUE206,65.0,1.013173649848027e-07,3.9951671876275605e-07,1.25738175072998e-09,80.57804634589482
277,parietal,YUE206,66.0,9.111250876707343e-08,3.592767197047027e-07,1.2253332187359438e-09,74.35733184567157
277,parietal,YUE206,67.0,7.782179925037488e-08,3.068685204099737e-07,9.52867001666761e-10,81.67120816887194
277,parietal,YUE206,68.0,6.97541619848621e-08,2.7505604710918004e-07,6.266095829951105e-10,111.31997319837733
277,parietal,YUE206,69.0,6.32275150696492e-08,2.4932003867192905e-07,6.444785028353805e-10,98.10647646349726
277,parietal,YUE206,70.0,6.016343155409511e-08,2.372376814932476e-07,7.082248761020454e-10,84.94961640605574
277,parietal,YUE206,71.0,5.4929430918197055e-08,2.1659886246780388e-07,8.264806451119007e-10,66.46184788847648
277,parietal,YUE206,72.0,4.608436582146741e-08,1.8172081974315883e-07,5.92223931041398e-10,77.81577779275183
277,parietal,YUE206,73.0,3.848751411676619e-08,1.5176475775472542e-07,3.4983538950920613e-10,110.01606833076951
277,parietal,YUE206,74.0,3.033368360084035e-08,1.196124054550091e-07,3.1436740400443234e-10,96.49118583685181
277,parietal,YUE206,75.0,2.575901664844147e-08,1.0157348457970837e-07,3.3827485544262184e-10,76.14818610959605
277,parietal,YUE206,76.0,2.0540076299903832e-08,8.099405158933141e-08,2.7364463841035407e-10,75.06113190897675
277,parietal,YUE206,77.0,1.7566156050741836e-08,6.926722805828583e-08,2.2686200860532082e-10,77.43101702542997
277,parietal,YUE206,78.0,1.533269431714761e-08,6.046019578477984e-08,7.332056229873252e-11,209.1186133390123
277,parietal,YUE206,79.0,1.240505144222935e-08,4.8915854148260305e-08,1.0657231547753882e-10,116.40031828757476
277,parietal,YUE206,80.0,1.1345258308305791e-08,4.47368560515772e-08,9.76093598110871e-11,116.23125415701296
277,parietal,YUE206,81.0,1.0600045600177957e-08,4.1798317964091425e-08,6.433943277066007e-11,164.75192807437628
277,parietal,YUE206,82.0,1.031609474890748e-08,4.0678637123531785e-08,5.7730808250115505e-11,178.6930594183538
277,parietal,YUE206,83.0,9.515373498112128e-09,3.752121660820992e-08,4.583204142996488e-11,207.6140010619514
277,parietal,YUE206,84.0,9.25253781672167e-09,3.648479754008039e-08,6.113511240539256e-11,151.3457234750341
277,parietal,YUE206,85.0,9.250449063322652e-09,3.647656112468994e-08,2.0655565416231738e-11,447.8429361247784
277,parietal,YUE206,86.0,8.859386280953213e-09,3.4934514313011535e-08,1.084753116766951e-11,816.7191358120401
277,parietal,YUE206,87.0,8.702344617003359e-09,3.43152643917399e-08,2.3183839126238748e-11,375.362534635358
277,parietal,YUE206,88.0,7.67128012841834e-09,3.024954968060352e-08,3.759824953261148e-12,2040.3290641934075
277,parietal,YUE206,89.0,7.982041995917604e-09,3.1474952272138696e-08,1.3518619207033045e-11,590.4480238458789
277,parietal,YUE206,90.0,7.517853451786803e-09,2.9644554451723453e-08,2.5389993386357444e-11,296.0951323376987
277,parietal,YUE206,91.0,7.254553259660381e-09,2.860630371530004e-08,2.4978327873209654e-11,290.43390320139105
277,parietal,YUE206,92.0,7.244618356435068e-09,2.8567128200437428e-08,1.551100278660655e-11,467.0631845086544
277,parietal,YUE206,93.0,7.616354727861116e-09,3.003296671073806e-08,2.7353344415226404e-11,278.4432723196154
277,parietal,YUE206,94.0,6.643953659433413e-09,2.619857480528427e-08,8.75658004238055e-12,758.7384146867456
277,parietal,YUE206,95.0,6.69806109317427e-09,2.6411932351565333e-08,2.914030417724668e-12,2298.5556542008394
277,parietal,YUE206,96.0,5.610761165755728e-09,2.212446890067124e-08,1.8658116876378632e-11,300.7142254993059
277,parietal,YUE206,97.0,4.9702354899590165e-09,1.9598734873577428e-08,8.496756024773437e-11,58.495683240375804
277,parietal,YUE206,98.0,4.912217894167141e-09,1.9369958695823984e-08,1.6007854798941087e-10,30.686297170137266
277,parietal,YUE206,99.0,4.412054038680551e-09,1.739770228728331e-08,1.248404640347605e-10,35.34153828082585
277,parietal,YUE206,100.0,4.3059939486990595e-09,1.69794839577063e-08,4.7773356028305997e-11,90.13379646486909
277,north_pole,YUE277,0.0,0.3096017691902616,1.0,0.3089063956993015,1.002251081559467
277,north_pole,YUE277,1.0,0.5543201092897864,1.7904293981896995,0.5530752875011323,1.0022507275533468
277,north_pole,YUE277,2.0,0.3684502672916033,1.1900780420449637,0.3666896141304986,1.0048014808526267
277,north_pole,YUE277,3.0,0.1469644769837053,0.47468875054583504,0.14477890023573667,1.015095961803895
277,north_pole,YUE277,4.0,0.06844741975115566,0.22108213376872604,0.06595010942870747,1.037866659268364
277,north_pole,YUE277,5.0,0.03869995109058359,0.1249991277239797,0.036029954934641346,1.0741048985708044
277,north_pole,YUE277,6.0,0.0239940620718803,0.07749975762294521,0.02129374962948044,1.1268124444678063
277,north_pole,YUE277,7.0,0.015778116181791143,0.050962616341171205,0.013181467200580298,1.1969924092438307
277,north_pole,YUE277,8.0,0.010741063274845782,0.034693158578964725,0.008364284341467807,1.2841580745401688
277,north_pole,YUE277,9.0,0.007391892902470475,0.023875486634987175,0.005328692493871779,1.3871869902366225
277,north_pole,YUE277,10.0,0.00505428371345253,0.016325112503948542,0.0033485924707848344,1.5093755831888138
277,north_pole,YUE277,11.0,0.003461719652528536,0.011181201133257034,0.00209305425065013,1.6539082307366282
277,north_pole,YUE277,12.0,0.002413181558098017,0.007794469535524613,0.0013228929029068344,1.8241700086193349
277,north_pole,YUE277,13.0,0.001697054818637723,0.005481411889461203,0.0008311180404432403,2.041893853889483
277,north_pole,YUE277,14.0,0.0012097505711873833,0.003907440756399384,0.00051322103047436,2.357172639767382
277,north_pole,YUE277,15.0,0.0008775394399305244,0.0028344135184552007,0.0003029864025541166,2.896299743265827
277,north_pole,YUE277,16.0,0.0006683744081056658,0.0021588197310814634,0.00016936115437951542,3.9464445702107653
277,north_pole,YUE277,17.0,0.0005859064124641611,0.0018924517582588497,0.00010557585959328587,5.549624835840996
277,north_pole,YUE277,18.0,0.0005849475039777849,0.0018893545263247939,8.89405087830138e-05,6.5768400921212224
277,north_pole,YUE277,19.0,0.0005940572366134505,0.0019187785592025494,8.41060235088712e-05,7.063194903641966
277,north_pole,YUE277,20.0,0.00059474421327372,0.001920997463384093,8.231232414268561e-05,7.225457663456947
277,north_pole,YUE277,21.0,0.0005747463444502216,0.0018564052329333395,8.099720985723097e-05,7.09587830819473
277,north_pole,YUE277,22.0,0.000504265608157139,0.001628755576804373,7.313122015654427e-05,6.895353408266824
277,north_pole,YUE277,23.0,0.00040742293691661856,0.0013159580385544963,5.723755051785967e-05,7.118105740557355
277,north_pole,YUE277,24.0,0.00033344965780581913,0.0010770276238340941,4.358997661888392e-05,7.649686548842126
277,north_pole,YUE277,25.0,0.0002792574326573257,0.0009019891371670806,3.3548474154284566e-05,8.323998026648285
277,north_pole,YUE277,26.0,0.00023275066253902103,0.0007517743298036105,2.5447033993966532e-05,9.146475089953745
277,north_pole,YUE277,27.0,0.00019516496835179342,0.0006303742025190347,1.938729706473955e-05,10.066641456005115
277,north_pole,YUE277,28.0,0.00016361273558307974,0.0005284618883509471,1.4810318126808966e-05,11.047212773027162
277,north_pole,YUE277,29.0,0.00013731079179150852,0.00044350777500604664,1.1551959777829976e-05,11.88636339048111
277,north_pole,YUE277,30.0,0.00011532846779999689,0.00037250584226837324,8.906071098976837e-06,12.949421413584522
277,north_pole,YUE277,31.0,9.680364538995814e-05,0.0003126714864812958,6.813065572650001e-06,14.208529825187858
277,north_pole,YUE277,32.0,8.13658488168164e-05,0.000262808087400864,5.335486374759163e-06,15.249940324416842
277,north_pole,YUE277,33.0,6.914276017210125e-05,0.0002233280525267622,4.212924156563841e-06,16.412059083564348
277,north_pole,YUE277,34.0,5.9695360383364966e-05,0.00019281336970228998,3.3842479256229883e-06,17.63918060831077
277,north_pole,YUE277,35.0,5.144505892048111e-05,0.000166165261442244,2.7631423370010685e-06,18.618316628710545
277,north_pole,YUE277,36.0,4.418884330778935e-05,0.00014272800644312108,2.248623249866964e-06,19.65151045663328
277,north_pole,YUE277,37.0,3.818492427015774e-05,0.00012333561390823872,1.8555594803164859e-06,20.578658175724385
277,north_pole,YUE277,38.0,3.2937462819830346e-05,0.00010638654587141287,1.522783201420429e-06,21.629778151680934
277,north_pole,YUE277,39.0,2.8525199652293378e-05,9.213513129107347e-05,1.2745324185435606e-06,22.380913374404255
277,north_pole,YUE277,40.0,2.4610784917921705e-05,7.949174509657752e-05,1.0650576815471984e-06,23.107466707502518
277,north_pole,YUE277,41.0,2.11977797863426e-05,6.846788970807137e-05,8.934386099459526e-07,23.726061925648068
277,north_pole,YUE277,42.0,1.8249493182081166e-05,5.8945054577082165e-05,7.599484435308503e-07,24.014120085950704
277,north_pole,YUE277,43.0,1.5621397762790653e-05,5.045642278998326e-05,6.438803229348593e-07,24.26133740442174
277,north_pole,YUE277,44.0,1.3246810061485997e-05,4.278660970230228e-05,5.459090926484673e-07,24.265597037813304
277,north_pole,YUE277,45.0,1.1013298485014677e-05,3.5572466248558815e-05,4.3583809774238446e-07,25.26924227611792
277,north_pole,YUE277,46.0,8.965209826705125e-06,2.8957230606765933e-05,3.604563608415948e-07,24.87183138001261
277,north_pole,YUE277,47.0,7.122439138361525e-06,2.30051629129565e-05,3.0387104924691283e-07,23.439018478440605
277,north_pole,YUE277,48.0,5.691906970190059e-06,1.8384607378300136e-05,2.423207680116154e-07,23.489142168438583
277,north_pole,YUE277,49.0,4.571586407453175e-06,1.47660215876989e-05,1.8701425277496063e-07,24.445122976558853
277,north_pole,YUE277,50.0,3.7270217278029425e-06,1.203811508426023e-05,1.4658861570372545e-07,25.425042114701018
277,north_pole,YUE277,51.0,3.2144035387969077e-06,1.038238104130968e-05,1.3018484580064817e-07,24.69107305868087
277,north_pole,YUE277,52.0,2.881961254359633e-06,9.308607188832189e-06,1.1624545028452028e-07,24.792034847865413
277,north_pole,YUE277,53.0,2.6048328334845723e-06,8.41349466541261e-06,1.0191157519366516e-07,25.559734785126636
277,north_pole,YUE277,54.0,2.1518917428652763e-06,6.950515006724203e-06,8.643664301920861e-08,24.895595984530154
277,north_pole,YUE277,55.0,1.7085347010078323e-06,5.518491400990268e-06,7.194577007178902e-08,23.747535112947155
277,north_pole,YUE277,56.0,1.3496363668500486e-06,4.359265679843863e-06,5.410127153133207e-08,24.946481453184028
277,north_pole,YUE277,57.0,1.0468802840350324e-06,3.3813769435913207e-06,4.068259224750481e-08,25.732880482787838
277,north_pole,YUE277,58.0,8.35508942488734e-07,2.6986568735506263e-06,3.8442411827869174e-08,21.73404067959712
277,north_pole,YUE277,59.0,6.49504496958029e-07,2.0978707539584012e-06,2.983505254444778e-08,21.769845921685828
277,north_pole,YUE277,60.0,5.207280960936349e-07,1.681928683597504e-06,2.3213402188988836e-08,22.43221789956492
277,north_pole,YUE277,61.0,4.16063790415212e-07,1.3438676125895315e-06,1.3858444739008546e-08,30.022401376980046
277,north_pole,YUE277,62.0,3.2572759947001654e-07,1.0520857174748412e-06,1.1745806336069086e-08,27.73139537213128
277,north_pole,YUE277,63.0,2.4741993186802225e-07,7.991554199290562e-07,9.724464144984772e-09,25.443040169532107
277,north_pole,YUE277,64.0,1.917938735734812e-07,6.194857157150702e-07,7.258430559578638e-09,26.423601080040516
277,north_pole,YUE277,65.0,1.4510259411602073e-07,4.686749513593699e-07,7.140209931103177e-09,20.321894666422235
277,north_pole,YUE277,66.0,1.0907685960179182e-07,3.5231342471676933e-07,3.975875827616545e-09,27.4346746053136
277,north_pole,YUE277,67.0,8.253293109221436e-08,2.665777114519486e-07,3.5495576208055445e-09,23.251610456596605
277,north_pole,YUE277,68.0,6.173042156960311e-08,1.9938652718637246e-07,2.3412534307845516e-09,26.366398766543316
277,north_pole,YUE277,69.0,5.115523740575715e-08,1.6522915078796073e-07,1.7587710394537403e-09,29.085785618601918
277,north_pole,YUE277,70.0,4.19513581845744e-08,1.355010286094126e-07,1.341465659883543e-09,31.27277830445271
277,north_pole,YUE277,71.0,3.6812925678189e-08,1.1890411923184492e-07,1.4219218854485796e-09,25.88955557609655
277,north_pole,YUE277,72.0,3.307618969390286e-08,1.0683462752945811e-07,1.7518972493160797e-09,18.8802109865835
277,north_pole,YUE277,73.0,3.18461290207418e-08,1.0286158604336396e-07,1.8032703469608746e-09,17.660207785490062
277,north_pole,YUE277,74.0,2.6894784621206262e-08,8.686896296344622e-08,8.05814861288731e-10,33.37588559510273
277,north_pole,YUE277,75.0,2.2719653726914222e-08,7.338347512139752e-08,5.232972333951516e-10,43.416345963668
277,north_pole,YUE277,76.0,2.0292567372584865e-08,6.554409370998891e-08,3.8460333457358603e-10,52.76232821819774
277,north_pole,YUE277,77.0,1.839720782155023e-08,5.942216631922563e-08,3.885288249653537e-10,47.350947058280084
277,north_pole,YUE277,78.0,1.687581420764297e-08,5.450813233974824e-08,2.8321623708008887e-10,59.58632309231186
277,north_pole,YUE277,79.0,1.5906723656698565e-08,5.1378012788174026e-08,1.98286628663069e-10,80.2208588846778
277,north_pole,YUE277,80.0,1.4664560809698233e-08,4.736588181667116e-08,9.981598469117429e-11,146.9159559470325
277,north_pole,YUE277,81.0,1.2477003688547967e-08,4.030016921796203e-08,1.135011374635327e-10,109.92844624624806
277,north_pole,YUE277,82.0,1.1415367382074465e-08,3.68711309755446e-08,1.2184056608020097e-10,93.69102384636291
277,north_pole,YUE277,83.0,1.1061478083171736e-08,3.5728084216385896e-08,1.217185755759866e-10,90.87748546865194
277,north_pole,YUE277,84.0,9.511258357667073e-09,3.0720943173364284e-08,1.1134038928160362e-10,85.42505032572744
277,north_pole,YUE277,85.0,8.902207828167855e-09,2.8753736942301267e-08,1.225056271693357e-10,72.66774624044503
277,north_pole,YUE277,86.0,8.596085310173232e-09,2.776497476954217e-08,1.1642463987668708e-10,73.83390079005531
277,north_pole,YUE277,87.0,8.092242860894602e-09,2.6137585977170635e-08,1.6976582008021164e-10,47.667091391371635
277,north_pole,YUE277,88.0,8.24580258857191e-09,2.663357709530582e-08,1.0817224410851077e-10,76.22845080573813
277,north_pole,YUE277,89.0,8.26597712610987e-09,2.6698739957878358e-08,1.5554371087925628e-10,53.142470880911986
277,north_pole,YUE277,90.0,7.661420210552027e-09,2.474604790079156e-08,1.1395330575168826e-10,67.23297898216981
277,north_pole,YUE277,91.0,6.842728618245534e-09,2.2101710323368425e-08,5.986391792269112e-11,114.30472404232385
277,north_pole,YUE277,92.0,6.478053214890581e-09,2.0923824924623024e-08,2.7016056561357275e-11,239.785299537629
277,north_pole,YUE277,93.0,5.118502983230942e-09,1.6532537900600414e-08,2.7384754171620766e-11,186.91067851671
277,north_pole,YUE277,94.0,4.867312192241741e-09,1.5721202772748367e-08,3.3491863884967025e-11,145.32819699014888
277,north_pole,YUE277,95.0,5.261531006012075e-09,1.6994512078445754e-08,3.2307557406109176e-11,162.85759210682852
277,north_pole,YUE277,96.0,5.016211036846425e-09,1.6202139445022938e-08,1.0054426047526846e-10,49.890575684131626
277,north_pole,YUE277,97.0,6.708203448344816e-09,2.1667199983674445e-08,1.0158346317115105e-09,6.603637283996335
277,north_pole,YUE277,98.0,4.950748327764408e-09,1.599069779450127e-08,2.8603266338712982e-11,173.08332094449776
277,north_pole,YUE277,99.0,3.7890000021227176e-09,1.223830216485048e-08,2.1528797397104263e-11,175.9968256579143
277,north_pole,YUE277,100.0,3.747754342711088e-09,1.2105080512017216e-08,1.551706500676072e-11,241.524691755703
