variant_id,replicate,seed,depth_mm,tissue_label,tissue,fluence_raw,fluence_normalized_depth0,fluence_normalized_peak_0_20,absorbed_proxy_raw,absorbed_proxy_normalized_depth0,absorbed_proxy_normalized_peak_0_20
baseline,1,873963303,0.0,1,scalp,0.30940495406387014,1.0,0.5587043299457918,0.0037128594487664418,1.0,0.5587043299457919
baseline,1,873963303,1.0,1,scalp,0.5537901488858876,1.7898554680917271,1.0,0.006645481786630651,1.7898554680917271,1.0
baseline,1,873963303,2.0,1,scalp,0.36669711979621,1.1851688700514895,0.6621589794147287,0.00440036543755452,1.1851688700514895,0.6621589794147288
baseline,1,873963303,3.0,1,scalp,0.14475922329306207,0.4678633014492055,0.2613972523424044,0.0017371106795167448,0.4678633014492055,0.2613972523424044
baseline,1,873963303,4.0,1,scalp,0.06589830242196809,0.21298399251992833,0.11899507883002611,0.0007907796290636171,0.21298399251992833,0.11899507883002611
baseline,1,873963303,5.0,1,scalp,0.03600831520582265,0.11637924581643735,0.06502158855346922,0.0004320997824698718,0.11637924581643735,0.06502158855346923
baseline,1,873963303,6.0,1,scalp,0.0212796115955851,0.06877592396659676,0.03842540651616017,0.0002553553391470212,0.06877592396659678,0.03842540651616018
baseline,1,873963303,7.0,1,scalp,0.013179004347833825,0.04259467786386283,0.023797830955186335,0.0001581480521740059,0.04259467786386283,0.023797830955186335
baseline,1,873963303,8.0,1,scalp,0.008367012962212959,0.02704227211722591,0.01510863452346647,0.0001004041555465555,0.02704227211722591,0.01510863452346647
baseline,1,873963303,9.0,1,scalp,0.005324655461004543,0.017209341321358998,0.009614933511758307,6.389586553205451e-05,0.017209341321358998,0.009614933511758307
baseline,1,873963303,10.0,1,scalp,0.003347553274442386,0.01081932668004842,0.006044804663241081,4.0170639293308636e-05,0.010819326680048421,0.006044804663241082
baseline,1,873963303,11.0,2,skull,0.002090044390302753,0.00675504500768694,0.003774072894773398,5.225110975756882e-05,0.014073010432681124,0.007862651864111246
baseline,1,873963303,12.0,2,skull,0.0013206752276427266,0.004268435945502349,0.0023847936448484226,3.3016880691068165e-05,0.008892574886463228,0.004968320093434214
baseline,1,873963303,13.0,2,skull,0.0008294513285852051,0.0026807952416107155,0.0014977719091859819,2.073628321463013e-05,0.005584990086688991,0.003120358144137463
baseline,1,873963303,14.0,2,skull,0.0005098797797482492,0.001647936702535782,0.0009207093711833317,1.2746994493706232e-05,0.0034332014636162126,0.0019181445232986079
baseline,1,873963303,15.0,2,skull,0.00030198711387069606,0.0009760254640536789,0.0005453096529041412,7.549677846767402e-06,0.0020333863834451644,0.0011360617768836276
baseline,1,873963303,16.0,2,skull,0.00017002995773000436,0.0005495385755682026,0.0003070295816421975,4.250748943250109e-06,0.0011448720324337555,0.0006396449617545783
baseline,1,873963303,17.0,3,CSF,0.00010572283968026608,0.00034169730733672033,0.00019090776513984363,3.1716851904079824e-07,8.54243268341801e-05,4.7726941284960915e-05
baseline,1,873963303,18.0,3,CSF,8.913625570200649e-05,0.00028808929699169003,0.0001609567376402964,2.6740876710601947e-07,7.202232424792251e-05,4.02391844100741e-05
baseline,1,873963303,19.0,3,CSF,8.44970249979912e-05,0.00027309525554832767,0.0001525795017625032,2.534910749939736e-07,6.827381388708192e-05,3.81448754406258e-05
baseline,1,873963303,20.0,3,CSF,8.26332475429238e-05,0.00026707150760703693,0.000149214007705202,2.478997426287714e-07,6.676787690175923e-05,3.73035019263005e-05
baseline,1,873963303,21.0,3,CSF,8.111725813250581e-05,0.0002621718142100623,0.00014647652778890547,2.4335177439751743e-07,6.554295355251556e-05,3.661913194722637e-05
baseline,1,873963303,22.0,4,gray_matter,7.320835200537639e-05,0.00023661014810468764,0.00013219511425520408,2.63550067219355e-06,0.0007098304443140629,0.0003965853427656122
baseline,1,873963303,23.0,4,gray_matter,5.7073071573260774e-05,0.00018446075547154698,0.0001030590227870252,2.0546305766373878e-06,0.0005533822664146409,0.00030917706836107564
baseline,1,873963303,24.0,4,gray_matter,4.3379370950560294e-05,0.00014020257394329095,7.83317851316617e-05,1.5616573542201704e-06,0.0004206077218298728,0.0002349953553949851
baseline,1,873963303,25.0,5,white_matter,3.3478062105675434e-05,0.00010820144172211474,6.045261399652276e-05,4.686928694794561e-07,0.0001262350153424672,7.05280496626099e-05
baseline,1,873963303,26.0,5,white_matter,2.5431748506538876e-05,8.219567325120795e-05,4.592307854825938e-05,3.5604447909154425e-07,9.589495212640928e-05,5.357692497296928e-05
baseline,1,873963303,27.0,5,white_matter,1.9368499411894253e-05,6.259918969460338e-05,3.49744383334729e-05,2.7115899176651955e-07,7.303238797703729e-05,4.080351138905172e-05
baseline,1,873963303,28.0,5,white_matter,1.4951055656175852e-05,4.8321965953685156e-05,2.699769160981703e-05,2.0931477918646193e-07,5.637562694596601e-05,3.149730687811987e-05
baseline,1,873963303,29.0,5,white_matter,1.1441738672810213e-05,3.6979817299396915e-05,2.0660784045777354e-05,1.6018434141934298e-07,4.3143120182629734e-05,2.4104248053406915e-05
baseline,1,873963303,30.0,5,white_matter,8.836496070325485e-06,2.8559646360741126e-05,1.5956398083466643e-05,1.237109449845568e-07,3.331958742086465e-05,1.861579776404442e-05
baseline,1,873963303,31.0,5,white_matter,6.8384804833749225e-06,2.210203939385942e-05,1.2348505109981723e-05,9.573872676724892e-08,2.5785712626169325e-05,1.4406589294978679e-05
baseline,1,873963303,32.0,5,white_matter,5.351929557866446e-06,1.7297491483480427e-05,9.664183389020972e-06,7.492701381013025e-08,2.0180406730727166e-05,1.1274880620524468e-05
baseline,1,873963303,33.0,4,gray_matter,4.246268193158455e-06,1.3723982558734022e-05,7.667648479665224e-06,1.5286565495370436e-07,4.117194767620206e-05,2.3002945438995675e-05
baseline,1,873963303,34.0,5,white_matter,3.4432165693798297e-06,1.1128511435111184e-05,6.217547524647877e-06,4.8205031971317616e-08,1.2983263340963049e-05,7.253805445422523e-06
baseline,1,873963303,35.0,5,white_matter,2.7715049075603197e-06,8.957532422018688e-06,5.004612149811657e-06,3.880106870584448e-08,1.0450454492355138e-05,5.838714174780268e-06
baseline,1,873963303,36.0,5,white_matter,2.288326458093789e-06,7.395894694114729e-06,4.132118389425007e-06,3.203657041331304e-08,8.628543809800518e-06,4.820804787662508e-06
baseline,1,873963303,37.0,5,white_matter,1.8840560960411623e-06,6.089288717892469e-06,3.402111972976582e-06,2.637678534457627e-08,7.104170170874548e-06,3.9691306351393455e-06
baseline,1,873963303,38.0,5,white_matter,1.5654827391255657e-06,5.05965634539389e-06,2.826851908209267e-06,2.191675834775792e-08,5.902932402959539e-06,3.297993892910812e-06
baseline,1,873963303,39.0,5,white_matter,1.3021960286516932e-06,4.208710983932346e-06,2.3514250502134155e-06,1.8230744401123706e-08,4.9101628145877375e-06,2.743329225248985e-06
baseline,1,873963303,40.0,5,white_matter,1.1122883336197105e-06,3.5949273565610134e-06,2.008501479951218e-06,1.5572036670675947e-08,4.194081915987849e-06,2.343251726609754e-06
baseline,1,873963303,41.0,5,white_matter,9.458681023824273e-07,3.0570554542160717e-06,1.7079901191549186e-06,1.3242153433353982e-08,3.5665646965854168e-06,1.9926551390140718e-06
baseline,1,873963303,42.0,5,white_matter,8.044630959202416e-07,2.600033016129978e-06,1.4526497041138357e-06,1.1262483342883383e-08,3.033371852151641e-06,1.6947579881328083e-06
baseline,1,873963303,43.0,5,white_matter,6.68293158818971e-07,2.1599303761665563e-06,1.206762453545698e-06,9.356104223465595e-09,2.5199187721943154e-06,1.4078895291366475e-06
baseline,1,873963303,44.0,5,white_matter,5.594588177634777e-07,1.8081766643206017e-06,1.0102361316628587e-06,7.832423448688688e-09,2.1095394417073683e-06,1.1786088202733353e-06
baseline,1,873963303,45.0,5,white_matter,4.716731469014502e-07,1.524452471449708e-06,8.517181965955155e-07,6.603424056620304e-09,1.7785278833579928e-06,9.93671229361435e-07
baseline,1,873963303,46.0,5,white_matter,3.884631476724764e-07,1.2555168964498429e-06,7.014627263666295e-07,5.43848406741467e-09,1.4647697125248165e-06,8.183731807610679e-07
baseline,1,873963303,47.0,5,white_matter,2.912835406875717e-07,9.414314052238555e-07,5.259818024455194e-07,4.0779695696260044e-09,1.0983366394278314e-06,6.136454361864394e-07
baseline,1,873963303,48.0,5,white_matter,2.2837084663582356e-07,7.380969297236308e-07,4.123779505562873e-07,3.19719185290153e-09,8.611130846775692e-07,4.811076089823352e-07
baseline,1,873963303,49.0,4,gray_matter,1.8821210848336995e-07,6.083034741729362e-07,3.3986178494148764e-07,6.775635905401318e-09,1.8249104225188085e-06,1.0195853548244629e-06
baseline,1,873963303,50.0,4,gray_matter,1.547475798172684e-07,5.001457726669885e-07,2.794336087931301e-07,5.570912873421662e-09,1.5004373180009653e-06,8.383008263793903e-07
baseline,1,873963303,51.0,4,gray_matter,1.2821606308377074e-07,4.143956371729692e-07,2.3152463679918324e-07,4.615778271015746e-09,1.2431869115189075e-06,6.945739103975497e-07
baseline,1,873963303,52.0,4,gray_matter,1.1587948776131117e-07,3.745236986004765e-07,2.0924801207539891e-07,4.171661559407201e-09,1.1235710958014291e-06,6.277440362261967e-07
baseline,1,873963303,53.0,4,gray_matter,1.0095714593556856e-07,3.2629453604265196e-07,1.823021701246829e-07,3.6344572536804676e-09,9.788836081279559e-07,5.469065103740486e-07
baseline,1,873963303,54.0,4,gray_matter,8.3233290216484e-08,2.6901085171151537e-07,1.5029752765362898e-07,2.9963984477934238e-09,8.070325551345461e-07,4.508925829608869e-07
baseline,1,873963303,55.0,4,gray_matter,6.735632461170903e-08,2.1769633526231365e-07,1.216278851243854e-07,2.4248276860215248e-09,6.530890057869409e-07,3.648836553731562e-07
baseline,1,873963303,56.0,4,gray_matter,4.965313614856129e-08,1.604794477153441e-07,8.966056230587206e-08,1.7875129013482064e-09,4.814383431460323e-07,2.689816869176162e-07
baseline,1,873963303,57.0,4,gray_matter,3.8980533966513486e-08,1.2598548748016095e-07,7.038863736549727e-08,1.4032992227944853e-09,3.779564624404828e-07,2.111659120964918e-07
baseline,1,873963303,58.0,4,gray_matter,3.2780260209401616e-08,1.0594613880240205e-07,5.919256648993989e-08,1.180089367538458e-09,3.1783841640720613e-07,1.7757769946981966e-07
baseline,1,873963303,59.0,4,gray_matter,2.484938785292686e-08,8.031347761741794e-08,4.487148769785584e-08,8.945779627053669e-10,2.409404328522538e-07,1.3461446309356752e-07
baseline,1,873963303,60.0,4,gray_matter,2.0688569356620868e-08,6.686566935948333e-08,3.735813899586699e-08,7.447884968383512e-10,2.0059700807844998e-07,1.1207441698760099e-07
baseline,1,873963303,61.0,4,gray_matter,1.697985537112683e-08,5.4879067539499374e-08,3.066117265770585e-08,6.112747933605659e-10,1.6463720261849812e-07,9.198351797311757e-08
baseline,1,873963303,62.0,4,gray_matter,1.300003571093144e-08,4.201624938509503e-08,2.3474660459534807e-08,4.680012855935318e-10,1.260487481552851e-07,7.042398137860442e-08
baseline,1,873963303,63.0,4,gray_matter,1.1523591563678938e-08,3.724436668619125e-08,2.080858893366385e-08,4.148492962924417e-10,1.1173310005857372e-07,6.242576680099155e-08
baseline,1,873963303,64.0,4,gray_matter,1.0219908111040122e-08,3.3030848332604385e-08,1.845447798520881e-08,3.6791669199744436e-10,9.909254499781315e-08,5.536343395562642e-08
baseline,1,873963303,65.0,4,gray_matter,7.164890903505823e-09,2.3157001235432004e-08,1.2937916858795912e-08,2.579360725262096e-10,6.9471003706296e-08,3.881375057638773e-08
baseline,1,873963303,66.0,4,gray_matter,5.400878156008651e-09,1.745569385709885e-08,9.752571740169289e-09,1.944316136163114e-10,5.236708157129655e-08,2.9257715220507864e-08
baseline,1,873963303,67.0,4,gray_matter,4.501861699374288e-09,1.455006340475393e-08,8.12918342522183e-09,1.6206702117747434e-10,4.3650190214261786e-08,2.438755027566549e-08
baseline,1,873963303,68.0,4,gray_matter,2.1846358502105645e-09,7.060765580888509e-09,3.944880302774624e-09,7.864689060758031e-11,2.1182296742665524e-08,1.1834640908323872e-08
baseline,1,873963303,69.0,4,gray_matter,1.7532577739027184e-09,5.666547192844221e-09,3.165924452484238e-09,6.311727986049786e-11,1.699964157853266e-08,9.497773357452713e-09
baseline,1,873963303,70.0,4,gray_matter,1.6123569283032232e-09,5.211154207861798e-09,2.9114944199476193e-09,5.804484941891603e-11,1.5633462623585395e-08,8.734483259842859e-09
baseline,1,873963303,71.0,4,gray_matter,1.5189015084413164e-09,4.90910532779566e-09,2.742738402799391e-09,5.4680454303887386e-11,1.4727315983386979e-08,8.228215208398173e-09
baseline,1,873963303,72.0,5,white_matter,1.0364482551576905e-09,3.349811441428108e-09,1.871554156827838e-09,1.4510275572207666e-11,3.9081133483327925e-09,2.1834798496324782e-09
baseline,1,873963303,73.0,5,white_matter,1.2144923598674428e-09,3.925251822621872e-09,2.193055189426451e-09,1.70028930381442e-11,4.579460459725517e-09,2.5585643876641927e-09
baseline,1,873963303,74.0,5,white_matter,8.932747361615581e-10,2.887073152607506e-09,1.6130202712320614e-09,1.2505846306261814e-11,3.368252011375424e-09,1.881856983104072e-09
baseline,1,873963303,75.0,5,white_matter,7.083437524860373e-10,2.289374307626033e-09,1.279083338537314e-09,9.916812534804522e-12,2.670936692230372e-09,1.4922638949601996e-09
baseline,1,873963303,76.0,5,white_matter,4.095734024335396e-10,1.3237454573820165e-09,7.395823187854053e-10,5.734027634069554e-12,1.5443697002790192e-09,8.628460385829728e-10
baseline,1,873963303,77.0,5,white_matter,2.1826331175707373e-10,7.05429272835812e-10,3.941263892038795e-10,3.0556863645990324e-12,8.230008183084474e-10,4.5981412073785947e-10
baseline,1,873963303,78.0,5,white_matter,2.1355216721579094e-10,6.902028051293179e-10,3.8561929576648155e-10,2.9897303410210734e-12,8.052366059842044e-10,4.498891783942285e-10
baseline,1,873963303,79.0,5,white_matter,2.126021534050562e-10,6.87132350702985e-10,3.839038195835881e-10,2.9764301476707868e-12,8.016544091534825e-10,4.4788778951418615e-10
baseline,1,873963303,80.0,5,white_matter,1.3760789652056927e-10,4.447501396249881e-10,2.4848382875247635e-10,1.92651055128797e-12,5.188751628958194e-10,2.898978002112224e-10
baseline,1,873963303,81.0,4,gray_matter,1.0921347858656748e-10,3.529790882534565e-10,1.9721094498752395e-10,3.931685229116429e-12,1.0589372647603693e-09,5.916328349625718e-10
baseline,1,873963303,82.0,4,gray_matter,1.062131013123469e-10,3.43281837983827e-10,1.9179304927331393e-10,3.823671647244488e-12,1.0298455139514808e-09,5.753791478199417e-10
baseline,1,873963303,83.0,3,CSF,8.463008522777368e-11,2.7352530758219075e-10,1.528197736959245e-10,2.5389025568332104e-13,6.838132689554769e-11,3.820494342398113e-11
baseline,1,873963303,84.0,3,CSF,8.694280771365717e-11,2.810000504895266e-10,1.5699594492348464e-10,2.608284231409715e-13,7.025001262238165e-11,3.924898623087116e-11
baseline,1,873963303,85.0,3,CSF,7.250702129860088e-11,2.343434400330685e-10,1.309286946408674e-10,2.1752106389580263e-13,5.858586000826713e-11,3.2732173660216856e-11
baseline,1,873963303,86.0,3,CSF,4.9984596806243794e-11,1.6155073197672695e-10,9.025909346130943e-11,1.4995379041873138e-13,4.038768299418173e-11,2.2564773365327358e-11
baseline,1,873963303,87.0,3,CSF,5.935883370720727e-11,1.918483622435919e-10,1.0718651067850357e-10,1.7807650112162183e-13,4.796209056089798e-11,2.6796627669625895e-11
baseline,1,873963303,88.0,3,CSF,4.6697089014531053e-11,1.5092547291563865e-10,8.432271521708365e-11,1.4009126704359315e-13,3.773136822890966e-11,2.1080678804270912e-11
baseline,1,873963303,89.0,3,CSF,4.103746228624412e-11,1.3263350100649263e-10,7.410291130819696e-11,1.2311238685873238e-13,3.315837525162316e-11,1.8525727827049244e-11
baseline,1,873963303,90.0,3,CSF,4.5194382333441685e-11,1.4606870943673468e-10,8.160922043189741e-11,1.3558314700032507e-13,3.651717735918367e-11,2.0402305107974355e-11
baseline,1,873963303,91.0,4,gray_matter,3.963211102145861e-11,1.2809139123634523e-10,7.156521491252653e-11,1.4267559967725099e-12,3.842741737090356e-10,2.1469564473757957e-10
baseline,1,873963303,92.0,3,CSF,3.306734726079744e-11,1.0687400711098951e-10,5.971097053156718e-11,9.920204178239232e-14,2.6718501777747378e-11,1.4927742632891796e-11
baseline,1,873963303,93.0,3,CSF,2.5068892884543078e-11,8.102292014163462e-11,4.526785630798337e-11,7.520667865362924e-14,2.0255730035408655e-11,1.1316964076995844e-11
baseline,1,873963303,94.0,3,CSF,3.605546502734247e-11,1.1653163452547557e-10,6.510672878504373e-11,1.0816639508202742e-13,2.913290863136889e-11,1.6276682196260932e-11
baseline,1,873963303,95.0,3,CSF,2.674087107623486e-10,8.642677088717451e-10,4.828701111789731e-10,8.022261322870458e-13,2.1606692721793627e-10,1.2071752779474327e-10
baseline,1,873963303,96.0,3,CSF,3.6649507149149395e-10,1.1845158478485085e-09,6.617941330823724e-10,1.0994852144744818e-12,2.9612896196212707e-10,1.654485332705931e-10
baseline,1,873963303,97.0,3,CSF,1.2924089556820496e-10,4.177079063237168e-10,2.333752159156518e-10,3.8772268670461487e-13,1.0442697658092918e-10,5.834380397891294e-11
baseline,1,873963303,98.0,3,CSF,1.8088734258422405e-11,5.84629755304059e-11,3.266351757035266e-11,5.426620277526722e-14,1.461574388260148e-11,8.165879392588165e-12
baseline,1,873963303,99.0,3,CSF,3.149439345351787e-11,1.0179020419633138e-10,5.6870627830556647e-11,9.448318036055361e-14,2.5447551049082844e-11,1.4217656957639162e-11
baseline,1,873963303,100.0,3,CSF,2.684342218271707e-10,8.675821712012992e-10,4.847219156339371e-10,8.053026654815121e-13,2.168955428003248e-10,1.211804789084843e-10
baseline,2,112149004,0.0,1,scalp,0.31054259184232397,1.0,0.5589481321564359,0.0037265111021078877,1.0,0.5589481321564359
baseline,2,112149004,1.0,1,scalp,0.5555839155312012,1.7890747682472343,1.0,0.006667006986374415,1.7890747682472343,1.0
baseline,2,112149004,2.0,1,scalp,0.36671401260895553,1.1808815352296418,0.6600515284146327,0.004400568151307466,1.1808815352296416,0.6600515284146325
baseline,2,112149004,3.0,1,scalp,0.14477081442651085,0.46618666240802586,0.260574164189209,0.0017372497731181302,0.46618666240802586,0.260574164189209
baseline,2,112149004,4.0,1,scalp,0.06592015659758912,0.21227412383760766,0.11865022502417476,0.0007910418791710695,0.21227412383760766,0.11865022502417476
baseline,2,112149004,5.0,1,scalp,0.03600403381203426,0.11593911675186597,0.06480395275232242,0.0004320484057444111,0.11593911675186595,0.06480395275232242
baseline,2,112149004,6.0,1,scalp,0.021265947535801334,0.06847997052397561,0.03827675161450395,0.000255191370429616,0.06847997052397561,0.03827675161450395
baseline,2,112149004,7.0,1,scalp,0.0131774299534855,0.04243356724534667,0.02371816315252104,0.000158129159441826,0.04243356724534667,0.02371816315252104
baseline,2,112149004,8.0,1,scalp,0.008361093275537355,0.02692414340311376,0.015049199665082459,0.00010033311930644827,0.02692414340311376,0.01504919966508246
baseline,2,112149004,9.0,1,scalp,0.005318907205483187,0.017127786478267782,0.009573544260002035,6.382688646579825e-05,0.017127786478267782,0.009573544260002035
baseline,2,112149004,10.0,1,scalp,0.0033464229492704855,0.0107760514569596,0.006023253833889208,4.0157075391245827e-05,0.010776051456959599,0.006023253833889208
baseline,2,112149004,11.0,2,skull,0.002094176021652487,0.006743603217930865,0.0037693244226665876,5.235440054131218e-05,0.014049173370689302,0.007852759213888724
baseline,2,112149004,12.0,2,skull,0.0013231470732321233,0.004260758775092413,0.0023815431589070475,3.3078676830803084e-05,0.008876580781442527,0.004961548247723016
baseline,2,112149004,13.0,2,skull,0.0008314942996964369,0.002677553165134343,0.0014966133404013939,2.0787357492410924e-05,0.005578235760696548,0.0031179444591695705
baseline,2,112149004,14.0,2,skull,0.0005126247345223307,0.001650738893757326,0.0009226774213436386,1.2815618363058268e-05,0.0034390393619944293,0.001922244627799247
baseline,2,112149004,15.0,2,skull,0.00030258309124555174,0.0009743690533734786,0.0005446217624141404,7.5645772811387936e-06,0.0020299355278614135,0.001134628671696126
baseline,2,112149004,16.0,2,skull,0.00016954645105865266,0.0005459684291703818,0.0003051680337011683,4.2386612764663165e-06,0.0011374342274382955,0.0006357667368774339
baseline,2,112149004,17.0,3,CSF,0.00010574778235392688,0.0003405258574244774,0.00019033629195838042,3.1724334706178064e-07,8.513146435611933e-05,4.7584072989595105e-05
baseline,2,112149004,18.0,3,CSF,8.917749510309818e-05,0.0002871667122182631,0.00016051129741190292,2.675324853092946e-07,7.179167805456579e-05,4.012782435297573e-05
baseline,2,112149004,19.0,3,CSF,8.439427990877306e-05,0.0002717639451905641,0.00015190194955172983,2.531828397263192e-07,6.794098629764103e-05,3.797548738793246e-05
baseline,2,112149004,20.0,3,CSF,8.240433598689472e-05,0.0002653559870741821,0.00014832023333164143,2.472130079606842e-07,6.633899676854552e-05,3.708005833291036e-05
baseline,2,112149004,21.0,3,CSF,8.123974726007504e-05,0.00026160581316112674,0.00014622408062767733,2.4371924178022514e-07,6.540145329028169e-05,3.655602015691933e-05
baseline,2,112149004,22.0,4,gray_matter,7.343820451673671e-05,0.00023648351770704773,0.00013218202050813775,2.6437753626025214e-06,0.0007094505531211431,0.00039654606152441323
baseline,2,112149004,23.0,4,gray_matter,5.710392203647166e-05,0.00018388434802999845,0.00010278181286417162,2.05574119331298e-06,0.0005516530440899954,0.00030834543859251486
baseline,2,112149004,24.0,4,gray_matter,4.352019256632017e-05,0.00014014242718891608,7.833234791311396e-05,1.566726932387526e-06,0.0004204272815667482,0.00023499704373934185
baseline,2,112149004,25.0,5,white_matter,3.349669471282807e-05,0.0001078650581039647,6.0290972752156495e-05,4.6895372597959296e-07,0.0001258425677879588,7.033946821084925e-05
baseline,2,112149004,26.0,5,white_matter,2.5404471736597857e-05,8.180672282627439e-05,4.572571492158534e-05,3.5566260431237e-07,9.544117663065346e-05,5.334666740851623e-05
baseline,2,112149004,27.0,5,white_matter,1.9401061280292763e-05,6.247471937808625e-05,3.4920127703378794e-05,2.716148579240987e-07,7.288717260776728e-05,4.0740148987275255e-05
baseline,2,112149004,28.0,5,white_matter,1.4974124909471637e-05,4.8219230800632506e-05,2.695204899003362e-05,2.0963774873260293e-07,5.6255769267404594e-05,3.1444057155039225e-05
baseline,2,112149004,29.0,5,white_matter,1.1692779961833566e-05,3.76527415851881e-05,2.1045929579609844e-05,1.6369891946566993e-07,4.392819851605278e-05,2.455358450954482e-05
baseline,2,112149004,30.0,5,white_matter,9.057940343599015e-06,2.9168109565460592e-05,1.630346036014847e-05,1.268111648103862e-07,3.402946115970402e-05,1.9020703753506545e-05
baseline,2,112149004,31.0,5,white_matter,7.015537255992287e-06,2.2591224006896878e-05,1.2627322461782643e-05,9.821752158389202e-08,2.6356428008046353e-05,1.4731876205413082e-05
baseline,2,112149004,32.0,5,white_matter,5.414837771765906e-06,1.7436699229055367e-05,9.746210465054064e-06,7.580772880472269e-08,2.0342815767231265e-05,1.1370578875896407e-05
baseline,2,112149004,33.0,4,gray_matter,4.219230436373399e-06,1.3586640117036464e-05,7.59422711569923e-06,1.5189229570944235e-07,4.0759920351109384e-05,2.278268134709769e-05
baseline,2,112149004,34.0,5,white_matter,3.4324167410779626e-06,1.1052966102700496e-05,6.178034757892843e-06,4.8053834375091476e-08,1.2895127119817246e-05,7.20770721754165e-06
baseline,2,112149004,35.0,5,white_matter,2.8237516162682835e-06,9.09296080616866e-06,5.082493458379652e-06,3.953252262775597e-08,1.0608454273863437e-05,5.929575701442928e-06
baseline,2,112149004,36.0,5,white_matter,2.301399252866574e-06,7.41089729177985e-06,4.142307198843536e-06,3.221958954013204e-08,8.646046840409825e-06,4.832691731984125e-06
baseline,2,112149004,37.0,5,white_matter,1.8910509371122588e-06,6.089505873875195e-06,3.4037179339581847e-06,2.6474713119571623e-08,7.1044235195210595e-06,3.971004256284549e-06
baseline,2,112149004,38.0,5,white_matter,1.5670418516234574e-06,5.046141472339849e-06,2.820531350561486e-06,2.1938585922728403e-08,5.887165051063156e-06,3.2906199089884e-06
baseline,2,112149004,39.0,5,white_matter,1.2924630090726797e-06,4.1619508660793284e-06,2.3263146627219013e-06,1.8094482127017518e-08,4.855609343759217e-06,2.714033773175552e-06
baseline,2,112149004,40.0,5,white_matter,1.0737306955490477e-06,3.4575955883508167e-06,1.932616595861022e-06,1.5032229737686667e-08,4.0338615197426195e-06,2.2547193618378588e-06
baseline,2,112149004,41.0,5,white_matter,9.083937113076197e-07,2.925182358782047e-06,1.6350252156581824e-06,1.2717511958306676e-08,3.412712751912388e-06,1.9075294182678794e-06
baseline,2,112149004,42.0,5,white_matter,7.82961453149926e-07,2.5212691389768195e-06,1.4092586758947585e-06,1.0961460344098965e-08,2.941480662139623e-06,1.6441351218772183e-06
baseline,2,112149004,43.0,5,white_matter,6.499059304843526e-07,2.0928077099785984e-06,1.1697709604551255e-06,9.098683026780938e-09,2.4416089949750318e-06,1.3647327871976465e-06
baseline,2,112149004,44.0,5,white_matter,5.434384221118671e-07,1.7499642122771826e-06,9.781392277929398e-07,7.608137909566139e-09,2.0416249143233794e-06,1.1411624324250965e-06
baseline,2,112149004,45.0,5,white_matter,4.539164601398897e-07,1.4616882581129577e-06,8.17007921667232e-07,6.354830441958456e-09,1.7053029677984508e-06,9.531759086117707e-07
baseline,2,112149004,46.0,5,white_matter,3.6763367013464636e-07,1.183842988987836e-06,6.617068274612429e-07,5.146871381885049e-09,1.3811501538191418e-06,7.719912987047835e-07
baseline,2,112149004,47.0,5,white_matter,2.9714626682248524e-07,9.56861553385113e-07,5.348359779969147e-07,4.160047735514794e-09,1.1163384789492987e-06,6.239753076630671e-07
baseline,2,112149004,48.0,5,white_matter,2.4786795000945086e-07,7.9817698609054e-07,4.4613953550556083e-07,3.470151300132312e-09,9.312064837722967e-07,5.204961247564876e-07
baseline,2,112149004,49.0,4,gray_matter,1.872669703126921e-07,6.030315171961201e-07,3.3706334016823294e-07,6.741610931256915e-09,1.80909455158836e-06,1.0111900205046988e-06
baseline,2,112149004,50.0,4,gray_matter,1.5817497716911277e-07,5.093503478241887e-07,2.847004255295612e-07,5.694299178088059e-09,1.5280510434725658e-06,8.541012765886834e-07
baseline,2,112149004,51.0,4,gray_matter,1.2991644521156253e-07,4.1835306532614626e-07,2.3383766444596883e-07,4.6769920276162505e-09,1.2550591959784386e-06,7.015129933379064e-07
baseline,2,112149004,52.0,4,gray_matter,1.1245664873111984e-07,3.6212954900633727e-07,2.024116350157447e-07,4.048439354320314e-09,1.0863886470190118e-06,6.072349050472341e-07
baseline,2,112149004,53.0,4,gray_matter,1.0207800804406983e-07,3.287085595521122e-07,1.837310353854857e-07,3.6748082895865136e-09,9.861256786563366e-07,5.51193106156457e-07
baseline,2,112149004,54.0,4,gray_matter,8.775087471418306e-08,2.8257275175554026e-07,1.5794351179206345e-07,3.15903148971059e-09,8.477182552666206e-07,4.738305353761903e-07
baseline,2,112149004,55.0,4,gray_matter,6.867573639056004e-08,2.2114755976993233e-07,1.2361001546435745e-07,2.4723265100601615e-09,6.63442679309797e-07,3.708300463930723e-07
baseline,2,112149004,56.0,4,gray_matter,5.430769967034898e-08,1.748800360947698e-07,9.774886952662166e-08,1.955077188132563e-09,5.246401082843093e-07,2.93246608579865e-07
baseline,2,112149004,57.0,4,gray_matter,4.33385715767467e-08,1.3955757669064468e-07,7.80054468195144e-08,1.560188576762881e-09,4.1867273007193404e-07,2.3401634045854318e-07
baseline,2,112149004,58.0,4,gray_matter,3.527086015100158e-08,1.1357817277737586e-07,6.34843075276552e-08,1.2697509654360569e-09,3.4073451833212753e-07,1.9045292258296556e-07
baseline,2,112149004,59.0,4,gray_matter,2.4828014692262148e-08,7.99504330306756e-08,4.4688145207594335e-08,8.938085289214372e-10,2.3985129909202676e-07,1.34064435622783e-07
baseline,2,112149004,60.0,4,gray_matter,2.121613490428399e-08,6.831956537239293e-08,3.8187093454638545e-08,7.637808565542236e-10,2.049586961171788e-07,1.1456128036391563e-07
baseline,2,112149004,61.0,4,gray_matter,1.628109659792659e-08,5.242790208369618e-08,2.930447794256249e-08,5.861194775253572e-10,1.5728370625108853e-07,8.791343382768747e-08
baseline,2,112149004,62.0,4,gray_matter,1.1330814903897185e-08,3.6487152492274985e-08,2.0394425733264147e-08,4.0790933654029863e-10,1.0946145747682495e-07,6.118327719979244e-08
baseline,2,112149004,63.0,4,gray_matter,8.124215756934635e-09,2.6161357476721432e-08,1.4622841896290253e-08,2.924717672496468e-10,7.848407243016428e-08,4.386852568887075e-08
baseline,2,112149004,64.0,4,gray_matter,6.794485398816675e-09,2.1879399403823267e-08,1.222944942947165e-08,2.4460147435740026e-10,6.563819821146978e-08,3.6688348288414946e-08
baseline,2,112149004,65.0,4,gray_matter,5.166755617240874e-09,1.6637832467967104e-08,9.299685381101917e-09,1.8600320222067145e-10,4.99134974039013e-08,2.7899056143305747e-08
baseline,2,112149004,66.0,4,gray_matter,3.507383614920081e-09,1.1294372195814393e-08,6.312968242730038e-09,1.262658101371229e-10,3.3883116587443174e-08,1.893890472819011e-08
baseline,2,112149004,67.0,4,gray_matter,2.9082159844070462e-09,9.36495044738879e-09,5.234521560305543e-09,1.0469577543865365e-10,2.8094851342166367e-08,1.5703564680916627e-08
baseline,2,112149004,68.0,4,gray_matter,1.8040384532831361e-09,5.809310866443484e-09,3.2471034579146713e-09,6.49453843181929e-11,1.742793259933045e-08,9.741310373744014e-09
baseline,2,112149004,69.0,4,gray_matter,1.7977917742378046e-09,5.78919549673438e-09,3.2358600095881318e-09,6.472050387256097e-11,1.736758649020314e-08,9.707580028764395e-09
baseline,2,112149004,70.0,4,gray_matter,1.4779582231197457e-09,4.7592770265476806e-09,2.6601890044038622e-09,5.320649603231084e-11,1.427783107964304e-08,7.980567013211586e-09
baseline,2,112149004,71.0,4,gray_matter,1.7063495379841015e-09,5.4947359325528194e-09,3.0712723861932503e-09,6.142858336742765e-11,1.6484207797658454e-08,9.213817158579748e-09
baseline,2,112149004,72.0,5,white_matter,1.4157327490178428e-09,4.558900409180175e-09,2.54818886839847e-09,1.98202584862498e-11,5.318717144043537e-09,2.9728870131315484e-09
baseline,2,112149004,73.0,5,white_matter,1.2122366395414895e-09,3.903608301681835e-09,2.1819145688954184e-09,1.6971312953580853e-11,4.554209685295474e-09,2.5455669970446547e-09
baseline,2,112149004,74.0,5,white_matter,7.504127422429895e-10,2.4164567500744206e-09,1.3506739868909087e-09,1.0505778391401852e-11,2.8191995417534905e-09,1.5757863180393935e-09
baseline,2,112149004,75.0,5,white_matter,6.287136106159377e-10,2.0245648330750167e-09,1.131626731876887e-09,8.801990548623127e-12,2.361992305254186e-09,1.3202311871897015e-09
baseline,2,112149004,76.0,5,white_matter,3.981119620183625e-10,1.28198827625069e-09,7.165649524567721e-10,5.573567468257075e-12,1.4956529889591384e-09,8.359924445329008e-10
baseline,2,112149004,77.0,5,white_matter,2.4978667958332635e-10,8.043556218856896e-10,4.4959307244253456e-10,3.497013514166569e-12,9.384148921999711e-10,5.24525251182957e-10
baseline,2,112149004,78.0,5,white_matter,1.5444685952234904e-10,4.973451744769634e-10,2.779901563109154e-10,2.1622560333128867e-12,5.802360368897907e-10,3.243218490294013e-10
baseline,2,112149004,79.0,5,white_matter,1.9566638502507826e-10,6.300790621481856e-10,3.521815148986072e-10,2.739329390351096e-12,7.350922391728832e-10,4.1087843404837507e-10
baseline,2,112149004,80.0,5,white_matter,1.6485694951356033e-10,5.30867436043251e-10,2.9672736179905134e-10,2.3079972931898446e-12,6.193453420504595e-10,3.461819220988932e-10
baseline,2,112149004,81.0,4,gray_matter,1.508861190735902e-10,4.85878984194869e-10,2.7158115066978847e-10,5.431900286649247e-12,1.457636952584607e-09,8.147434520093654e-10
baseline,2,112149004,82.0,4,gray_matter,1.8476813101675236e-10,5.949848293614011e-10,3.325656590329709e-10,6.651652716603085e-12,1.7849544880842032e-09,9.976969770989125e-10
baseline,2,112149004,83.0,3,CSF,9.789201325111136e-11,3.152289438635696e-10,1.761966293741882e-10,2.936760397533341e-13,7.880723596589241e-11,4.404915734354706e-11
baseline,2,112149004,84.0,3,CSF,9.005259539274473e-11,2.8998468409276485e-10,1.6208639752762503e-10,2.701577861782342e-13,7.249617102319121e-11,4.052159938190626e-11
baseline,2,112149004,85.0,3,CSF,1.1796032945081992e-10,3.798523376487871e-10,2.1231775462404535e-10,3.5388098835245977e-13,9.496308441219678e-11,5.307943865601134e-11
baseline,2,112149004,86.0,3,CSF,1.3152006271133492e-10,4.235169866106914e-10,2.367240286025682e-10,3.9456018813400475e-13,1.0587924665267284e-10,5.918100715064205e-11
baseline,2,112149004,87.0,3,CSF,1.69472698995785e-10,5.457309349753662e-10,3.050352867644663e-10,5.08418096987355e-13,1.3643273374384155e-10,7.625882169111658e-11
baseline,2,112149004,88.0,3,CSF,1.3111926695737885e-10,4.222263560676206e-10,2.3600263307121475e-10,3.9335780087213654e-13,1.0555658901690514e-10,5.900065826780369e-11
baseline,2,112149004,89.0,3,CSF,6.298157006526146e-11,2.0281137505685517e-10,1.1336103926810757e-10,1.889447101957844e-13,5.07028437642138e-11,2.8340259817026893e-11
baseline,2,112149004,90.0,3,CSF,5.300791225479794e-11,1.706944993932181e-10,9.540937160521713e-11,1.5902373676439382e-13,4.267362484830452e-11,2.3852342901304282e-11
baseline,2,112149004,91.0,4,gray_matter,4.7156155725113594e-11,1.518508474002073e-10,8.487674752071785e-11,1.6976216061040892e-12,4.555525422006218e-10,2.546302425621535e-10
baseline,2,112149004,92.0,3,CSF,5.1347833749413956e-11,1.6534876406095526e-10,9.242138282624616e-11,1.5404350124824187e-13,4.1337191015238816e-11,2.310534570656154e-11
baseline,2,112149004,93.0,3,CSF,2.1682190305608586e-11,6.982034308716525e-11,3.902595035509254e-11,6.504657091682575e-14,1.7455085771791313e-11,9.756487588773134e-12
baseline,2,112149004,94.0,3,CSF,2.4588640829539075e-11,7.917960845133863e-11,4.425729424875367e-11,7.376592248861723e-14,1.9794902112834654e-11,1.1064323562188416e-11
baseline,2,112149004,95.0,3,CSF,4.1441396388186393e-11,1.334483496847608e-10,7.459070579565594e-11,1.2432418916455918e-13,3.3362087421190194e-11,1.8647676448913986e-11
baseline,2,112149004,96.0,3,CSF,4.207760641385897e-11,1.3549705425020607e-10,7.573582538585194e-11,1.2623281924157691e-13,3.387426356255152e-11,1.8933956346462986e-11
baseline,2,112149004,97.0,3,CSF,3.4407046154839986e-11,1.1079654468881983e-10,6.192952170320293e-11,1.0322113846451996e-13,2.769913617220496e-11,1.548238042580073e-11
baseline,2,112149004,98.0,3,CSF,1.556224511196151e-11,5.0113077950554175e-11,2.8010611317072125e-11,4.668673533588453e-14,1.2528269487638544e-11,7.002652829268031e-12
baseline,2,112149004,99.0,3,CSF,1.5366017129367018e-10,4.948119044864872e-10,2.7657418978149074e-10,4.609805138810106e-13,1.237029761216218e-10,6.914354744537268e-11
baseline,2,112149004,100.0,3,CSF,1.2118375238847507e-10,3.902323081337756e-10,2.181196197384686e-10,3.635512571654252e-13,9.755807703344389e-11,5.452990493461715e-11
baseline,3,9573696,0.0,1,scalp,0.31054169030948553,1.0,0.55893581539437,0.0037265002837138265,1.0,0.55893581539437
baseline,3,9573696,1.0,1,scalp,0.5555945454852911,1.7891141924666738,1.0,0.006667134545823493,1.7891141924666736,1.0
baseline,3,9573696,2.0,1,scalp,0.3667283684548813,1.18093119184545,0.6600647386387817,0.004400740421458576,1.1809311918454497,0.6600647386387816
baseline,3,9573696,3.0,1,scalp,0.144782928773393,0.4662270261654803,0.260590983028695,0.001737395145280716,0.4662270261654803,0.260590983028695
baseline,3,9573696,4.0,1,scalp,0.06591298958238469,0.21225166101432588,0.11863505521785163,0.0007909558749886163,0.21225166101432585,0.11863505521785163
baseline,3,9573696,5.0,1,scalp,0.0360112066553905,0.11596255117791679,0.06481562309784028,0.00043213447986468605,0.11596255117791679,0.06481562309784028
baseline,3,9573696,6.0,1,scalp,0.021275967486571387,0.06851243536855801,0.03829405392737904,0.00025531160983885664,0.06851243536855801,0.03829405392737904
baseline,3,9573696,7.0,1,scalp,0.013176862405358576,0.042431862827263314,0.023716687848058478,0.0001581223488643029,0.042431862827263314,0.023716687848058478
baseline,3,9573696,8.0,1,scalp,0.008362489871929396,0.026928718857668826,0.015051425432236872,0.00010034987846315275,0.026928718857668826,0.015051425432236872
baseline,3,9573696,9.0,1,scalp,0.005322559273565664,0.017139596516851593,0.009579934354676948,6.387071128278797e-05,0.017139596516851593,0.009579934354676948
baseline,3,9573696,10.0,1,scalp,0.0033483025294139337,0.01078213532642596,0.006026521600368334,4.017963035296721e-05,0.01078213532642596,0.006026521600368335
baseline,3,9573696,11.0,2,skull,0.002093891745025067,0.006742707373487587,0.003768740643765915,5.234729362562667e-05,0.01404730702809914,0.007851543007845657
baseline,3,9573696,12.0,2,skull,0.0013251628734918723,0.004267262383260735,0.0023851257796895613,3.312907183729681e-05,0.00889012996512653,0.004969012041019919
baseline,3,9573696,13.0,2,skull,0.0008313611255035375,0.0026771320935202094,0.001496345009610155,2.078402813758844e-05,0.005577358528167103,0.003117385436687823
baseline,3,9573696,14.0,2,skull,0.0005118534075503683,0.0016482598746733674,0.0009212714770323806,1.2796335188759207e-05,0.0034338747389028486,0.0019193155771507929
baseline,3,9573696,15.0,2,skull,0.000301785485786683,0.0009718034492757604,0.0005431757533240083,7.5446371446670755e-06,0.0020245905193245007,0.0011316161527583507
baseline,3,9573696,16.0,2,skull,0.00016898684657903583,0.0005441679872696762,0.00030415497767608956,4.224671164475896e-06,0.0011336833068118252,0.0006336562034918532
baseline,3,9573696,17.0,3,CSF,0.00010554454855943478,0.00033987239669575184,0.00018996685517717882,3.1663364567830434e-07,8.496809917393796e-05,4.7491713794294704e-05
baseline,3,9573696,18.0,3,CSF,8.912824494287722e-05,0.0002870089515325691,0.00016041958235033974,2.6738473482863166e-07,7.175223788314228e-05,4.010489558758493e-05
baseline,3,9573696,19.0,3,CSF,8.444124658025704e-05,0.00027191597526278347,0.00015198357735225922,2.5332373974077113e-07,6.797899381569588e-05,3.7995894338064805e-05
baseline,3,9573696,20.0,3,CSF,8.257139259046137e-05,0.00026589470968671166,0.00014861807636779145,2.477141777713841e-07,6.647367742167791e-05,3.715451909194786e-05
baseline,3,9573696,21.0,3,CSF,8.119896838294683e-05,0.0002614752573222102,0.00014614788615684225,2.435969051488405e-07,6.536881433055255e-05,3.653697153921056e-05
baseline,3,9573696,22.0,4,gray_matter,7.343763676609442e-05,0.0002364823759827756,0.00013217846964633066,2.643754923579399e-06,0.0007094471279483267,0.00039653540893899193
baseline,3,9573696,23.0,4,gray_matter,5.702560025511814e-05,0.00018363267166571576,0.00010263887707052346,2.052921609184253e-06,0.0005508980149971473,0.00030791663121157036
baseline,3,9573696,24.0,4,gray_matter,4.338534896542689e-05,0.00013970861343025825,7.808814776525822e-05,1.5618725627553677e-06,0.00041912584029077463,0.0002342644432957746
baseline,3,9573696,25.0,5,white_matter,3.3374074914823235e-05,0.00010747051348101656,6.006911908336362e-05,4.672370488075253e-07,0.00012538226572785265,7.00806389305909e-05
baseline,3,9573696,26.0,5,white_matter,2.5590866127208787e-05,8.240718372372146e-05,4.606032642897191e-05,3.58272125780923e-07,9.61417143443417e-05,5.373704750046722e-05
baseline,3,9573696,27.0,5,white_matter,1.9600672350087266e-05,6.311768423284248e-05,3.5278734302488176e-05,2.7440941290122174e-07,7.363729827164955e-05,4.115852335290287e-05
baseline,3,9573696,28.0,5,white_matter,1.5013368752736462e-05,4.8345743007240524e-05,2.702216728859864e-05,2.101871625383105e-07,5.6403366841780614e-05,3.1525861836698416e-05
baseline,3,9573696,29.0,5,white_matter,1.1687156814845367e-05,3.763474335184419e-05,2.1035405962520874e-05,1.6362019540783514e-07,4.390720057715155e-05,2.4541306956274354e-05
baseline,3,9573696,30.0,5,white_matter,9.01856019230258e-06,2.9041383085519668e-05,1.62322691350852e-05,1.2625984269223612e-07,3.3881613599772944e-05,1.8937647324266064e-05
baseline,3,9573696,31.0,5,white_matter,6.924458426303693e-06,2.229799940678749e-05,1.2463150480095943e-05,9.69424179682517e-08,2.601433264125207e-05,1.45403422267786e-05
baseline,3,9573696,32.0,5,white_matter,5.412276053459993e-06,1.742850065659823e-05,9.741413225597044e-06,7.577186474843991e-08,2.0333250766031272e-05,1.1364982096529885e-05
baseline,3,9573696,33.0,4,gray_matter,4.312955793644436e-06,1.388849203901141e-05,7.762775622423057e-06,1.552664085711997e-07,4.166547611703422e-05,2.328832686726917e-05
baseline,3,9573696,34.0,5,white_matter,3.452742719643755e-06,1.1118451491014797e-05,6.214500750053104e-06,4.833839807501257e-08,1.2971526739517263e-05,7.250250875061955e-06
baseline,3,9573696,35.0,5,white_matter,2.8407521981198217e-06,9.147732129907359e-06,5.1129951170390465e-06,3.977053077367751e-08,1.0672354151558586e-05,5.965160969878888e-06
baseline,3,9573696,36.0,5,white_matter,2.3479988384022217e-06,7.560977838634833e-06,4.226101313416121e-06,3.28719837376311e-08,8.821140811740637e-06,4.9304515323188075e-06
baseline,3,9573696,37.0,5,white_matter,1.8993202632737239e-06,6.116152267287729e-06,3.4185365545925917e-06,2.6590483685832135e-08,7.135510978502351e-06,3.98829264702469e-06
baseline,3,9573696,38.0,5,white_matter,1.549625456365081e-06,4.990072201966588e-06,2.789130075082974e-06,2.1694756389111132e-08,5.821750902294353e-06,3.2539850875968032e-06
baseline,3,9573696,39.0,5,white_matter,1.2823700329472737e-06,4.129461753329368e-06,2.308104072237015e-06,1.7953180461261833e-08,4.817705378884263e-06,2.6927880842765176e-06
baseline,3,9573696,40.0,5,white_matter,1.0818424734481077e-06,3.4837270073784446e-06,1.947179795480459e-06,1.514579462827351e-08,4.064348175274852e-06,2.271709761393869e-06
baseline,3,9573696,41.0,5,white_matter,9.341923050827412e-07,3.008266954919084e-06,1.6814281433716364e-06,1.3078692271158376e-08,3.509644780738931e-06,1.961666167266909e-06
baseline,3,9573696,42.0,5,white_matter,7.769665128374744e-07,2.501971674280353e-06,1.398441577857506e-06,1.0877531179724641e-08,2.918966953327078e-06,1.6315151741670903e-06
baseline,3,9573696,43.0,5,white_matter,6.566429414771686e-07,2.1145081706187627e-06,1.1818743485028557e-06,9.19300118068036e-09,2.466926199055223e-06,1.3788534065866648e-06
baseline,3,9573696,44.0,5,white_matter,5.504594323049608e-07,1.77257820602565e-06,9.90757444935236e-07,7.706432052269452e-09,2.068007907029925e-06,1.1558836857577756e-06
baseline,3,9573696,45.0,5,white_matter,4.540942499809298e-07,1.4622650167466402e-06,8.173122894579454e-07,6.357319499733018e-09,1.7059758528710803e-06,9.53531004367603e-07
baseline,3,9573696,46.0,5,white_matter,3.7676956586418114e-07,1.2132656503823786e-06,6.781376255864554e-07,5.274773922098536e-09,1.4154765921127749e-06,7.911605631841979e-07
baseline,3,9573696,47.0,5,white_matter,2.8539455860918393e-07,9.190217208026401e-07,5.136741548819607e-07,3.995523820528575e-09,1.07219200760308e-06,5.99286514028954e-07
baseline,3,9573696,48.0,5,white_matter,2.2112788252976775e-07,7.120714848605092e-07,3.9800225600958843e-07,3.0957903554167486e-09,8.30750065670594e-07,4.6433596534451987e-07
baseline,3,9573696,49.0,4,gray_matter,1.7915478622430828e-07,5.769105785627779e-07,3.2245598463862397e-07,6.449572304075098e-09,1.7307317356883333e-06,9.67367953915872e-07
baseline,3,9573696,50.0,4,gray_matter,1.5861987094224033e-07,5.10784464347315e-07,2.8549573107074296e-07,5.710315353920652e-09,1.5323533930419446e-06,8.564871932122289e-07
baseline,3,9573696,51.0,4,gray_matter,1.3658427064493438e-07,4.3982587493748305e-07,2.4583443403972427e-07,4.917033743217637e-09,1.319477624812449e-06,7.375033021191727e-07
baseline,3,9573696,52.0,4,gray_matter,1.2104863427674256e-07,3.897983364362628e-07,2.1787225101537147e-07,4.3577508339627315e-09,1.169395009308788e-06,6.536167530461144e-07
baseline,3,9573696,53.0,4,gray_matter,1.0064914227973544e-07,3.2410830951370363e-07,1.8115574225413278e-07,3.6233691220704755e-09,9.72324928541111e-07,5.434672267623982e-07
baseline,3,9573696,54.0,4,gray_matter,8.420284828933403e-08,2.711482899620259e-07,1.51554490542714e-07,3.031302538416025e-09,8.134448698860776e-07,4.5466347162814197e-07
baseline,3,9573696,55.0,4,gray_matter,6.815286982065296e-08,2.1946447754802867e-07,1.226665567084068e-07,2.4535033135435064e-09,6.58393432644086e-07,3.6799967012522036e-07
baseline,3,9573696,56.0,4,gray_matter,5.674991953880534e-08,1.8274493026121043e-07,1.0214268660473693e-07,2.042997103396992e-09,5.482347907836313e-07,3.0642805981421076e-07
baseline,3,9573696,57.0,4,gray_matter,4.216276957878808e-08,1.3577168829334544e-07,7.588765930371126e-08,1.5178597048363709e-09,4.073150648800363e-07,2.2766297791113377e-07
baseline,3,9573696,58.0,4,gray_matter,3.202726091331794e-08,1.031335305781314e-07,5.764502400818806e-08,1.1529813928794456e-09,3.094005917343941e-07,1.7293507202456414e-07
baseline,3,9573696,59.0,4,gray_matter,2.7270374184451144e-08,8.781550122070089e-08,4.908322877905774e-08,9.817334706402411e-10,2.6344650366210264e-07,1.4724968633717321e-07
baseline,3,9573696,60.0,4,gray_matter,2.1759338106085422e-08,7.00689755517209e-08,3.916405998384929e-08,7.833361718190751e-10,2.1020692665516264e-07,1.1749217995154786e-07
baseline,3,9573696,61.0,4,gray_matter,1.9525714248086647e-08,6.287630568580772e-08,3.51438191874826e-08,7.029257129311192e-10,1.8862891705742315e-07,1.0543145756244779e-07
baseline,3,9573696,62.0,4,gray_matter,1.5064388030884277e-08,4.8510034243296364e-08,2.7113995544585658e-08,5.423179691118339e-10,1.4553010272988906e-07,8.134198663375698e-08
baseline,3,9573696,63.0,4,gray_matter,9.334333530213692e-09,3.0058229930129844e-08,1.6800621255308582e-08,3.3603600708769287e-10,9.017468979038953e-08,5.040186376592574e-08
baseline,3,9573696,64.0,4,gray_matter,7.62002507503398e-09,2.453784890344311e-08,1.3715082584869822e-08,2.7432090270122324e-10,7.361354671032933e-08,4.114524775460946e-08
baseline,3,9573696,65.0,4,gray_matter,5.853512420514676e-09,1.884936098171254e-08,1.053558294997632e-08,2.1072644713852833e-10,5.654808294513762e-08,3.160674884992896e-08
baseline,3,9573696,66.0,4,gray_matter,3.6971734054051937e-09,1.1905562186257809e-08,6.6544451083043855e-09,1.3309824259458695e-10,3.5716686558773415e-08,1.9963335324913152e-08
baseline,3,9573696,67.0,4,gray_matter,2.4629098124555075e-09,7.931011807145681e-09,4.432926551329347e-09,8.866475324839826e-11,2.3793035421437042e-08,1.329877965398804e-08
baseline,3,9573696,68.0,4,gray_matter,2.1331586736804456e-09,6.8691539340645115e-09,3.839416155205792e-09,7.679371225249604e-11,2.0607461802193533e-08,1.1518248465617375e-08
baseline,3,9573696,69.0,4,gray_matter,1.8250738320730617e-09,5.8770654280080556e-09,3.2849023571297443e-09,6.570265795463022e-11,1.7631196284024167e-08,9.854707071389233e-09
baseline,3,9573696,70.0,4,gray_matter,1.6871225298011129e-09,5.432837465783509e-09,3.0366074388427885e-09,6.073641107284006e-11,1.6298512397350527e-08,9.109822316528364e-09
baseline,3,9573696,71.0,4,gray_matter,1.708607773566193e-09,5.502023808344046e-09,3.075278163636016e-09,6.150987984838294e-11,1.6506071425032135e-08,9.225834490908047e-09
baseline,3,9573696,72.0,5,white_matter,1.5343145528663405e-09,4.940768343655386e-09,2.7615723828357135e-09,2.1480403740128768e-11,5.764229734264616e-09,3.2218344466416657e-09
baseline,3,9573696,73.0,5,white_matter,1.390940588759648e-09,4.479078436693759e-09,2.503517358228766e-09,1.947316824263507e-11,5.2255915094760525e-09,2.920770251266894e-09
baseline,3,9573696,74.0,5,white_matter,1.1361012672372342e-09,3.6584500654485293e-09,2.04483877041106e-09,1.590541774132128e-11,4.268191743023284e-09,2.3856452321462363e-09
baseline,3,9573696,75.0,5,white_matter,7.003065218912282e-10,2.255112739269576e-09,1.2604632777298714e-09,9.804291306477194e-12,2.6309648624811716e-09,1.47054049068485e-09
baseline,3,9573696,76.0,5,white_matter,5.934375656600174e-10,1.9109755120756836e-09,1.0681126560406959e-09,8.308125919240244e-12,2.229471430754964e-09,1.2461314320474785e-09
baseline,3,9573696,77.0,5,white_matter,2.5584528551251613e-10,8.238677559123897e-10,4.604891959280213e-10,3.581833997175226e-12,9.611790485644546e-10,5.372373952493582e-10
baseline,3,9573696,78.0,5,white_matter,1.6235200135792599e-10,5.228025943831443e-10,2.9221309438183485e-10,2.2729280190109637e-12,6.099363601136684e-10,3.409152767788073e-10
baseline,3,9573696,79.0,5,white_matter,2.115605105093604e-10,6.812628291503129e-10,3.807821949090055e-10,2.961847147131046e-12,7.948066340086983e-10,4.442458940605064e-10
baseline,3,9573696,80.0,5,white_matter,2.2535408467573556e-10,7.2568061457754e-10,4.056088860247848e-10,3.154957185460298e-12,8.466273836737967e-10,4.732103670289157e-10
baseline,3,9573696,81.0,4,gray_matter,3.408094527150384e-10,1.0974676294683269e-09,6.134139643458055e-10,1.2269140297741381e-11,3.2924028884049805e-09,1.8402418930374165e-09
baseline,3,9573696,82.0,4,gray_matter,6.724958976040371e-11,2.1655575357171154e-10,1.2104076670094682e-10,2.420985231374533e-12,6.496672607151344e-10,3.631223001028404e-10
baseline,3,9573696,83.0,3,CSF,1.1276667696874134e-10,3.6312894689392004e-10,2.0296577402545206e-10,3.38300030906224e-13,9.078223672348001e-11,5.0741443506363016e-11
baseline,3,9573696,84.0,3,CSF,1.539482985422505e-10,4.95741162446903e-10,2.770874908568125e-10,4.618448956267515e-13,1.2393529061172575e-10,6.927187271420313e-11
baseline,3,9573696,85.0,3,CSF,1.1665018200031285e-10,3.7563453037194263e-10,2.0995559252372297e-10,3.4995054600093853e-13,9.390863259298566e-11,5.2488898130930744e-11
baseline,3,9573696,86.0,3,CSF,7.251266471415825e-11,2.335037998984684e-10,1.3051363679393424e-10,2.1753799414247476e-13,5.83759499746171e-11,3.262840919848356e-11
baseline,3,9573696,87.0,3,CSF,5.642661300018535e-11,1.8170382515774498e-10,1.0156077567482022e-10,1.6927983900055606e-13,4.542595628943625e-11,2.539019391870506e-11
baseline,3,9573696,88.0,3,CSF,7.367792566040028e-11,2.372561493658804e-10,1.326109593031468e-10,2.2103377698120084e-13,5.93140373414701e-11,3.31527398257867e-11
baseline,3,9573696,89.0,3,CSF,6.333173384480874e-11,2.039395540794938e-10,1.1398912095058607e-10,1.8999520153442623e-13,5.098488851987345e-11,2.8497280237646517e-11
baseline,3,9573696,90.0,3,CSF,4.5694604438781796e-11,1.4714483067713902e-10,8.224451591559321e-11,1.3708381331634539e-13,3.6786207669284756e-11,2.05611289788983e-11
baseline,3,9573696,91.0,4,gray_matter,4.2367785620983866e-11,1.364318767594785e-10,7.62566622823433e-11,1.525240282355419e-12,4.0929563027843545e-10,2.2876998684702988e-10
baseline,3,9573696,92.0,3,CSF,2.4031431813107775e-11,7.738552523868236e-11,4.325354164900452e-11,7.209429543932333e-14,1.9346381309670593e-11,1.0813385412251132e-11
baseline,3,9573696,93.0,3,CSF,1.803646040956007e-11,5.808064093289681e-11,3.24633503984563e-11,5.410938122868021e-14,1.4520160233224203e-11,8.115837599614075e-12
baseline,3,9573696,94.0,3,CSF,1.0949321014475482e-10,3.52587795975587e-10,1.970739472417185e-10,3.284796304342645e-13,8.814694899389677e-11,4.9268486810429623e-11
baseline,3,9573696,95.0,3,CSF,2.3160291270087124e-11,7.458029627843399e-11,4.168559871274019e-11,6.948087381026137e-14,1.8645074069608497e-11,1.042139967818505e-11
baseline,3,9573696,96.0,3,CSF,1.1614805048123275e-11,3.7401757672369116e-11,2.0905181921788263e-11,3.4844415144369826e-14,9.350439418092279e-12,5.2262954804470666e-12
baseline,3,9573696,97.0,3,CSF,1.2529755610400855e-11,4.0348062760635174e-11,2.2551977358698836e-11,3.7589266831202566e-14,1.0087015690158795e-11,5.637994339674709e-12
baseline,3,9573696,98.0,3,CSF,1.0737121749122433e-11,3.457545986312443e-11,1.9325462851230763e-11,3.22113652473673e-14,8.643864965781107e-12,4.831365712807691e-12
baseline,3,9573696,99.0,3,CSF,3.801327868385088e-11,1.2240958257800067e-10,6.841909985031926e-11,1.1403983605155264e-13,3.060239564450017e-11,1.7104774962579817e-11
baseline,3,9573696,100.0,3,CSF,1.0659987712707032e-11,3.4327074416588956e-11,1.9186631329139364e-11,3.1979963138121094e-14,8.581768604147239e-12,4.796657832284841e-12
inner_scalp_transparent_2mm,1,873963303,0.0,1,scalp,0.30712512193852953,1.0,0.5581638684680159,0.0036855014632623546,1.0,0.5581638684680159
inner_scalp_transparent_2mm,1,873963303,1.0,1,scalp,0.5502418542093943,1.7915885575766222,1.0,0.006602902250512732,1.7915885575766222,1.0
inner_scalp_transparent_2mm,1,873963303,2.0,1,scalp,0.36632483624193257,1.1927543859966354,0.665752402220075,0.004395898034903191,1.1927543859966354,0.665752402220075
inner_scalp_transparent_2mm,1,873963303,3.0,1,scalp,0.1442216566620557,0.46958599723705235,0.26210593679624417,0.0017306598799446684,0.46958599723705235,0.26210593679624417
inner_scalp_transparent_2mm,1,873963303,4.0,1,scalp,0.06503407786809502,0.21175108521767705,0.11819180487739911,0.0007804089344171402,0.21175108521767702,0.11819180487739911
inner_scalp_transparent_2mm,1,873963303,5.0,1,scalp,0.03466542783518047,0.11287070108878519,0.06300034715641344,0.00041598513402216566,0.11287070108878519,0.06300034715641344
inner_scalp_transparent_2mm,1,873963303,6.0,1,scalp,0.019193261884309212,0.06249329837677917,0.03488150117530904,0.00023031914261171054,0.062493298376779166,0.03488150117530903
inner_scalp_transparent_2mm,1,873963303,7.0,1,scalp,0.010292973414679444,0.03351394164603559,0.018706271316762568,0.00012351568097615333,0.03351394164603559,0.018706271316762568
inner_scalp_transparent_2mm,1,873963303,8.0,6,transparent_tissue_control,0.005469781024057047,0.017809617752961977,0.009940685140929908,0.0,0.0,0.0
inner_scalp_transparent_2mm,1,873963303,9.0,6,transparent_tissue_control,0.0037155891325605195,0.012097965510304908,0.006752647229824421,0.0,0.0,0.0
inner_scalp_transparent_2mm,1,873963303,10.0,6,transparent_tissue_control,0.003348616041550697,0.010903100405511327,0.006085716700635395,0.0,0.0,0.0
inner_scalp_transparent_2mm,1,873963303,11.0,2,skull,0.0026286879114696265,0.00855901300055732,0.004777331806659114,6.571719778674066e-05,0.017831277084494414,0.009952774597206487
inner_scalp_transparent_2mm,1,873963303,12.0,2,skull,0.0016953950150993837,0.00552020949767409,0.0030811814879756526,4.2384875377484597e-05,0.011500436453487688,0.006419128099949277
inner_scalp_transparent_2mm,1,873963303,13.0,2,skull,0.0010654862817313252,0.0034692254251496237,0.001936396283889111,2.663715704328313e-05,0.007227552969061716,0.004034158924768981
inner_scalp_transparent_2mm,1,873963303,14.0,2,skull,0.0006555278243428682,0.002134399883035523,0.0011913448955727882,1.6388195608571705e-05,0.004446666422990673,0.002481968532443309
inner_scalp_transparent_2mm,1,873963303,15.0,2,skull,0.0003840106806514422,0.0012503395301160065,0.0006978943490280314,9.600267016286057e-06,0.0026048740210750138,0.0014539465604750657
inner_scalp_transparent_2mm,1,873963303,16.0,2,skull,0.0002137540353409895,0.0006959835587261791,0.00038847287552874066,5.343850883524737e-06,0.0014499657473462065,0.0008093184906848764
inner_scalp_transparent_2mm,1,873963303,17.0,3,CSF,0.00014371982836274813,0.00046795204330928476,0.0002611939227510229,4.311594850882444e-07,0.00011698801082732119,6.529848068775572e-05
inner_scalp_transparent_2mm,1,873963303,18.0,3,CSF,0.00013258370660859938,0.00043169280901461307,0.0002409553282694208,3.9775111982579816e-07,0.00010792320225365327,6.02388320673552e-05
inner_scalp_transparent_2mm,1,873963303,19.0,3,CSF,0.00012699279783912995,0.00041348879908478244,0.00023079450766535635,3.8097839351738986e-07,0.00010337219977119561,5.769862691633909e-05
inner_scalp_transparent_2mm,1,873963303,20.0,3,CSF,0.000123720164003983,0.00040283309689249496,0.00022484687970846605,3.7116049201194897e-07,0.00010070827422312373,5.6211719927116505e-05
inner_scalp_transparent_2mm,1,873963303,21.0,3,CSF,0.00012152515048552637,0.0003956861285670059,0.00022085770022009271,3.645754514565791e-07,9.892153214175148e-05,5.521442505502317e-05
inner_scalp_transparent_2mm,1,873963303,22.0,4,gray_matter,0.00010930405202343836,0.0003558942079811867,0.00019864728789213977,3.93494587284378e-06,0.00106768262394356,0.0005959418636764192
inner_scalp_transparent_2mm,1,873963303,23.0,4,gray_matter,8.514200797367691e-05,0.0002772225451186566,0.00015473560820997845,3.0651122870523685e-06,0.0008316676353559697,0.00046420682462993524
inner_scalp_transparent_2mm,1,873963303,24.0,4,gray_matter,6.494391735866983e-05,0.0002114575224219796,0.00011802794873171434,2.3379810249121135e-06,0.0006343725672659387,0.00035408384619514297
inner_scalp_transparent_2mm,1,873963303,25.0,5,white_matter,5.0266978783539423e-05,0.00016366938160662824,9.135433518732354e-05,7.037377029695519e-07,0.0001909476118743996,0.00010658005771854414
inner_scalp_transparent_2mm,1,873963303,26.0,5,white_matter,3.831582645166749e-05,0.00012475640615076852,6.963451827327991e-05,5.364215703233449e-07,0.00014554914050922993,8.124027131882658e-05
inner_scalp_transparent_2mm,1,873963303,27.0,5,white_matter,2.9282216781868866e-05,9.534295533053022e-05,5.321699277846198e-05,4.099510349461641e-07,0.00011123344788561858,6.208649157487231e-05
inner_scalp_transparent_2mm,1,873963303,28.0,5,white_matter,2.2850584228547244e-05,7.440154710991288e-05,4.15282553548743e-05,3.199081791996614e-07,8.680180496156503e-05,4.844963124735335e-05
inner_scalp_transparent_2mm,1,873963303,29.0,5,white_matter,1.7987382635641778e-05,5.856695317565691e-05,3.268995714890981e-05,2.518233568989849e-07,6.83281120382664e-05,3.813828334039478e-05
inner_scalp_transparent_2mm,1,873963303,30.0,5,white_matter,1.4031621505643469e-05,4.568698717017317e-05,2.5500825497552466e-05,1.9644270107900857e-07,5.3301485031868697e-05,2.9750963080477877e-05
inner_scalp_transparent_2mm,1,873963303,31.0,5,white_matter,1.0990345500373502e-05,3.578458652618198e-05,1.9973663246982173e-05,1.5386483700522902e-07,4.1748684280545645e-05,2.33026071214792e-05
inner_scalp_transparent_2mm,1,873963303,32.0,5,white_matter,8.695492083287076e-06,2.83125392947421e-05,1.580303645890596e-05,1.2173688916601906e-07,3.303129584386578e-05,1.843687586872362e-05
inner_scalp_transparent_2mm,1,873963303,33.0,4,gray_matter,6.944052391061835e-06,2.2609848218315637e-05,1.2620000347009733e-05,2.49985886078226e-07,6.78295446549469e-05,3.786000104102919e-05
inner_scalp_transparent_2mm,1,873963303,34.0,5,white_matter,5.729187094211946e-06,1.865424442666931e-05,1.0412125232537666e-05,8.020861931896724e-08,2.1763285164447524e-05,1.2147479437960609e-05
inner_scalp_transparent_2mm,1,873963303,35.0,5,white_matter,4.732907694742012e-06,1.5410356746034257e-05,8.601504335838665e-06,6.626070772638817e-08,1.7978749537039965e-05,1.0035088391811777e-05
inner_scalp_transparent_2mm,1,873963303,36.0,5,white_matter,3.8845112065293516e-06,1.2647976114786301e-05,7.0596432765201875e-06,5.4383156891410924e-08,1.475597213391735e-05,8.236250489273552e-06
inner_scalp_transparent_2mm,1,873963303,37.0,5,white_matter,3.1825170319767426e-06,1.036228170424208e-05,5.783851242195104e-06,4.4555238447674397e-08,1.2089328654949093e-05,6.747826449227621e-06
inner_scalp_transparent_2mm,1,873963303,38.0,5,white_matter,2.636711720661963e-06,8.585138539040435e-06,4.791914138284659e-06,3.691396408926748e-08,1.0015994962213842e-05,5.590566494665436e-06
inner_scalp_transparent_2mm,1,873963303,39.0,5,white_matter,2.1951119411729433e-06,7.147288790046587e-06,3.989358360110488e-06,3.0731567176421205e-08,8.338503588387684e-06,4.6542514201289015e-06
inner_scalp_transparent_2mm,1,873963303,40.0,5,white_matter,1.8709907936689607e-06,6.091949697437762e-06,3.40030620963442e-06,2.619387111136545e-08,7.107274647010722e-06,3.967023911240157e-06
inner_scalp_transparent_2mm,1,873963303,41.0,5,white_matter,1.6024138236090927e-06,5.2174625556349395e-06,2.9121990836402184e-06,2.24337935305273e-08,6.0870396482407625e-06,3.3975655975802548e-06
inner_scalp_transparent_2mm,1,873963303,42.0,5,white_matter,1.358032718555707e-06,4.42175719779613e-06,2.4680651029481814e-06,1.90124580597799e-08,5.1587167307621515e-06,2.879409286772878e-06
inner_scalp_transparent_2mm,1,873963303,43.0,5,white_matter,1.124802164289865e-06,3.662358055213054e-06,2.0441959398127176e-06,1.5747230300058112e-08,4.2727510644152295e-06,2.384895263114837e-06
inner_scalp_transparent_2mm,1,873963303,44.0,5,white_matter,9.178175508964123e-07,2.9884157476382267e-06,1.6680256942924904e-06,1.2849445712549772e-08,3.4864850389112644e-06,1.9460299766745724e-06
inner_scalp_transparent_2mm,1,873963303,45.0,5,white_matter,7.791822399770495e-07,2.537018903106862e-06,1.4160722853346085e-06,1.0908551359678693e-08,2.959855386958006e-06,1.6520843328903766e-06
inner_scalp_transparent_2mm,1,873963303,46.0,5,white_matter,6.465195301016093e-07,2.105068859300311e-06,1.174973377898615e-06,9.051273421422531e-09,2.4559136691836965e-06,1.370802274215051e-06
inner_scalp_transparent_2mm,1,873963303,47.0,5,white_matter,5.038914478707328e-07,1.6406715435397877e-06,9.157635756275587e-07,7.0544802701902586e-09,1.914116800796419e-06,1.0683908382321516e-06
inner_scalp_transparent_2mm,1,873963303,48.0,5,white_matter,3.8902758789539876e-07,1.2666745899518498e-06,7.070119892176622e-07,5.446386230535583e-09,1.4777870216104913e-06,8.248473207539392e-07
inner_scalp_transparent_2mm,1,873963303,49.0,4,gray_matter,3.145835147820376e-07,1.0242845417412676e-06,5.717186222302948e-07,1.1325006532153353e-08,3.0728536252238023e-06,1.715155866690884e-06
inner_scalp_transparent_2mm,1,873963303,50.0,4,gray_matter,2.683987292182911e-07,8.739067892727139e-07,4.877831941809211e-07,9.662354251858478e-09,2.621720367818141e-06,1.4633495825427632e-06
inner_scalp_transparent_2mm,1,873963303,51.0,4,gray_matter,2.271703598545785e-07,7.396671376822316e-07,4.128554709473789e-07,8.178132954764826e-09,2.2190014130466946e-06,1.2385664128421367e-06
inner_scalp_transparent_2mm,1,873963303,52.0,4,gray_matter,2.026102445488253e-07,6.596993540286728e-07,3.6822034347049517e-07,7.293968803757711e-09,1.9790980620860185e-06,1.1046610304114855e-06
inner_scalp_transparent_2mm,1,873963303,53.0,4,gray_matter,1.8565374971626262e-07,6.044889735637479e-07,3.374039039306017e-07,6.683534989785454e-09,1.8134669206912434e-06,1.012211711791805e-06
inner_scalp_transparent_2mm,1,873963303,54.0,4,gray_matter,1.55925897983693e-07,5.076950299588363e-07,2.8337702192380926e-07,5.613332327412947e-09,1.5230850898765085e-06,8.501310657714277e-07
inner_scalp_transparent_2mm,1,873963303,55.0,4,gray_matter,1.1809205853178852e-07,3.845079744255646e-07,2.1461845846217404e-07,4.251314107144387e-09,1.1535239232766936e-06,6.438553753865221e-07
inner_scalp_transparent_2mm,1,873963303,56.0,4,gray_matter,9.91445287988706e-08,3.2281478041615294e-07,1.80183546635733e-07,3.5692030367593412e-09,9.684443412484586e-07,5.405506399071989e-07
inner_scalp_transparent_2mm,1,873963303,57.0,4,gray_matter,7.668685684093235e-08,2.49692556430734e-07,1.3936936322504684e-07,2.7607268462735642e-09,7.490776692922019e-07,4.1810808967514045e-07
inner_scalp_transparent_2mm,1,873963303,58.0,4,gray_matter,5.35355666612336e-08,1.7431191015350622e-07,9.729461009133024e-08,1.9272803998044095e-09,5.229357304605186e-07,2.918838302739907e-07
inner_scalp_transparent_2mm,1,873963303,59.0,4,gray_matter,4.3311312581129794e-08,1.410217187957632e-07,7.87132281010519e-08,1.5592072529206724e-09,4.230651563872895e-07,2.3613968430315562e-07
inner_scalp_transparent_2mm,1,873963303,60.0,4,gray_matter,3.367321264748195e-08,1.0964004648965699e-07,6.119711248768005e-08,1.2122356553093502e-09,3.2892013946897095e-07,1.8359133746304014e-07
inner_scalp_transparent_2mm,1,873963303,61.0,4,gray_matter,2.6047817522322017e-08,8.481174499146128e-08,4.7338851675956896e-08,9.377214308035926e-10,2.5443523497438384e-07,1.420165550278707e-07
inner_scalp_transparent_2mm,1,873963303,62.0,4,gray_matter,2.0108528049878316e-08,6.547340680878263e-08,3.6544890026170246e-08,7.239070097956193e-10,1.9642022042634788e-07,1.0963467007851073e-07
inner_scalp_transparent_2mm,1,873963303,63.0,4,gray_matter,1.7463062009924313e-08,5.6859764188940266e-08,3.1737065939878054e-08,6.286702323572753e-10,1.7057929256682077e-07,9.521119781963415e-08
inner_scalp_transparent_2mm,1,873963303,64.0,4,gray_matter,1.368367848075376e-08,4.4554083998027753e-08,2.4868479880388094e-08,4.926124253071353e-10,1.3366225199408325e-07,7.460543964116427e-08
inner_scalp_transparent_2mm,1,873963303,65.0,4,gray_matter,8.528874435693407e-09,2.7770031907062437e-08,1.5500228436726204e-08,3.0703947968496265e-10,8.331009572118731e-08,4.6500685310178604e-08
inner_scalp_transparent_2mm,1,873963303,66.0,4,gray_matter,7.12733293833624e-09,2.320661004006947e-08,1.2953091233993872e-08,2.565839857801046e-10,6.96198301202084e-08,3.8859273701981614e-08
inner_scalp_transparent_2mm,1,873963303,67.0,4,gray_matter,6.009888326500706e-09,1.9568208190092547e-08,1.0922266782369568e-08,2.163559797540254e-10,5.870462457027764e-08,3.27668003471087e-08
inner_scalp_transparent_2mm,1,873963303,68.0,4,gray_matter,4.587706722444508e-09,1.4937582095165528e-08,8.33761860779616e-09,1.6515744200800229e-10,4.481274628549658e-08,2.501285582338848e-08
inner_scalp_transparent_2mm,1,873963303,69.0,4,gray_matter,2.7428736846228977e-09,8.930802102121356e-09,4.9848510498423445e-09,9.87434526464243e-11,2.6792406306364068e-08,1.495455314952703e-08
inner_scalp_transparent_2mm,1,873963303,70.0,4,gray_matter,2.6564388149130345e-09,8.649369996651448e-09,4.827765817142161e-09,9.563179733686923e-11,2.594810998995434e-08,1.4483297451426482e-08
inner_scalp_transparent_2mm,1,873963303,71.0,4,gray_matter,1.997330704341479e-09,6.503312694626266e-09,3.629914171489753e-09,7.190390535629324e-11,1.9509938083878795e-08,1.0889742514469258e-08
inner_scalp_transparent_2mm,1,873963303,72.0,5,white_matter,2.0053292115985635e-09,6.529355849958526e-09,3.6444505198171207e-09,2.8074608962379888e-11,7.617581824951613e-09,4.251858939786641e-09
inner_scalp_transparent_2mm,1,873963303,73.0,5,white_matter,1.6157927900149563e-09,5.261024496518894e-09,2.9365137850819815e-09,2.262109906020939e-11,6.137861912605377e-09,3.425932749262312e-09
inner_scalp_transparent_2mm,1,873963303,74.0,5,white_matter,1.3256119989260352e-09,4.316195271031439e-09,2.4091442495422642e-09,1.8558567984964492e-11,5.035561149536678e-09,2.8106682911326413e-09
inner_scalp_transparent_2mm,1,873963303,75.0,5,white_matter,7.411259294834209e-10,2.413107481424967e-09,1.3469094068612703e-09,1.0375763012767894e-11,2.8152920616624616e-09,1.5713943080048156e-09
inner_scalp_transparent_2mm,1,873963303,76.0,5,white_matter,5.027476389856292e-10,1.63694729956429e-09,9.136848372030762e-10,7.038466945798809e-12,1.9097718494916718e-09,1.065965643403589e-09
inner_scalp_transparent_2mm,1,873963303,77.0,5,white_matter,4.1714893472790655e-10,1.3582377504481643e-09,7.58119237089443e-10,5.840085086190692e-12,1.5846107088561918e-09,8.844724432710169e-10
inner_scalp_transparent_2mm,1,873963303,78.0,5,white_matter,3.9047035080990547e-10,1.2713722288340103e-09,7.096340415087947e-10,5.466584911338676e-12,1.4832676003063451e-09,8.279063817602604e-10
inner_scalp_transparent_2mm,1,873963303,79.0,5,white_matter,5.25847315100784e-10,1.7121598903460307e-09,9.556657878313143e-10,7.361862411410976e-12,1.997519872070369e-09,1.1149434191365333e-09
inner_scalp_transparent_2mm,1,873963303,80.0,5,white_matter,4.0153103703551304e-10,1.3073858448996518e-09,7.29735540769515e-10,5.621434518497183e-12,1.5252834857162605e-09,8.513581308977675e-10
inner_scalp_transparent_2mm,1,873963303,81.0,4,gray_matter,2.6239637952783936e-10,8.543631268963972e-10,4.768746279849234e-10,9.446269663002217e-12,2.5630893806891914e-09,1.43062388395477e-09
inner_scalp_transparent_2mm,1,873963303,82.0,4,gray_matter,1.8919858559449159e-10,6.160309661427152e-10,3.4384622715830725e-10,6.8111490814016966e-12,1.8480928984281456e-09,1.0315386814749216e-09
inner_scalp_transparent_2mm,1,873963303,83.0,3,CSF,2.4457436000105424e-10,7.963345963278292e-10,4.44485198881257e-10,7.337230800031627e-13,1.990836490819573e-10,1.1112129972031425e-10
inner_scalp_transparent_2mm,1,873963303,84.0,3,CSF,2.989379470766707e-10,9.7334254257619e-10,5.432846389088206e-10,8.968138412300121e-13,2.433356356440475e-10,1.3582115972720514e-10
inner_scalp_transparent_2mm,1,873963303,85.0,3,CSF,2.040376302031857e-10,6.643469245216072e-10,3.7081444939580924e-10,6.121128906095571e-13,1.660867311304018e-10,9.27036123489523e-11
inner_scalp_transparent_2mm,1,873963303,86.0,3,CSF,2.404097793011855e-10,7.827747133928792e-10,4.3691656216631184e-10,7.212293379035566e-13,1.956936783482198e-10,1.0922914054157796e-10
inner_scalp_transparent_2mm,1,873963303,87.0,3,CSF,3.0617007800165425e-10,9.968903750665293e-10,5.564281881856653e-10,9.185102340049628e-13,2.492225937666323e-10,1.3910704704641632e-10
inner_scalp_transparent_2mm,1,873963303,88.0,3,CSF,1.5559632234794292e-10,5.066219310417896e-10,2.8277805688102164e-10,4.667889670438288e-13,1.266554827604474e-10,7.069451422025541e-11
inner_scalp_transparent_2mm,1,873963303,89.0,3,CSF,2.1130035428743404e-10,6.879943683985753e-10,3.84013598149558e-10,6.339010628623021e-13,1.7199859209964382e-10,9.60033995373895e-11
inner_scalp_transparent_2mm,1,873963303,90.0,3,CSF,2.8454548262247474e-10,9.264806500570993e-10,5.171280236966326e-10,8.536364478674242e-13,2.3162016251427483e-10,1.2928200592415816e-10
inner_scalp_transparent_2mm,1,873963303,91.0,4,gray_matter,1.401060702220224e-10,4.561856397083152e-10,2.546263413991497e-10,5.043818527992806e-12,1.3685569191249453e-09,7.638790241974491e-10
inner_scalp_transparent_2mm,1,873963303,92.0,3,CSF,8.628164214623322e-11,2.8093319622190437e-10,1.568067595843023e-10,2.588449264386997e-13,7.023329905547609e-11,3.920168989607558e-11
inner_scalp_transparent_2mm,1,873963303,93.0,3,CSF,1.1529355997104939e-10,3.7539605761760237e-10,2.0953251572748313e-10,3.4588067991314817e-13,9.384901440440059e-11,5.238312893187078e-11
inner_scalp_transparent_2mm,1,873963303,94.0,3,CSF,9.790179245701406e-11,3.187684284472467e-10,1.7792501916758514e-10,2.937053773710422e-13,7.969210711181168e-11,4.4481254791896284e-11
inner_scalp_transparent_2mm,1,873963303,95.0,3,CSF,8.514791001435712e-11,2.772417621746986e-10,1.5474633447631942e-10,2.554437300430714e-13,6.931044054367467e-11,3.868658361907986e-11
inner_scalp_transparent_2mm,1,873963303,96.0,3,CSF,5.911834277034418e-11,1.9248944012524183e-10,1.074406505395475e-10,1.7735502831103253e-13,4.8122360031310456e-11,2.6860162634886874e-11
inner_scalp_transparent_2mm,1,873963303,97.0,3,CSF,6.058833977363196e-11,1.9727575325394123e-10,1.101121975911616e-10,1.8176501932089588e-13,4.93189383134853e-11,2.75280493977904e-11
inner_scalp_transparent_2mm,1,873963303,98.0,3,CSF,3.988589570883794e-11,1.2986855473457823e-10,7.248793490300244e-11,1.196576871265138e-13,3.2467138683644557e-11,1.812198372575061e-11
inner_scalp_transparent_2mm,1,873963303,99.0,3,CSF,3.100724084517811e-11,1.0095963706734531e-10,5.6352021584636343e-11,9.302172253553434e-14,2.5239909266836327e-11,1.4088005396159086e-11
inner_scalp_transparent_2mm,1,873963303,100.0,3,CSF,1.2616837657032832e-10,4.1080448181500654e-10,2.2929621875386274e-10,3.7850512971098497e-13,1.0270112045375164e-10,5.732405468846568e-11
inner_scalp_transparent_2mm,2,112149004,0.0,1,scalp,0.3062752227070348,1.0,0.5578551059663835,0.003675302672484417,1.0,0.5578551059663834
inner_scalp_transparent_2mm,2,112149004,1.0,1,scalp,0.5490228904089138,1.7925801687656513,1.0,0.006588274684906966,1.7925801687656513,1.0
inner_scalp_transparent_2mm,2,112149004,2.0,1,scalp,0.3663784536079374,1.1962392855996513,0.6673281934293445,0.004396541443295249,1.1962392855996515,0.6673281934293445
inner_scalp_transparent_2mm,2,112149004,3.0,1,scalp,0.144218228305791,0.47087788241930967,0.2626816309942503,0.001730618739669492,0.47087788241930967,0.26268163099425024
inner_scalp_transparent_2mm,2,112149004,4.0,1,scalp,0.06503504877764091,0.2123418545020525,0.1184559877443409,0.0007804205853316909,0.2123418545020525,0.11845598774434088
inner_scalp_transparent_2mm,2,112149004,5.0,1,scalp,0.03468252437188833,0.11323973276500932,0.06317136312122922,0.00041619029246266,0.11323973276500932,0.06317136312122922
inner_scalp_transparent_2mm,2,112149004,6.0,1,scalp,0.019209464924273913,0.06271961784727385,0.034988459060362034,0.00023051357909128697,0.06271961784727387,0.034988459060362034
inner_scalp_transparent_2mm,2,112149004,7.0,1,scalp,0.010307641325050857,0.03365483251941197,0.018774520161397454,0.0001236916959006103,0.033654832519411974,0.018774520161397454
inner_scalp_transparent_2mm,2,112149004,8.0,6,transparent_tissue_control,0.0054842102207825,0.017906150462678395,0.009989037463807464,0.0,0.0,0.0
inner_scalp_transparent_2mm,2,112149004,9.0,6,transparent_tissue_control,0.0037248466012459163,0.012161762771155962,0.0067845014594412265,0.0,0.0,0.0
inner_scalp_transparent_2mm,2,112149004,10.0,6,transparent_tissue_control,0.00335536400663733,0.010955388349670315,0.006111519328708217,0.0,0.0,0.0
inner_scalp_transparent_2mm,2,112149004,11.0,2,skull,0.0026332222349567383,0.008597568591030058,0.0047961975374023235,6.583055587391845e-05,0.01791160123131262,0.009992078202921507
inner_scalp_transparent_2mm,2,112149004,12.0,2,skull,0.001697163316853059,0.005541301388511168,0.0030912432732795657,4.242908292132648e-05,0.011544377892731602,0.006440090152665762
inner_scalp_transparent_2mm,2,112149004,13.0,2,skull,0.001066593144294601,0.003482466308790648,0.0019427116117147673,2.6664828607365028e-05,0.007255138143313851,0.004047315857739099
inner_scalp_transparent_2mm,2,112149004,14.0,2,skull,0.0006580653964914165,0.0021486080090810477,0.001198611948586128,1.6451634912285414e-05,0.004476266685585517,0.0024971082262211005
inner_scalp_transparent_2mm,2,112149004,15.0,2,skull,0.0003860842064398577,0.0012605793019344683,0.0007032206000596826,9.652105160996442e-06,0.0026262068790301424,0.0014650429167910053
inner_scalp_transparent_2mm,2,112149004,16.0,2,skull,0.0002147865745864139,0.0007012861591871777,0.0003912160646461211,5.369664364660347e-06,0.0014610128316399535,0.0008150334680127523
inner_scalp_transparent_2mm,2,112149004,17.0,3,CSF,0.0001443783325051678,0.0004714006285884633,0.000262973247613837,4.331349975155034e-07,0.00011785015714711584,6.574331190345925e-05
inner_scalp_transparent_2mm,2,112149004,18.0,3,CSF,0.00013259395050978367,0.00043292418282433315,0.00024150896588487835,3.97781851529351e-07,0.00010823104570608329,6.037724147121959e-05
inner_scalp_transparent_2mm,2,112149004,19.0,3,CSF,0.0001267848415716535,0.00041395722595859006,0.00023092815215267943,3.803545247149605e-07,0.00010348930648964753,5.773203803816986e-05
inner_scalp_transparent_2mm,2,112149004,20.0,3,CSF,0.00012328874688889214,0.0004025423467141612,0.0002245603034821851,3.6986624066667643e-07,0.00010063558667854032,5.614007587054628e-05
inner_scalp_transparent_2mm,2,112149004,21.0,3,CSF,0.00012091888447103174,0.0003948046577267394,0.00022024379417217197,3.6275665341309525e-07,9.870116443168485e-05,5.506094854304299e-05
inner_scalp_transparent_2mm,2,112149004,22.0,4,gray_matter,0.00010900579638609755,0.0003559079817905029,0.00019854508489602267,3.924208669899511e-06,0.0010677239453715085,0.0005956352546880679
inner_scalp_transparent_2mm,2,112149004,23.0,4,gray_matter,8.523038227457519e-05,0.00027828036992761133,0.00015524012525433204,3.0682937618847065e-06,0.000834841109782834,0.000465720375762996
inner_scalp_transparent_2mm,2,112149004,24.0,4,gray_matter,6.522688018200155e-05,0.00021296819117618866,0.00011880539285606175,2.3481676865520555e-06,0.000638904573528566,0.0003564161785681852
inner_scalp_transparent_2mm,2,112149004,25.0,5,white_matter,5.0405698045323505e-05,0.0001645764799379109,9.180982965533768e-05,7.056797726345291e-07,0.00019200589326089608,0.00010711146793122729
inner_scalp_transparent_2mm,2,112149004,26.0,5,white_matter,3.8553595734812563e-05,0.0001258789248247179,7.022220094702743e-05,5.397503402873759e-07,0.00014685874562883757,8.192590110486533e-05
inner_scalp_transparent_2mm,2,112149004,27.0,5,white_matter,2.9762127655885148e-05,9.717445437744039e-05,5.420926554395251e-05,4.166697871823921e-07,0.00011337019677368047,6.324414313461127e-05
inner_scalp_transparent_2mm,2,112149004,28.0,5,white_matter,2.306451854784502e-05,7.530651139190324e-05,4.201012189248885e-05,3.2290325966983024e-07,8.785759662388712e-05,4.9011808874570326e-05
inner_scalp_transparent_2mm,2,112149004,29.0,5,white_matter,1.8054890313593588e-05,5.894988877655263e-05,3.288549645015029e-05,2.5276846439031023e-07,6.877487023931141e-05,3.836641252517534e-05
inner_scalp_transparent_2mm,2,112149004,30.0,5,white_matter,1.4076219968684112e-05,4.595938203642615e-05,2.563867593608001e-05,1.9706707956157757e-07,5.3619279042497174e-05,2.9911788592093344e-05
inner_scalp_transparent_2mm,2,112149004,31.0,5,white_matter,1.0947874169262695e-05,3.574521658167171e-05,1.99406515839598e-05,1.5327023836967772e-07,4.170275267861699e-05,2.3264093514619764e-05
inner_scalp_transparent_2mm,2,112149004,32.0,5,white_matter,8.751924898602475e-06,2.857536049193918e-05,1.594091075525834e-05,1.2252694858043467e-07,3.333792057392905e-05,1.8597729214468064e-05
inner_scalp_transparent_2mm,2,112149004,33.0,4,gray_matter,7.034382066398491e-06,2.2967519227394948e-05,1.281254787238336e-05,2.5323775439034567e-07,6.890255768218484e-05,3.843764361715007e-05
inner_scalp_transparent_2mm,2,112149004,34.0,5,white_matter,5.758461877152692e-06,1.880159232684945e-05,1.0488564279831344e-05,8.061846628013768e-08,2.1935191047991025e-05,1.2236658326469899e-05
inner_scalp_transparent_2mm,2,112149004,35.0,5,white_matter,4.722451692606082e-06,1.541898051976378e-05,8.601557011746426e-06,6.611432369648515e-08,1.7988810606391077e-05,1.0035149847037496e-05
inner_scalp_transparent_2mm,2,112149004,36.0,5,white_matter,3.875525184679324e-06,1.265373395348545e-05,7.058950095492051e-06,5.425735258551054e-08,1.4762689612399693e-05,8.23544177807406e-06
inner_scalp_transparent_2mm,2,112149004,37.0,5,white_matter,3.1868756945870587e-06,1.0405267740627652e-05,5.80463173805643e-06,4.461625972421882e-08,1.2139479030732262e-05,6.772070361065836e-06
inner_scalp_transparent_2mm,2,112149004,38.0,5,white_matter,2.7031565495829277e-06,8.825906730851067e-06,4.923577134588339e-06,3.7844191694160986e-08,1.029689118599291e-05,5.744173323686396e-06
inner_scalp_transparent_2mm,2,112149004,39.0,5,white_matter,2.2598477764016804e-06,7.378487088925638e-06,4.116126696864204e-06,3.163786886962353e-08,8.608234937079912e-06,4.802147813008238e-06
inner_scalp_transparent_2mm,2,112149004,40.0,5,white_matter,1.9035221495584535e-06,6.215070656823105e-06,3.467108899850614e-06,2.664931009381835e-08,7.250915766293623e-06,4.04496038315905e-06
inner_scalp_transparent_2mm,2,112149004,41.0,5,white_matter,1.5826180676748558e-06,5.167306887206795e-06,2.88260853112357e-06,2.215665294744798e-08,6.028524701741261e-06,3.3630432863108314e-06
inner_scalp_transparent_2mm,2,112149004,42.0,5,white_matter,1.3371608187254444e-06,4.3658798348323965e-06,2.4355283578969233e-06,1.8720251462156223e-08,5.0935264739711294e-06,2.841449750879744e-06
inner_scalp_transparent_2mm,2,112149004,43.0,5,white_matter,1.1457222550153013e-06,3.7408258000394406e-06,2.0868387730827835e-06,1.6040111570214218e-08,4.364296766712681e-06,2.4346452352632475e-06
inner_scalp_transparent_2mm,2,112149004,44.0,5,white_matter,9.389528583678671e-07,3.0657160251778356e-06,1.7102253380884215e-06,1.314534001715014e-08,3.5766686960408087e-06,1.995262894436492e-06
inner_scalp_transparent_2mm,2,112149004,45.0,5,white_matter,7.784032964848846e-07,2.5415157308675284e-06,1.4177975273583356e-06,1.0897646150788384e-08,2.965101686012117e-06,1.6540971152513917e-06
inner_scalp_transparent_2mm,2,112149004,46.0,5,white_matter,6.336788471001031e-07,2.06898501778658e-06,1.1541938563401924e-06,8.871503859401443e-09,2.4138158540843435e-06,1.3465594990635578e-06
inner_scalp_transparent_2mm,2,112149004,47.0,5,white_matter,5.148440967283751e-07,1.6809851354539549e-06,9.377461408665815e-07,7.207817354197251e-09,1.961149324696281e-06,1.094037164344345e-06
inner_scalp_transparent_2mm,2,112149004,48.0,5,white_matter,3.96116848880422e-07,1.2933362528621016e-06,7.214942323905531e-07,5.545635884325909e-09,1.5088922950057854e-06,8.41743271122312e-07
inner_scalp_transparent_2mm,2,112149004,49.0,4,gray_matter,3.163372591952727e-07,1.0328529235871708e-06,5.761822771354101e-07,1.1388141331029816e-08,3.098558770761512e-06,1.7285468314062302e-06
inner_scalp_transparent_2mm,2,112149004,50.0,4,gray_matter,2.707074331079105e-07,8.838698433234138e-07,4.930713051076737e-07,9.745467591884777e-09,2.651609529970241e-06,1.479213915323021e-06
inner_scalp_transparent_2mm,2,112149004,51.0,4,gray_matter,2.3196914098212383e-07,7.573878779087924e-07,4.225126948884637e-07,8.350889075356457e-09,2.272163633726377e-06,1.2675380846653908e-06
inner_scalp_transparent_2mm,2,112149004,52.0,4,gray_matter,2.0072194223473474e-07,6.553646111514994e-07,3.6559849460053745e-07,7.22598992045045e-09,1.966093833454498e-06,1.0967954838016121e-06
inner_scalp_transparent_2mm,2,112149004,53.0,4,gray_matter,1.7846143464817752e-07,5.826832254690202e-07,3.2505281248885437e-07,6.4246116473343905e-09,1.7480496764070606e-06,9.751584374665632e-07
inner_scalp_transparent_2mm,2,112149004,54.0,4,gray_matter,1.488433464524674e-07,4.859790652893994e-07,2.711059029644619e-07,5.358360472288826e-09,1.4579371958681982e-06,8.133177088933856e-07
inner_scalp_transparent_2mm,2,112149004,55.0,4,gray_matter,1.236081657168459e-07,4.0358526107442375e-07,2.2514209858314322e-07,4.449893965806452e-09,1.2107557832232712e-06,6.754262957494296e-07
inner_scalp_transparent_2mm,2,112149004,56.0,4,gray_matter,9.83998141660375e-08,3.212790551462959e-07,1.792271613534165e-07,3.5423933099773496e-09,9.638371654388878e-07,5.376814840602494e-07
inner_scalp_transparent_2mm,2,112149004,57.0,4,gray_matter,7.321560849674796e-08,2.3905168641990275e-07,1.3335620385921753e-07,2.635761905882926e-09,7.171550592597082e-07,4.0006861157765254e-07
inner_scalp_transparent_2mm,2,112149004,58.0,4,gray_matter,5.6231801889915925e-08,1.8359892580570914e-07,1.0242159821065806e-07,2.024344868036973e-09,5.507967774171275e-07,3.0726479463197413e-07
inner_scalp_transparent_2mm,2,112149004,59.0,4,gray_matter,4.342774308472872e-08,1.4179319731086832e-07,7.910005911116678e-08,1.563398751050234e-09,4.25379591932605e-07,2.3730017733350032e-07
inner_scalp_transparent_2mm,2,112149004,60.0,4,gray_matter,3.662073050354128e-08,1.1956804791411599e-07,6.67016460393228e-08,1.318346298127486e-09,3.58704143742348e-07,2.0010493811796836e-07
inner_scalp_transparent_2mm,2,112149004,61.0,4,gray_matter,3.163861400019264e-08,1.033012521239967e-07,5.762713095009228e-08,1.138990104006935e-09,3.099037563719901e-07,1.728813928502768e-07
inner_scalp_transparent_2mm,2,112149004,62.0,4,gray_matter,2.337720357497409e-08,7.63274396418785e-08,4.257965192956287e-08,8.415793286990672e-10,2.2898231892563548e-07,1.277389557886886e-07
inner_scalp_transparent_2mm,2,112149004,63.0,4,gray_matter,1.6994899222759714e-08,5.5488978418003e-08,3.095480993534143e-08,6.118163720193496e-10,1.6646693525400896e-07,9.286442980602427e-08
inner_scalp_transparent_2mm,2,112149004,64.0,4,gray_matter,1.3456196065213455e-08,4.393498091775082e-08,2.4509353435502918e-08,4.844230583476843e-10,1.3180494275325246e-07,7.352806030650875e-08
inner_scalp_transparent_2mm,2,112149004,65.0,4,gray_matter,9.332650361399244e-09,3.047145073934472e-08,1.6998654381146583e-08,3.3597541301037276e-10,9.141435221803416e-08,5.099596314343975e-08
inner_scalp_transparent_2mm,2,112149004,66.0,4,gray_matter,5.372364402807303e-09,1.754096970470967e-08,9.785319513373934e-09,1.9340511850106292e-10,5.2622909114129e-08,2.93559585401218e-08
inner_scalp_transparent_2mm,2,112149004,67.0,4,gray_matter,5.396885992022675e-09,1.7621033606055115e-08,9.829983569543082e-09,1.9428789571281626e-10,5.2863100818165344e-08,2.9489950708629238e-08
inner_scalp_transparent_2mm,2,112149004,68.0,4,gray_matter,4.328172157672369e-09,1.4131643165312296e-08,7.88340929546441e-09,1.5581419767620528e-10,4.239492949593688e-08,2.3650227886393228e-08
inner_scalp_transparent_2mm,2,112149004,69.0,4,gray_matter,3.860657455663325e-09,1.2605190264953974e-08,7.0318697509823245e-09,1.389836684038797e-10,3.781557079486192e-08,2.109560925294697e-08
inner_scalp_transparent_2mm,2,112149004,70.0,4,gray_matter,3.002256882951779e-09,9.802480450152394e-09,5.468363770253166e-09,1.0808124778626403e-10,2.9407441350457177e-08,1.6405091310759497e-08
inner_scalp_transparent_2mm,2,112149004,71.0,4,gray_matter,2.3220289684615725e-09,7.581510995039554e-09,4.229384619523092e-09,8.35930428646166e-11,2.2744532985118663e-08,1.2688153858569276e-08
inner_scalp_transparent_2mm,2,112149004,72.0,5,white_matter,1.721692439971636e-09,5.621389888330953e-09,3.1359210518332204e-09,2.4103694159602906e-11,6.5582882030527795e-09,3.6585745604720908e-09
inner_scalp_transparent_2mm,2,112149004,73.0,5,white_matter,1.3616475641271062e-09,4.4458299698293905e-09,2.480128948927698e-09,1.9063065897779488e-11,5.186801631467622e-09,2.893483773748981e-09
inner_scalp_transparent_2mm,2,112149004,74.0,5,white_matter,9.925946220380437e-10,3.240858379809269e-09,1.8079293948905415e-09,1.3896324708532612e-11,3.7810014431108136e-09,2.109250960705632e-09
inner_scalp_transparent_2mm,2,112149004,75.0,5,white_matter,9.055759152426036e-10,2.9567390637695342e-09,1.649431983734099e-09,1.267806281339645e-11,3.449528907731123e-09,1.9243373143564487e-09
inner_scalp_transparent_2mm,2,112149004,76.0,5,white_matter,1.0303483958390263e-09,3.364125856255105e-09,1.876694786025442e-09,1.442487754174637e-11,3.924813498964289e-09,2.1894772503630158e-09
inner_scalp_transparent_2mm,2,112149004,77.0,5,white_matter,5.895306553752817e-10,1.9248395288547146e-09,1.0737815593375306e-09,8.253429175253943e-12,2.2456461169971674e-09,1.2527451525604523e-09
inner_scalp_transparent_2mm,2,112149004,78.0,5,white_matter,4.85192496636841e-10,1.5841715576873426e-09,8.837381921826033e-10,6.792694952915774e-12,1.848200150635233e-09,1.0310278908797037e-09
inner_scalp_transparent_2mm,2,112149004,79.0,5,white_matter,4.125942210521979e-10,1.3471354861991619e-09,7.51506409404709e-10,5.77631909473077e-12,1.5716580672323556e-09,8.767574776388271e-10
inner_scalp_transparent_2mm,2,112149004,80.0,5,white_matter,3.2031242603292323e-10,1.0458319912457157e-09,5.834227162994126e-10,4.484373964460925e-12,1.2201373231200018e-09,6.80659835682648e-10
inner_scalp_transparent_2mm,2,112149004,81.0,4,gray_matter,2.507219772878448e-10,8.186165863233114e-10,4.5666944250923003e-10,9.025991182362412e-12,2.4558497589699344e-09,1.37000832752769e-09
inner_scalp_transparent_2mm,2,112149004,82.0,4,gray_matter,1.759122859200254e-10,5.743601600064558e-10,3.204097479232704e-10,6.332842293120913e-12,1.7230804800193673e-09,9.61229243769811e-10
inner_scalp_transparent_2mm,2,112149004,83.0,3,CSF,2.5205600327422325e-10,8.229722308138699e-10,4.5909926102806247e-10,7.561680098226698e-13,2.057430577034675e-10,1.1477481525701562e-10
inner_scalp_transparent_2mm,2,112149004,84.0,3,CSF,1.5405651521334867e-10,5.030002552988436e-10,2.806012607208543e-10,4.62169545640046e-13,1.257500638247109e-10,7.015031518021358e-11
inner_scalp_transparent_2mm,2,112149004,85.0,3,CSF,1.2636192570374113e-10,4.1257638991127814e-10,2.3015784571318403e-10,3.790857771112234e-13,1.0314409747781955e-10,5.753946142829601e-11
inner_scalp_transparent_2mm,2,112149004,86.0,3,CSF,2.446871024033827e-10,7.98912495241041e-10,4.456774146905588e-10,7.340613072101481e-13,1.9972812381026027e-10,1.114193536726397e-10
inner_scalp_transparent_2mm,2,112149004,87.0,3,CSF,1.9991105737697686e-10,6.527170419142924e-10,3.6412153458316197e-10,5.997331721309305e-13,1.6317926047857308e-10,9.103038364579048e-11
inner_scalp_transparent_2mm,2,112149004,88.0,3,CSF,1.2672810446907565e-10,4.1377197720723377e-10,2.3082481019086141e-10,3.8018431340722696e-13,1.0344299430180846e-10,5.770620254771536e-11
inner_scalp_transparent_2mm,2,112149004,89.0,3,CSF,1.0904311367397685e-10,3.5602982412417083e-10,1.986130552639822e-10,3.2712934102193054e-13,8.900745603104271e-11,4.965326381599555e-11
inner_scalp_transparent_2mm,2,112149004,90.0,3,CSF,7.855952020436568e-11,2.5649975701596725e-10,1.4308969913049403e-10,2.3567856061309706e-13,6.412493925399183e-11,3.5772424782623514e-11
inner_scalp_transparent_2mm,2,112149004,91.0,4,gray_matter,1.1919323442695126e-10,3.8917034611371303e-10,2.171006646702395e-10,4.290956439370245e-12,1.167511038341139e-09,6.513019940107186e-10
inner_scalp_transparent_2mm,2,112149004,92.0,3,CSF,6.822093990853316e-11,2.227439076055766e-10,1.2425882618067527e-10,2.0466281972559947e-13,5.568597690139416e-11,3.106470654516882e-11
inner_scalp_transparent_2mm,2,112149004,93.0,3,CSF,6.339449470359243e-11,2.069853843979797e-10,1.1546785354682758e-10,1.901834841107773e-13,5.174634609949493e-11,2.88669633867069e-11
inner_scalp_transparent_2mm,2,112149004,94.0,3,CSF,1.3068105487619345e-10,4.266785073933173e-10,2.3802478395547736e-10,3.9204316462858035e-13,1.0666962684832934e-10,5.950619598886934e-11
inner_scalp_transparent_2mm,2,112149004,95.0,3,CSF,1.3721547347107673e-10,4.480136272803535e-10,2.4992668952086543e-10,4.116464204132302e-13,1.1200340682008838e-10,6.248167238021636e-11
inner_scalp_transparent_2mm,2,112149004,96.0,3,CSF,8.814130660502254e-11,2.877846461949468e-10,1.6054213429858023e-10,2.6442391981506763e-13,7.194616154873671e-11,4.0135533574645056e-11
inner_scalp_transparent_2mm,2,112149004,97.0,3,CSF,2.923079246153939e-11,9.543962519455869e-11,5.324148222630247e-11,8.769237738461818e-14,2.3859906298639675e-11,1.3310370556575617e-11
inner_scalp_transparent_2mm,2,112149004,98.0,3,CSF,2.949992844596212e-11,9.631836419944441e-11,5.3731691266989776e-11,8.849978533788636e-14,2.4079591049861102e-11,1.3432922816747444e-11
inner_scalp_transparent_2mm,2,112149004,99.0,3,CSF,4.5692534675298906e-11,1.4918782613703542e-10,8.322519055857029e-11,1.370776040258967e-13,3.7296956534258855e-11,2.0806297639642572e-11
inner_scalp_transparent_2mm,2,112149004,100.0,3,CSF,5.211420160588165e-11,1.7015480764414004e-10,9.492172824901133e-11,1.5634260481764497e-13,4.2538701911035015e-11,2.3730432062252836e-11
inner_scalp_transparent_2mm,3,9573696,0.0,1,scalp,0.30667261938433077,1.0,0.5579797027738884,0.0036800714326119693,1.0,0.5579797027738884
inner_scalp_transparent_2mm,3,9573696,1.0,1,scalp,0.5496124999883814,1.7921798858071234,1.0,0.006595349999860577,1.7921798858071236,1.0
inner_scalp_transparent_2mm,3,9573696,2.0,1,scalp,0.36636508621227315,1.194645570079845,0.6665879801132943,0.004396381034547278,1.194645570079845,0.6665879801132943
inner_scalp_transparent_2mm,3,9573696,3.0,1,scalp,0.14423683177068597,0.4703283653436445,0.26243368150057556,0.0017308419812482316,0.4703283653436445,0.26243368150057556
inner_scalp_transparent_2mm,3,9573696,4.0,1,scalp,0.06503831196644468,0.21207733542373025,0.11833484858481123,0.0007804597435973361,0.21207733542373025,0.11833484858481123
inner_scalp_transparent_2mm,3,9573696,5.0,1,scalp,0.03466095729822513,0.11302266686804224,0.06306435406574241,0.00041593148757870156,0.11302266686804224,0.06306435406574241
inner_scalp_transparent_2mm,3,9573696,6.0,1,scalp,0.01918380425374067,0.06255466918518404,0.03490423571906791,0.00023020565104488804,0.06255466918518404,0.03490423571906791
inner_scalp_transparent_2mm,3,9573696,7.0,1,scalp,0.010292468548474796,0.03356174597242405,0.018726773042265915,0.00012350962258169757,0.03356174597242405,0.01872677304226592
inner_scalp_transparent_2mm,3,9573696,8.0,6,transparent_tissue_control,0.005472637137730128,0.017845209489901235,0.009957264687112864,0.0,0.0,0.0
inner_scalp_transparent_2mm,3,9573696,9.0,6,transparent_tissue_control,0.0037144990185023954,0.012112261687918348,0.006758396176544236,0.0,0.0,0.0
inner_scalp_transparent_2mm,3,9573696,10.0,6,transparent_tissue_control,0.0033429379330428724,0.010900672970916287,0.006082354264347229,0.0,0.0,0.0
inner_scalp_transparent_2mm,3,9573696,11.0,2,skull,0.002624430092629612,0.008557758100147188,0.004775055321130963,6.561075231574031e-05,0.017828662708639975,0.009948031919022842
inner_scalp_transparent_2mm,3,9573696,12.0,2,skull,0.0016960326730751946,0.005530433973793007,0.0030858699049076364,4.240081682687987e-05,0.011521737445402098,0.006428895635224243
inner_scalp_transparent_2mm,3,9573696,13.0,2,skull,0.0010668708692241514,0.0034788592192089986,0.0019411328331264384,2.6671771730603784e-05,0.007247623373352081,0.00404402673568008
inner_scalp_transparent_2mm,3,9573696,14.0,2,skull,0.0006549207646141024,0.0021355697353383127,0.0011916045661769833,1.637301911535256e-05,0.004449103615288152,0.0024825095128687153
inner_scalp_transparent_2mm,3,9573696,15.0,2,skull,0.0003839970300535912,0.0012521399231026728,0.0006986686621241489,9.59992575133978e-06,0.002608624839797235,0.0014555597127586435
inner_scalp_transparent_2mm,3,9573696,16.0,2,skull,0.00021486379382448806,0.0007006292060107743,0.0003909368761245973,5.371594845612202e-06,0.0014596441791891132,0.0008144518252595777
inner_scalp_transparent_2mm,3,9573696,17.0,3,CSF,0.00014446732562987898,0.0004710799611648031,0.0002628530567134717,4.3340197688963693e-07,0.00011776999029120077,6.571326417836793e-05
inner_scalp_transparent_2mm,3,9573696,18.0,3,CSF,0.00013268081094324665,0.00043264642017801826,0.0002414079209371175,3.9804243282973994e-07,0.00010816160504450457,6.0351980234279365e-05
inner_scalp_transparent_2mm,3,9573696,19.0,3,CSF,0.0001264901887805857,0.0004124600006173509,0.00023014430855058729,3.794705663417571e-07,0.00010311500015433773,5.753607713764682e-05
inner_scalp_transparent_2mm,3,9573696,20.0,3,CSF,0.0001231727042084537,0.000401642326125275,0.00022410826575279408,3.695181126253611e-07,0.00010041058153131874,5.602706643819852e-05
inner_scalp_transparent_2mm,3,9573696,21.0,3,CSF,0.0001211862296574991,0.0003951648174551413,0.0002204939473903176,3.6355868897249733e-07,9.879120436378533e-05,5.512348684757941e-05
inner_scalp_transparent_2mm,3,9573696,22.0,4,gray_matter,0.00010913509404942818,0.0003558683989086649,0.00019856734344967638,3.928863385779414e-06,0.0010676051967259946,0.000595702030349029
inner_scalp_transparent_2mm,3,9573696,23.0,4,gray_matter,8.514235015855164e-05,0.00027763270920462855,0.00015491341656230804,3.065124605707859e-06,0.0008328981276138856,0.0004647402496869241
inner_scalp_transparent_2mm,3,9573696,24.0,4,gray_matter,6.517485049026385e-05,0.00021252256109824036,0.0001185832754743417,2.3462946176494982e-06,0.000637567683294721,0.000355749826423025
inner_scalp_transparent_2mm,3,9573696,25.0,5,white_matter,5.069600068816245e-05,0.00016530983688709683,9.223953365186227e-05,7.097440096342743e-07,0.00019286147636827963,0.00010761278926050596
inner_scalp_transparent_2mm,3,9573696,26.0,5,white_matter,3.889834245520831e-05,0.00012683995895460042,7.077412259734014e-05,5.445767943729164e-07,0.00014797995211370048,8.256980969689683e-05
inner_scalp_transparent_2mm,3,9573696,27.0,5,white_matter,3.007065674736766e-05,9.805458605250398e-05,5.4712468781192826e-05,4.2098919446314724e-07,0.00011439701706125464,6.38312135780583e-05
inner_scalp_transparent_2mm,3,9573696,28.0,5,white_matter,2.3271902349114857e-05,7.588516508527895e-05,4.23423818592314e-05,3.25806632887608e-07,8.853269259949211e-05,4.939944550243663e-05
inner_scalp_transparent_2mm,3,9573696,29.0,5,white_matter,1.8136630512636873e-05,5.914003848484281e-05,3.299894109580891e-05,2.5391282717691624e-07,6.899671156564995e-05,3.849876461177707e-05
inner_scalp_transparent_2mm,3,9573696,30.0,5,white_matter,1.4200593206967796e-05,4.6305383361177125e-05,2.583746404470057e-05,1.9880830489754915e-07,5.402294725470665e-05,3.0143708052150666e-05
inner_scalp_transparent_2mm,3,9573696,31.0,5,white_matter,1.1071412256112609e-05,3.610173049794707e-05,2.014403285286753e-05,1.5499977158557652e-07,4.211868558093825e-05,2.3501371661678783e-05
inner_scalp_transparent_2mm,3,9573696,32.0,5,white_matter,8.667317115808117e-06,2.826244199175144e-05,1.5769868982221732e-05,1.2134243962131366e-07,3.297284899037669e-05,1.839818047925869e-05
inner_scalp_transparent_2mm,3,9573696,33.0,4,gray_matter,6.882509944841794e-06,2.2442531578655344e-05,1.2522477099751714e-05,2.4777035801430456e-07,6.732759473596603e-05,3.7567431299255135e-05
inner_scalp_transparent_2mm,3,9573696,34.0,5,white_matter,5.621186191364891e-06,1.832959917533512e-05,1.0227544299818002e-05,7.869660667910847e-08,2.1384532371224308e-05,1.1932135016454335e-05
inner_scalp_transparent_2mm,3,9573696,35.0,5,white_matter,4.5816738097404684e-06,1.4939950684017819e-05,8.336189242124813e-06,6.414343333636655e-08,1.7429942464687454e-05,9.72555411581228e-06
inner_scalp_transparent_2mm,3,9573696,36.0,5,white_matter,3.875060486525223e-06,1.263582152950175e-05,7.050531941335287e-06,5.425084681135312e-08,1.4741791784418709e-05,8.225620598224501e-06
inner_scalp_transparent_2mm,3,9573696,37.0,5,white_matter,3.2721230944752174e-06,1.0669759501334876e-05,5.953509235223706e-06,4.5809723322653047e-08,1.2448052751557356e-05,6.9457607744276575e-06
inner_scalp_transparent_2mm,3,9573696,38.0,5,white_matter,2.6992395376622435e-06,8.801697207534137e-06,4.911168391765662e-06,3.778935352727141e-08,1.0268646742123161e-05,5.729696457059938e-06
inner_scalp_transparent_2mm,3,9573696,39.0,5,white_matter,2.252393728540554e-06,7.344619591610135e-06,4.098148656713901e-06,3.153351219956776e-08,8.568722856878492e-06,4.781173432832884e-06
inner_scalp_transparent_2mm,3,9573696,40.0,5,white_matter,1.9132949620531167e-06,6.23888420783768e-06,3.4811707559299745e-06,2.6786129468743633e-08,7.2786982424772925e-06,4.061365881918303e-06
inner_scalp_transparent_2mm,3,9573696,41.0,5,white_matter,1.6109862859341857e-06,5.25311418139763e-06,2.931131089573548e-06,2.25538080030786e-08,6.128633211630568e-06,3.4196529378358054e-06
inner_scalp_transparent_2mm,3,9573696,42.0,5,white_matter,1.3640854944616974e-06,4.448018532597418e-06,2.4819040587514546e-06,1.9097196922463764e-08,5.1893549546969875e-06,2.89555473521003e-06
inner_scalp_transparent_2mm,3,9573696,43.0,5,white_matter,1.144755927785315e-06,3.732827306472622e-06,2.082841870971848e-06,1.6026582988994413e-08,4.354965190884726e-06,2.4299821828004897e-06
inner_scalp_transparent_2mm,3,9573696,44.0,5,white_matter,9.555168426891607e-07,3.115755311339615e-06,1.7385282225374425e-06,1.337723579764825e-08,3.6350478632295506e-06,2.0282829262936827e-06
inner_scalp_transparent_2mm,3,9573696,45.0,5,white_matter,7.999355833771216e-07,2.608434965544217e-06,1.45545376677938e-06,1.1199098167279703e-08,3.0431741264682533e-06,1.6980293945759432e-06
inner_scalp_transparent_2mm,3,9573696,46.0,5,white_matter,6.470773259417114e-07,2.1099938013402358e-06,1.1773337141265718e-06,9.05908256318396e-09,2.461659434896942e-06,1.3735559998143337e-06
inner_scalp_transparent_2mm,3,9573696,47.0,5,white_matter,5.07647184155242e-07,1.6553391208330998e-06,9.236456306324428e-07,7.107060578173388e-09,1.931228974305283e-06,1.0775865690711833e-06
inner_scalp_transparent_2mm,3,9573696,48.0,5,white_matter,3.985938204341254e-07,1.2997372286914092e-06,7.2522699254939e-07,5.580313486077756e-09,1.5163601001399776e-06,8.460981579742882e-07
inner_scalp_transparent_2mm,3,9573696,49.0,4,gray_matter,3.230583602124136e-07,1.0534307264240887e-06,5.877929636229943e-07,1.1630100967646888e-08,3.1602921792722653e-06,1.7633788908689825e-06
inner_scalp_transparent_2mm,3,9573696,50.0,4,gray_matter,2.693902880347698e-07,8.784295401904214e-07,4.901458537432548e-07,9.698050369251711e-09,2.635288620571264e-06,1.4704375612297642e-06
inner_scalp_transparent_2mm,3,9573696,51.0,4,gray_matter,2.3042796828917106e-07,7.513809636862046e-07,4.192553267875862e-07,8.295406858410158e-09,2.2541428910586134e-06,1.2577659803627585e-06
inner_scalp_transparent_2mm,3,9573696,52.0,4,gray_matter,2.0697965196350378e-07,6.749205468001401e-07,3.7659196609953246e-07,7.451267470686136e-09,2.0247616404004203e-06,1.1297758982985973e-06
inner_scalp_transparent_2mm,3,9573696,53.0,4,gray_matter,1.8539754533997472e-07,6.045454782111777e-07,3.3732410624557113e-07,6.67431163223909e-09,1.813636434633533e-06,1.0119723187367134e-06
inner_scalp_transparent_2mm,3,9573696,54.0,4,gray_matter,1.4909027780768874e-07,4.861545126102196e-07,2.71264350448435e-07,5.367250001076794e-09,1.458463537830659e-06,8.137930513453048e-07
inner_scalp_transparent_2mm,3,9573696,55.0,4,gray_matter,1.2060993505819727e-07,3.932856324126071e-07,2.1944540027882724e-07,4.341957662095102e-09,1.1798568972378212e-06,6.583362008364816e-07
inner_scalp_transparent_2mm,3,9573696,56.0,4,gray_matter,9.502485644917633e-08,3.098576476763597e-07,1.7289427815267143e-07,3.4208948321703478e-09,9.295729430290791e-07,5.186828344580142e-07
inner_scalp_transparent_2mm,3,9573696,57.0,4,gray_matter,7.267245038385882e-08,2.3697078183815184e-07,1.3222488641614791e-07,2.6162082138189176e-09,7.109123455144556e-07,3.9667465924844374e-07
inner_scalp_transparent_2mm,3,9573696,58.0,4,gray_matter,5.8073005664622395e-08,1.8936482096513373e-07,1.056617265179559e-07,2.090628203926406e-09,5.680944628954011e-07,3.1698517955386766e-07
inner_scalp_transparent_2mm,3,9573696,59.0,4,gray_matter,4.45208468530174e-08,1.451738565457734e-07,8.100406532594975e-08,1.6027504867086264e-09,4.355215696373202e-07,2.430121959778492e-07
inner_scalp_transparent_2mm,3,9573696,60.0,4,gray_matter,3.544474908072113e-08,1.1557846002645828e-07,6.449043477262693e-08,1.2760109669059605e-09,3.467353800793748e-07,1.9347130431788076e-07
inner_scalp_transparent_2mm,3,9573696,61.0,4,gray_matter,2.976643787840036e-08,9.706258725724785e-08,5.415895358826376e-08,1.071591763622413e-09,2.911877617717435e-07,1.6247686076479126e-07
inner_scalp_transparent_2mm,3,9573696,62.0,4,gray_matter,2.204494219767287e-08,7.188428573091988e-08,4.010997238625194e-08,7.936179191162233e-10,2.1565285719275962e-07,1.203299171587558e-07
inner_scalp_transparent_2mm,3,9573696,63.0,4,gray_matter,1.657987573092694e-08,5.406376273242891e-08,3.016648226027871e-08,5.968755263133697e-10,1.6219128819728672e-07,9.04994467808361e-08
inner_scalp_transparent_2mm,3,9573696,64.0,4,gray_matter,1.1773110944671961e-08,3.838983398096446e-08,2.142074815423747e-08,4.2383199400819056e-10,1.1516950194289337e-07,6.42622444627124e-08
inner_scalp_transparent_2mm,3,9573696,65.0,4,gray_matter,9.68749145544374e-09,3.158903287451007e-08,1.762603917423372e-08,3.4874969239597463e-10,9.476709862353022e-08,5.287811752270116e-08
inner_scalp_transparent_2mm,3,9573696,66.0,4,gray_matter,7.417365173420966e-09,2.4186590861329274e-08,1.3495626779918155e-08,2.6702514624315474e-10,7.255977258398782e-08,4.0486880339754456e-08
inner_scalp_transparent_2mm,3,9573696,67.0,4,gray_matter,5.976966973307858e-09,1.9489731379694365e-08,1.0874874522384789e-08,2.151708110390829e-10,5.8469194139083096e-08,3.262462356715436e-08
inner_scalp_transparent_2mm,3,9573696,68.0,4,gray_matter,3.911177048611309e-09,1.2753590641588097e-08,7.116244715493171e-09,1.408023737500071e-10,3.8260771924764285e-08,2.1348734146479508e-08
inner_scalp_transparent_2mm,3,9573696,69.0,4,gray_matter,3.2879747118218544e-09,1.0721448554561931e-08,5.982350677780002e-09,1.1836708962558674e-10,3.216434566368579e-08,1.7947052033340003e-08
inner_scalp_transparent_2mm,3,9573696,70.0,4,gray_matter,3.304799843597955e-09,1.0776312049744118e-08,6.012963394514895e-09,1.1897279436952637e-10,3.2328936149232346e-08,1.8038890183544683e-08
inner_scalp_transparent_2mm,3,9573696,71.0,4,gray_matter,2.9973684798737758e-09,9.773837931443724e-09,5.453603183947125e-09,1.0790526527545592e-10,2.9321513794331166e-08,1.636080955184137e-08
inner_scalp_transparent_2mm,3,9573696,72.0,5,white_matter,1.760619567401337e-09,5.741039323745036e-09,3.2033834154764603e-09,2.464867394361872e-11,6.697879211035875e-09,3.7372806513892035e-09
inner_scalp_transparent_2mm,3,9573696,73.0,5,white_matter,1.2922612507291145e-09,4.213813588325654e-09,2.3512224535585207e-09,1.8091657510207602e-11,4.916115853046597e-09,2.7430928624849405e-09
inner_scalp_transparent_2mm,3,9573696,74.0,5,white_matter,1.0860840688367613e-09,3.5415097409646806e-09,1.9760905526343028e-09,1.520517696371466e-11,4.131761364458794e-09,2.3054389780733535e-09
inner_scalp_transparent_2mm,3,9573696,75.0,5,white_matter,7.911203627160792e-10,2.579690238744871e-09,1.4394147926635643e-09,1.107568507802511e-11,3.0096386118690164e-09,1.6793172581074918e-09
inner_scalp_transparent_2mm,3,9573696,76.0,5,white_matter,5.443176740756634e-10,1.7749144842745455e-09,9.903662563845803e-10,7.620447437059288e-12,2.0707335649869694e-09,1.1554272991153435e-09
inner_scalp_transparent_2mm,3,9573696,77.0,5,white_matter,4.750899856547564e-10,1.5491764038424317e-09,8.644089893603213e-10,6.651259799166589e-12,1.8073724711495037e-09,1.0084771542537082e-09
inner_scalp_transparent_2mm,3,9573696,78.0,5,white_matter,4.847009127002487e-10,1.5805157750089449e-09,8.81895722368933e-10,6.785812777803482e-12,1.843935070843769e-09,1.028878342763755e-09
inner_scalp_transparent_2mm,3,9573696,79.0,5,white_matter,2.996550803264127e-10,9.771171646428483e-10,5.452115451026811e-10,4.195171124569778e-12,1.1399700254166564e-09,6.36080135953128e-10
inner_scalp_transparent_2mm,3,9573696,80.0,5,white_matter,2.6910928454225405e-10,8.775132422402494e-10,4.896345780853655e-10,3.767529983591557e-12,1.023765449280291e-09,5.712403410995931e-10
inner_scalp_transparent_2mm,3,9573696,81.0,4,gray_matter,2.8953776356108746e-10,9.441265547030483e-10,5.268034543741422e-10,1.0423359488199148e-11,2.8323796641091444e-09,1.5804103631224262e-09
inner_scalp_transparent_2mm,3,9573696,82.0,4,gray_matter,2.3372036381615825e-10,7.621168276625743e-10,4.252457209781419e-10,8.413933097381696e-12,2.2863504829877223e-09,1.2757371629344254e-09
inner_scalp_transparent_2mm,3,9573696,83.0,3,CSF,1.597209487971999e-10,5.208190712227657e-10,2.9060647055985144e-10,4.791628463915996e-13,1.302047678056914e-10,7.265161763996285e-11
inner_scalp_transparent_2mm,3,9573696,84.0,3,CSF,1.6243890131061926e-10,5.296817878189714e-10,2.9555168653197147e-10,4.873167039318577e-13,1.3242044695474283e-10,7.388792163299285e-11
inner_scalp_transparent_2mm,3,9573696,85.0,3,CSF,1.2621190095903386e-10,4.1155255794408417e-10,2.2963797395747356e-10,3.7863570287710157e-13,1.0288813948602104e-10,5.740949348936839e-11
inner_scalp_transparent_2mm,3,9573696,86.0,3,CSF,8.87500171718742e-11,2.893966124202637e-10,1.614774357820289e-10,2.662500515156226e-13,7.23491531050659e-11,4.036935894550722e-11
inner_scalp_transparent_2mm,3,9573696,87.0,3,CSF,1.214689190156653e-10,3.96086612686596e-10,2.210082904195831e-10,3.644067570469959e-13,9.9021653171649e-11,5.525207260489577e-11
inner_scalp_transparent_2mm,3,9573696,88.0,3,CSF,9.05889088043962e-11,2.953928817846879e-10,1.648232323797425e-10,2.7176672641318864e-13,7.384822044617198e-11,4.1205808094935625e-11
inner_scalp_transparent_2mm,3,9573696,89.0,3,CSF,1.1453751799798171e-10,3.7348465679109117e-10,2.0839685778690076e-10,3.436125539939451e-13,9.337116419777278e-11,5.209921444672518e-11
inner_scalp_transparent_2mm,3,9573696,90.0,3,CSF,3.625567223121388e-10,1.182227233197407e-09,6.596588001906855e-10,1.0876701669364164e-12,2.9555680829935173e-10,1.6491470004767138e-10
inner_scalp_transparent_2mm,3,9573696,91.0,4,gray_matter,7.714352818643132e-11,2.515501003686047e-10,1.4035985023641587e-10,2.7771670147115274e-12,7.546503011058141e-10,4.2107955070924753e-10
inner_scalp_transparent_2mm,3,9573696,92.0,3,CSF,4.685714030873886e-11,1.527920568937919e-10,8.525486649180906e-11,1.4057142092621658e-13,3.819801422344798e-11,2.1313716622952264e-11
inner_scalp_transparent_2mm,3,9573696,93.0,3,CSF,5.109400928533151e-11,1.6660766581609641e-10,9.296369585191679e-11,1.5328202785599453e-13,4.1651916454024104e-11,2.3240923962979198e-11
inner_scalp_transparent_2mm,3,9573696,94.0,3,CSF,8.804247257080171e-11,2.8708944654907194e-10,1.6019008405497128e-10,2.6412741771240515e-13,7.177236163726798e-11,4.004752101374282e-11
inner_scalp_transparent_2mm,3,9573696,95.0,3,CSF,3.979600726684214e-10,1.297670700003663e-09,7.240739114864275e-10,1.1938802180052643e-12,3.244176750009158e-10,1.8101847787160689e-10
inner_scalp_transparent_2mm,3,9573696,96.0,3,CSF,3.0414485872527144e-11,9.917574621949165e-11,5.5338053397930537e-11,9.124345761758143e-14,2.4793936554872913e-11,1.3834513349482634e-11
inner_scalp_transparent_2mm,3,9573696,97.0,3,CSF,2.913784961364259e-11,9.501288270253503e-11,5.301526005005082e-11,8.741354884092777e-14,2.3753220675633757e-11,1.3253815012512703e-11
inner_scalp_transparent_2mm,3,9573696,98.0,3,CSF,2.7163727937137773e-11,8.857565436285468e-11,4.942341729438833e-11,8.149118381141332e-14,2.2143913590713674e-11,1.2355854323597082e-11
inner_scalp_transparent_2mm,3,9573696,99.0,3,CSF,1.8234153088922192e-11,5.945804071302054e-11,3.3176379884568955e-11,5.4702459266766576e-14,1.4864510178255134e-11,8.294094971142239e-12
inner_scalp_transparent_2mm,3,9573696,100.0,3,CSF,4.04512491822086e-11,1.319036869460914e-10,7.35995800369601e-11,1.213537475466258e-13,3.297592173652284e-11,1.839989500924002e-11
inner_skull_to_csf_2mm,1,873963303,0.0,1,scalp,0.3093070818626305,1.0,0.558633953651265,0.0037116849823515662,1.0,0.558633953651265
inner_skull_to_csf_2mm,1,873963303,1.0,1,scalp,0.553684715798209,1.790080952766906,1.0,0.006644216589578508,1.790080952766906,1.0
inner_skull_to_csf_2mm,1,873963303,2.0,1,scalp,0.3667272231513357,1.1856412111320704,0.6623394373865827,0.004400726677816029,1.1856412111320704,0.6623394373865827
inner_skull_to_csf_2mm,1,873963303,3.0,1,scalp,0.1447800532250347,0.46807868850973944,0.2614846483820947,0.0017373606387004164,0.46807868850973944,0.2614846483820947
inner_skull_to_csf_2mm,1,873963303,4.0,1,scalp,0.06587710552092266,0.21298285549821327,0.11897945462690294,0.0007905252662510719,0.21298285549821327,0.11897945462690294
inner_skull_to_csf_2mm,1,873963303,5.0,1,scalp,0.03596055433551369,0.11626165853998939,0.06494770996824763,0.0004315266520261643,0.11626165853998938,0.06494770996824763
inner_skull_to_csf_2mm,1,873963303,6.0,1,scalp,0.021222926621455775,0.06861442193192752,0.038330345801328734,0.0002546751194574693,0.06861442193192752,0.038330345801328734
inner_skull_to_csf_2mm,1,873963303,7.0,1,scalp,0.013106312008495997,0.04237313911330609,0.023671074231481237,0.00015727574410195197,0.04237313911330609,0.023671074231481237
inner_skull_to_csf_2mm,1,873963303,8.0,1,scalp,0.008271447675988933,0.02674186321948635,0.014938912778303006,9.92573721118672e-05,0.026741863219486354,0.014938912778303007
inner_skull_to_csf_2mm,1,873963303,9.0,1,scalp,0.005207681123883017,0.01683660487992271,0.009405499150135404,6.249217348659621e-05,0.016836604879922706,0.009405499150135404
inner_skull_to_csf_2mm,1,873963303,10.0,1,scalp,0.003202529172365701,0.010353882468775832,0.005784030299172763,3.843035006838842e-05,0.010353882468775832,0.005784030299172764
inner_skull_to_csf_2mm,1,873963303,11.0,2,skull,0.0019206436799171238,0.006209504381054296,0.0034688399826032124,4.80160919979281e-05,0.012936467460529783,0.007226749963756693
inner_skull_to_csf_2mm,1,873963303,12.0,2,skull,0.001131642792402528,0.003658638481821484,0.0020438396800805973,2.8291069810063198e-05,0.007622163503794758,0.004257999333501244
inner_skull_to_csf_2mm,1,873963303,13.0,2,skull,0.0006341373835557547,0.002050187081837938,0.0011453041152518768,1.5853434588893866e-05,0.00427122308716237,0.002386050240108077
inner_skull_to_csf_2mm,1,873963303,14.0,2,skull,0.0003360276577752548,0.001086388503463013,0.000606893504890824,8.400691444381371e-06,0.0022633093822146105,0.00126436146852255
inner_skull_to_csf_2mm,1,873963303,15.0,3,CSF,0.00020517960096998091,0.0006633524190083216,0.00037057118449474927,6.155388029099427e-07,0.0001658381047520804,9.26427961236873e-05
inner_skull_to_csf_2mm,1,873963303,16.0,3,CSF,0.00017732119306970874,0.0005732852671910714,0.0003202566153809701,5.319635792091263e-07,0.00014332131679776786,8.006415384524252e-05
inner_skull_to_csf_2mm,1,873963303,17.0,3,CSF,0.00016132815819743873,0.0005215792578234204,0.00029137188294038976,4.839844745923162e-07,0.0001303948144558551,7.284297073509744e-05
inner_skull_to_csf_2mm,1,873963303,18.0,3,CSF,0.00014301270651442298,0.000462364798287864,0.00025829267529671907,4.29038119543269e-07,0.000115591199571966,6.457316882417977e-05
inner_skull_to_csf_2mm,1,873963303,19.0,3,CSF,0.00013713933745848703,0.000443376002361929,0.000247684889153537,4.114180123754611e-07,0.00011084400059048225,6.192122228838425e-05
inner_skull_to_csf_2mm,1,873963303,20.0,3,CSF,0.00013548481152655855,0.00043802686543960247,0.00024469667964599576,4.0645443457967566e-07,0.0001095067163599006,6.117416991149894e-05
inner_skull_to_csf_2mm,1,873963303,21.0,3,CSF,0.00013503352098820614,0.0004365678282406002,0.00024388161192699287,4.0510056296461845e-07,0.00010914195706015005,6.097040298174822e-05
inner_skull_to_csf_2mm,1,873963303,22.0,4,gray_matter,0.00012426436735536842,0.00040175079926089996,0.00022443163737367224,4.473517224793263e-06,0.0012052523977826998,0.0006732949121210167
inner_skull_to_csf_2mm,1,873963303,23.0,4,gray_matter,9.80670899570178e-05,0.00031705413715865503,0.00017711720616242992,3.5304152384526406e-06,0.000951162411475965,0.0005313516184872897
inner_skull_to_csf_2mm,1,873963303,24.0,4,gray_matter,7.509616008888745e-05,0.0002427883630619203,0.0001356298231577993,2.703461763199948e-06,0.0007283650891857609,0.00040688946947339783
inner_skull_to_csf_2mm,1,873963303,25.0,5,white_matter,5.786050071091221e-05,0.00018706490767194663,0.0001045008089621884,8.10047009952771e-07,0.00021824239228393773,0.00012191761045588646
inner_skull_to_csf_2mm,1,873963303,26.0,5,white_matter,4.378956983725448e-05,0.00014157312394386855,7.908755395952385e-05,6.130539777215627e-07,0.00016516864460117996,9.226881295277783e-05
inner_skull_to_csf_2mm,1,873963303,27.0,5,white_matter,3.373870313402961e-05,0.00010907834030458329,6.093486450206749e-05,4.723418438764146e-07,0.0001272580636886805,7.109067525241208e-05
inner_skull_to_csf_2mm,1,873963303,28.0,5,white_matter,2.594932532058499e-05,8.38950248546511e-05,4.6866609426224886e-05,3.632905544881899e-07,9.787752899709295e-05,5.467771099726237e-05
inner_skull_to_csf_2mm,1,873963303,29.0,5,white_matter,1.9994282510063414e-05,6.46421749856451e-05,3.6111313784847823e-05,2.799199551408878e-07,7.541587081658595e-05,4.212986608232246e-05
inner_skull_to_csf_2mm,1,873963303,30.0,5,white_matter,1.555990636993366e-05,5.030569063027185e-05,2.810246684794616e-05,2.1783868917907124e-07,5.8689972401983824e-05,3.278621132260385e-05
inner_skull_to_csf_2mm,1,873963303,31.0,5,white_matter,1.214566082313146e-05,3.9267322138216e-05,2.193605941536945e-05,1.7003925152384045e-07,4.5811875827918665e-05,2.5592069317931025e-05
inner_skull_to_csf_2mm,1,873963303,32.0,5,white_matter,9.443947533636786e-06,3.053259394115985e-05,1.7056543668578785e-05,1.32215265470915e-07,3.562135959801983e-05,1.989930094667525e-05
inner_skull_to_csf_2mm,1,873963303,33.0,4,gray_matter,7.503518378028488e-06,2.4259122464454118e-05,1.3551969494428222e-05,2.7012666160902554e-07,7.277736739336234e-05,4.065590848328466e-05
inner_skull_to_csf_2mm,1,873963303,34.0,5,white_matter,6.102501368197816e-06,1.9729588250772932e-05,1.1021617888440828e-05,8.543501915476944e-08,2.301785295923509e-05,1.2858554203180968e-05
inner_skull_to_csf_2mm,1,873963303,35.0,5,white_matter,4.970785669571274e-06,1.6070714060723965e-05,8.977646533741202e-06,6.959099937399784e-08,1.874916640417796e-05,1.0473920956031405e-05
inner_skull_to_csf_2mm,1,873963303,36.0,5,white_matter,4.105776155994995e-06,1.3274109765836052e-05,7.415368419689861e-06,5.748086618392993e-08,1.5486461393475395e-05,8.651263156304838e-06
inner_skull_to_csf_2mm,1,873963303,37.0,5,white_matter,3.4007257405968043e-06,1.0994658512562396e-05,6.141989553918267e-06,4.761016036835526e-08,1.282710159798946e-05,7.1656544795713114e-06
inner_skull_to_csf_2mm,1,873963303,38.0,5,white_matter,2.8145738503922914e-06,9.099610113816599e-06,5.083351174566405e-06,3.940403390549208e-08,1.0616211799452698e-05,5.9305763703274715e-06
inner_skull_to_csf_2mm,1,873963303,39.0,5,white_matter,2.3733090714454857e-06,7.67298652573212e-06,4.286390799182618e-06,3.32263270002368e-08,8.951817613354141e-06,5.000789265713054e-06
inner_skull_to_csf_2mm,1,873963303,40.0,5,white_matter,1.9994064279445734e-06,6.46414694388585e-06,3.6110919642456943e-06,2.7991689991224028e-08,7.5415047678668245e-06,4.21294062495331e-06
inner_skull_to_csf_2mm,1,873963303,41.0,5,white_matter,1.6927133430411418e-06,5.4725980822932135e-06,3.0571791034557887e-06,2.3697986802575987e-08,6.384697762675417e-06,3.5667089540317537e-06
inner_skull_to_csf_2mm,1,873963303,42.0,5,white_matter,1.4222264802119162e-06,4.598105131144574e-06,2.568657648715462e-06,1.9911170722966827e-08,5.364455986335336e-06,2.9967672568347053e-06
inner_skull_to_csf_2mm,1,873963303,43.0,5,white_matter,1.2323412473385068e-06,3.984199908768382e-06,2.22570934717229e-06,1.7252777462739096e-08,4.648233226896445e-06,2.5966609050343387e-06
inner_skull_to_csf_2mm,1,873963303,44.0,5,white_matter,1.060847119795605e-06,3.429753736665973e-06,1.915976889963912e-06,1.485185967713847e-08,4.001379359443635e-06,2.235306371624564e-06
inner_skull_to_csf_2mm,1,873963303,45.0,5,white_matter,8.50854198567261e-07,2.750839694466299e-06,1.5367124543805464e-06,1.1911958779941654e-08,3.2093129768773487e-06,1.792831196777304e-06
inner_skull_to_csf_2mm,1,873963303,46.0,5,white_matter,6.925691037289594e-07,2.239098760876556e-06,1.2508365934041188e-06,9.695967452205432e-09,2.6122818876893154e-06,1.459309358971472e-06
inner_skull_to_csf_2mm,1,873963303,47.0,5,white_matter,5.709898406212583e-07,1.846028992232536e-06,1.031254474485722e-06,7.993857768697617e-09,2.153700490937959e-06,1.2031302202333424e-06
inner_skull_to_csf_2mm,1,873963303,48.0,5,white_matter,4.3451885843060533e-07,1.4048138045011976e-06,7.847766897523793e-07,6.083264018028475e-09,1.6389494385847304e-06,9.155728047111091e-07
inner_skull_to_csf_2mm,1,873963303,49.0,4,gray_matter,3.3491207274605616e-07,1.0827817802593907e-06,6.048786668478586e-07,1.2056834618858021e-08,3.2483453407781717e-06,1.8146360005435759e-06
inner_skull_to_csf_2mm,1,873963303,50.0,4,gray_matter,2.8467170776009774e-07,9.203530227818262e-07,5.141404478715043e-07,1.0248181479363518e-08,2.7610590683454784e-06,1.5424213436145127e-06
inner_skull_to_csf_2mm,1,873963303,51.0,4,gray_matter,2.519928564901446e-07,8.147012185193345e-07,4.55119762745959e-07,9.071742833645205e-09,2.444103655558003e-06,1.3653592882378767e-06
inner_skull_to_csf_2mm,1,873963303,52.0,4,gray_matter,2.233195188100428e-07,7.219993718385778e-07,4.0333336362391454e-07,8.03950267716154e-09,2.165998115515733e-06,1.2100000908717434e-06
inner_skull_to_csf_2mm,1,873963303,53.0,4,gray_matter,1.9863552172089342e-07,6.421951949005534e-07,3.5875204074314086e-07,7.150878781952163e-09,1.92658558470166e-06,1.0762561222294225e-06
inner_skull_to_csf_2mm,1,873963303,54.0,4,gray_matter,1.60888524578e-07,5.20157907827839e-07,2.90577868572836e-07,5.791986884808e-09,1.5604737234835167e-06,8.717336057185079e-07
inner_skull_to_csf_2mm,1,873963303,55.0,4,gray_matter,1.2199376239610327e-07,3.944098585181543e-07,2.203307386230326e-07,4.391775446259718e-09,1.1832295755544629e-06,6.609922158690978e-07
inner_skull_to_csf_2mm,1,873963303,56.0,4,gray_matter,9.966060491264788e-08,3.222060235817981e-07,1.7999522484375258e-07,3.5877817768553235e-09,9.666180707453942e-07,5.399856745312577e-07
inner_skull_to_csf_2mm,1,873963303,57.0,4,gray_matter,7.882111350223328e-08,2.548312603370631e-07,1.4235739447602834e-07,2.837560086080398e-09,7.644937810111892e-07,4.27072183428085e-07
inner_skull_to_csf_2mm,1,873963303,58.0,4,gray_matter,5.7193225673535596e-08,1.8490758546206278e-07,1.032956555267813e-07,2.0589561242472815e-09,5.547227563861883e-07,3.0988696658034387e-07
inner_skull_to_csf_2mm,1,873963303,59.0,4,gray_matter,4.70907720553408e-08,1.5224601962477782e-07,8.504979587065771e-08,1.6952677939922687e-09,4.567380588743334e-07,2.551493876119731e-07
inner_skull_to_csf_2mm,1,873963303,60.0,4,gray_matter,4.0728307980925034e-08,1.3167596336838254e-07,7.355866401731868e-08,1.466219087313301e-09,3.950278901051476e-07,2.20675992051956e-07
inner_skull_to_csf_2mm,1,873963303,61.0,4,gray_matter,3.347648569410433e-08,1.0823058267049932e-07,6.046127830320113e-08,1.205153484987756e-09,3.246917480114979e-07,1.8138383490960336e-07
inner_skull_to_csf_2mm,1,873963303,62.0,4,gray_matter,2.5764709057973644e-08,8.329815438696056e-08,4.653317731704124e-08,9.275295260870511e-10,2.4989446316088164e-07,1.395995319511237e-07
inner_skull_to_csf_2mm,1,873963303,63.0,4,gray_matter,2.1554431312341375e-08,6.968618753421926e-08,3.89290704571244e-08,7.759595272442894e-10,2.0905856260265771e-07,1.1678721137137317e-07
inner_skull_to_csf_2mm,1,873963303,64.0,4,gray_matter,1.4152666493527064e-08,4.5756037683652353e-08,2.5560876234634982e-08,5.094959937669743e-10,1.3726811305095705e-07,7.668262870390493e-08
inner_skull_to_csf_2mm,1,873963303,65.0,4,gray_matter,1.045591201787283e-08,3.38043085043766e-08,1.888423451024698e-08,3.7641283264342185e-10,1.014129255131298e-07,5.665270353074094e-08
inner_skull_to_csf_2mm,1,873963303,66.0,4,gray_matter,8.248108175188718e-09,2.666640584340668e-08,1.4896759725971468e-08,2.9693189430679384e-10,7.999921753022003e-08,4.4690279177914405e-08
inner_skull_to_csf_2mm,1,873963303,67.0,4,gray_matter,6.191001445910915e-09,2.0015711921722062e-08,1.1181456285976353e-08,2.2287605205279292e-10,6.004713576516618e-08,3.354436885792906e-08
inner_skull_to_csf_2mm,1,873963303,68.0,4,gray_matter,4.82074796406844e-09,1.5585637208945093e-08,8.706666134207264e-09,1.7354692670646385e-10,4.675691162683528e-08,2.6119998402621793e-08
inner_skull_to_csf_2mm,1,873963303,69.0,4,gray_matter,3.2269524161800426e-09,1.0432843621773901e-08,5.828140680256937e-09,1.1617028698248153e-10,3.12985308653217e-08,1.748442204077081e-08
inner_skull_to_csf_2mm,1,873963303,70.0,4,gray_matter,3.0657488924349773e-09,9.911667311246815e-09,5.536993897357811e-09,1.1036696012765918e-10,2.9735001933740443e-08,1.6610981692073434e-08
inner_skull_to_csf_2mm,1,873963303,71.0,4,gray_matter,2.4912615074620153e-09,8.054330642737868e-09,4.49942257096719e-09,8.968541426863254e-11,2.4162991928213604e-08,1.3498267712901568e-08
inner_skull_to_csf_2mm,1,873963303,72.0,5,white_matter,2.2455759589081863e-09,7.260021158860798e-09,4.055694323566246e-09,3.143806342471461e-11,8.470024685337597e-09,4.7316433774939535e-09
inner_skull_to_csf_2mm,1,873963303,73.0,5,white_matter,1.6227106660780292e-09,5.246277118215831e-09,2.9307485284990745e-09,2.271794932509241e-11,6.120656637918469e-09,3.4192066165822536e-09
inner_skull_to_csf_2mm,1,873963303,74.0,5,white_matter,1.1828597296158755e-09,3.824224529528255e-09,2.136341668580518e-09,1.656003621462226e-11,4.461595284449631e-09,2.4923986133439376e-09
inner_skull_to_csf_2mm,1,873963303,75.0,5,white_matter,7.641932131967645e-10,2.4706618697342278e-09,1.3801956084250582e-09,1.0698704984754704e-11,2.8824388480232657e-09,1.6102282098292348e-09
inner_skull_to_csf_2mm,1,873963303,76.0,5,white_matter,6.506598545962716e-10,2.10360477580414e-09,1.1751450528271496e-09,9.109237964347802e-12,2.4542055717714965e-09,1.3710025616316745e-09
inner_skull_to_csf_2mm,1,873963303,77.0,5,white_matter,6.180889600650181e-10,1.9983019992394606e-09,1.116319346424367e-09,8.653245440910253e-12,2.3313523324460372e-09,1.3023725708284282e-09
inner_skull_to_csf_2mm,1,873963303,78.0,5,white_matter,3.7437035058103434e-10,1.210351694266411e-09,6.761435522765523e-10,5.2411849081344805e-12,1.4120769766441462e-09,7.888341443226443e-10
inner_skull_to_csf_2mm,1,873963303,79.0,5,white_matter,4.3065396624733195e-10,1.3923184805661644e-09,7.777963775403983e-10,6.029155527462647e-12,1.624371560660525e-09,9.074291071304648e-10
inner_skull_to_csf_2mm,1,873963303,80.0,5,white_matter,4.2660363197390947e-10,1.3792236162357663e-09,7.704811417069812e-10,5.972450847634733e-12,1.6090942189417275e-09,8.988946653248114e-10
inner_skull_to_csf_2mm,1,873963303,81.0,4,gray_matter,1.8062918229567812e-10,5.839801054923766e-10,3.262311151848891e-10,6.5026505626444116e-12,1.7519403164771294e-09,9.786933455546672e-10
inner_skull_to_csf_2mm,1,873963303,82.0,4,gray_matter,1.6703066199050815e-10,5.400156407174984e-10,3.016710724075372e-10,6.013103831658293e-12,1.6200469221524951e-09,9.050132172226115e-10
inner_skull_to_csf_2mm,1,873963303,83.0,3,CSF,2.534154607088673e-10,8.193005448915463e-10,4.576891026214002e-10,7.602463821266019e-13,2.0482513622288657e-10,1.1442227565535005e-10
inner_skull_to_csf_2mm,1,873963303,84.0,3,CSF,3.1531983961167697e-10,1.0194394441693283e-09,5.694934872043599e-10,9.459595188350308e-13,2.5485986104233203e-10,1.4237337180108995e-10
inner_skull_to_csf_2mm,1,873963303,85.0,3,CSF,2.697935940196061e-10,8.72251590215535e-10,4.872693544207073e-10,8.093807820588183e-13,2.1806289755388374e-10,1.2181733860517684e-10
inner_skull_to_csf_2mm,1,873963303,86.0,3,CSF,1.821646783486046e-10,5.889444148889795e-10,3.290043469702616e-10,5.464940350458138e-13,1.4723610372224487e-10,8.225108674256538e-11
inner_skull_to_csf_2mm,1,873963303,87.0,3,CSF,1.6031543921217093e-10,5.183051039334762e-10,2.895428294079876e-10,4.809463176365128e-13,1.2957627598336904e-10,7.23857073519969e-11
inner_skull_to_csf_2mm,1,873963303,88.0,3,CSF,1.3605331469726466e-10,4.3986485494596167e-10,2.4572344299070276e-10,4.08159944091794e-13,1.0996621373649042e-10,6.143086074767569e-11
inner_skull_to_csf_2mm,1,873963303,89.0,3,CSF,1.768366975240732e-10,5.717188771080577e-10,3.1938157669593597e-10,5.305100925722196e-13,1.4292971927701443e-10,7.984539417398399e-11
inner_skull_to_csf_2mm,1,873963303,90.0,3,CSF,1.2677531834582803e-10,4.0986878665174404e-10,2.289666207655106e-10,3.803259550374841e-13,1.02467196662936e-10,5.7241655191377644e-11
inner_skull_to_csf_2mm,1,873963303,91.0,4,gray_matter,1.0695359906751069e-10,3.4578451428736097e-10,1.9316697032773078e-10,3.850329566430384e-12,1.0373535428620828e-09,5.795009109831923e-10
inner_skull_to_csf_2mm,1,873963303,92.0,3,CSF,7.133219158353873e-11,2.3061932870718682e-10,1.2883178738409644e-10,2.139965747506162e-13,5.7654832176796705e-11,3.220794684602411e-11
inner_skull_to_csf_2mm,1,873963303,93.0,3,CSF,1.3015127145540124e-10,4.207833544309342e-10,2.350638689163943e-10,3.904538143662037e-13,1.0519583860773355e-10,5.876596722909858e-11
inner_skull_to_csf_2mm,1,873963303,94.0,3,CSF,6.197262046641161e-11,2.0035952650426186e-10,1.1192763444277122e-10,1.8591786139923483e-13,5.0089881626065464e-11,2.7981908610692805e-11
inner_skull_to_csf_2mm,1,873963303,95.0,3,CSF,4.7857071955293156e-11,1.547234924822945e-10,8.643379632811594e-11,1.4357121586587948e-13,3.868087312057362e-11,2.1608449082028987e-11
inner_skull_to_csf_2mm,1,873963303,96.0,3,CSF,1.8161465128431933e-10,5.871661592442234e-10,3.2801095298882873e-10,5.44843953852958e-13,1.4679153981105585e-10,8.200273824720718e-11
inner_skull_to_csf_2mm,1,873963303,97.0,3,CSF,6.96128853023218e-11,2.250607547784447e-10,1.2572657925362038e-10,2.0883865590696542e-13,5.626518869461117e-11,3.1431644813405096e-11
inner_skull_to_csf_2mm,1,873963303,98.0,3,CSF,1.0157019777454283e-10,3.283798003036096e-10,1.8344410614281828e-10,3.047105933236285e-13,8.209495007590239e-11,4.586102653570457e-11
inner_skull_to_csf_2mm,1,873963303,99.0,3,CSF,1.8020774391871253e-09,5.8261758131598944e-09,3.2546996291728853e-09,5.406232317561376e-12,1.4565439532899734e-09,8.136749072932213e-10
inner_skull_to_csf_2mm,1,873963303,100.0,3,CSF,1.7295936308620912e-10,5.591833269534509e-10,3.1237879275187423e-10,5.188780892586274e-13,1.3979583173836274e-10,7.809469818796857e-11
inner_skull_to_csf_2mm,2,112149004,0.0,1,scalp,0.3090660225013961,1.0,0.5585787162649074,0.003708792270016753,1.0,0.5585787162649074
inner_skull_to_csf_2mm,2,112149004,1.0,1,scalp,0.5533079107776472,1.790257972388886,1.0,0.006639694929331767,1.790257972388886,1.0
inner_skull_to_csf_2mm,2,112149004,2.0,1,scalp,0.36664927397017066,1.1863137558853285,0.6626496148498275,0.004399791287642048,1.1863137558853287,0.6626496148498275
inner_skull_to_csf_2mm,2,112149004,3.0,1,scalp,0.14477318552664056,0.4684215506930614,0.2616503084569475,0.0017372782263196868,0.4684215506930614,0.2616503084569475
inner_skull_to_csf_2mm,2,112149004,4.0,1,scalp,0.0658880642612509,0.21318443136515688,0.1190802859996136,0.0007906567711350109,0.21318443136515688,0.1190802859996136
inner_skull_to_csf_2mm,2,112149004,5.0,1,scalp,0.035968225094048435,0.11637715722661154,0.06500580308619996,0.00043161870112858123,0.11637715722661154,0.06500580308619996
inner_skull_to_csf_2mm,2,112149004,6.0,1,scalp,0.02121912110043916,0.06865562551555894,0.03834957116484513,0.00025462945320526995,0.06865562551555894,0.03834957116484513
inner_skull_to_csf_2mm,2,112149004,7.0,1,scalp,0.013109706167809206,0.042417170485798024,0.02369332863754678,0.00015731647401371048,0.042417170485798024,0.02369332863754678
inner_skull_to_csf_2mm,2,112149004,8.0,1,scalp,0.008272100672687143,0.02676483362919577,0.014950266409639998,9.926520807224572e-05,0.02676483362919577,0.014950266409639996
inner_skull_to_csf_2mm,2,112149004,9.0,1,scalp,0.0052028903483682006,0.016834235954697022,0.00940324590887521,6.243468418041841e-05,0.016834235954697022,0.009403245908875209
inner_skull_to_csf_2mm,2,112149004,10.0,1,scalp,0.0031962003094618344,0.010341480708858564,0.005776531018632521,3.835440371354201e-05,0.010341480708858564,0.0057765310186325206
inner_skull_to_csf_2mm,2,112149004,11.0,2,skull,0.001919550442786812,0.006210810322180081,0.0034692264567281854,4.79887610696703e-05,0.012939188171208501,0.00722755511818372
inner_skull_to_csf_2mm,2,112149004,12.0,2,skull,0.0011313750598538274,0.003660625812883449,0.00204474766728662,2.8284376496345685e-05,0.007626303776840519,0.004259890973513792
inner_skull_to_csf_2mm,2,112149004,13.0,2,skull,0.0006313762154947945,0.002042852237152476,0.0011410937801475244,1.5784405387369866e-05,0.0042559421607343256,0.0023772787086406757
inner_skull_to_csf_2mm,2,112149004,14.0,2,skull,0.0003347297941619561,0.0010830365352129385,0.0006049611575072364,8.368244854048904e-06,0.0022563261150269553,0.0012603357448067426
inner_skull_to_csf_2mm,2,112149004,15.0,3,CSF,0.0002054928159008514,0.000664883231866496,0.00037138962212205013,6.164784477025542e-07,0.000166220807966624,9.284740553051252e-05
inner_skull_to_csf_2mm,2,112149004,16.0,3,CSF,0.00017712104115847504,0.000573084804744834,0.00032011297454529445,5.313631234754252e-07,0.0001432712011862085,8.002824363632361e-05
inner_skull_to_csf_2mm,2,112149004,17.0,3,CSF,0.000161210079517706,0.0005216040191444136,0.00029135690341230275,4.836302385531179e-07,0.0001304010047861034,7.283922585307567e-05
inner_skull_to_csf_2mm,2,112149004,18.0,3,CSF,0.00014372221533911998,0.00046502107923710953,0.0002597508774763864,4.3116664601735997e-07,0.00011625526980927738,6.49377193690966e-05
inner_skull_to_csf_2mm,2,112149004,19.0,3,CSF,0.0001375870004300749,0.0004451702562336932,0.00024866263024633627,4.127610012902247e-07,0.0001112925640584233,6.216565756158407e-05
inner_skull_to_csf_2mm,2,112149004,20.0,3,CSF,0.00013563713209115358,0.0004388613507023112,0.0002451386098935803,4.0691139627346074e-07,0.00010971533767557778,6.128465247339506e-05
inner_skull_to_csf_2mm,2,112149004,21.0,3,CSF,0.00013557662367807155,0.0004386655724262253,0.0002450292523154517,4.067298710342147e-07,0.00010966639310655633,6.125731307886292e-05
inner_skull_to_csf_2mm,2,112149004,22.0,4,gray_matter,0.00012496184710678593,0.00040432088294733683,0.00022584503975581728,4.498626495844293e-06,0.0012129626488420104,0.0006775351192674518
inner_skull_to_csf_2mm,2,112149004,23.0,4,gray_matter,9.796098438093492e-05,0.0003169581165477108,0.00017704605785096324,3.526595437713657e-06,0.0009508743496431325,0.0005311381735528896
inner_skull_to_csf_2mm,2,112149004,24.0,4,gray_matter,7.468374033721006e-05,0.00024164332181442788,0.00013497681649309102,2.688614652139562e-06,0.0007249299654432835,0.000404930449479273
inner_skull_to_csf_2mm,2,112149004,25.0,5,white_matter,5.765592177688585e-05,0.00018654888463718268,0.00010420223650128781,8.071829048764019e-07,0.00021764036541004647,0.00012156927591816912
inner_skull_to_csf_2mm,2,112149004,26.0,5,white_matter,4.39030651911068e-05,0.00014205076583890256,7.934653442674115e-05,6.146429126754953e-07,0.00016572589347871964,9.2570956831198e-05
inner_skull_to_csf_2mm,2,112149004,27.0,5,white_matter,3.340038685981409e-05,0.0001080687763394089,6.0364918355986424e-05,4.6760541603739734e-07,0.00012608023906264372,7.042573808198417e-05
inner_skull_to_csf_2mm,2,112149004,28.0,5,white_matter,2.5471624719186657e-05,8.241483328718737e-05,4.6035171778743474e-05,3.5660274606861323e-07,9.615063883505194e-05,5.3707700408534054e-05
inner_skull_to_csf_2mm,2,112149004,29.0,5,white_matter,1.9717098390601155e-05,6.379574898276659e-05,3.563494756995203e-05,2.760393774684162e-07,7.44283738132277e-05,4.1574105498277376e-05
inner_skull_to_csf_2mm,2,112149004,30.0,5,white_matter,1.5240467107824378e-05,4.93113639101352e-05,2.7544278350195008e-05,2.133665395095413e-07,5.752992456182441e-05,3.213499140856084e-05
inner_skull_to_csf_2mm,2,112149004,31.0,5,white_matter,1.1930679630501194e-05,3.860236571442369e-05,2.1562459885551262e-05,1.670295148270167e-07,4.50360933334943e-05,2.51562031998098e-05
inner_skull_to_csf_2mm,2,112149004,32.0,5,white_matter,9.390386867459044e-06,3.038310970406534e-05,1.697135841463267e-05,1.3146541614442663e-07,3.544696132140957e-05,1.979991815040478e-05
inner_skull_to_csf_2mm,2,112149004,33.0,4,gray_matter,7.444225927651698e-06,2.4086199665050765e-05,1.3454038488604299e-05,2.679921333954611e-07,7.225859899515228e-05,4.0362115465812886e-05
inner_skull_to_csf_2mm,2,112149004,34.0,5,white_matter,6.027281635267001e-06,1.95015989997405e-05,1.0893178134388051e-05,8.438194289373802e-08,2.2751865499697254e-05,1.2708707823452727e-05
inner_skull_to_csf_2mm,2,112149004,35.0,5,white_matter,4.854771566763501e-06,1.570787861917617e-05,8.774086674344413e-06,6.796680193468902e-08,1.8325858389038867e-05,1.0236434453401814e-05
inner_skull_to_csf_2mm,2,112149004,36.0,5,white_matter,4.025939083474944e-06,1.3026145840592228e-05,7.276127821517469e-06,5.636314716864922e-08,1.5197170147357597e-05,8.48881579177038e-06
inner_skull_to_csf_2mm,2,112149004,37.0,5,white_matter,3.3820130159202143e-06,1.0942687871504663e-05,6.112352543752647e-06,4.7348182222883e-08,1.2766469183422107e-05,7.131077967711421e-06
inner_skull_to_csf_2mm,2,112149004,38.0,5,white_matter,2.8213190433416128e-06,9.128531892660146e-06,5.09900362598537e-06,3.949846660678258e-08,1.064995387477017e-05,5.948837563649598e-06
inner_skull_to_csf_2mm,2,112149004,39.0,5,white_matter,2.3619552950558963e-06,7.64223539015916e-06,4.2687900336293474e-06,3.306737413078255e-08,8.91594128851902e-06,4.980255039234238e-06
inner_skull_to_csf_2mm,2,112149004,40.0,5,white_matter,2.043319280907454e-06,6.611271159378978e-06,3.6929153570851153e-06,2.8606469932704356e-08,7.71314968594214e-06,4.308401249932634e-06
inner_skull_to_csf_2mm,2,112149004,41.0,5,white_matter,1.7074397364495908e-06,5.52451454427307e-06,3.0858762421268618e-06,2.390415631029427e-08,6.445266968318582e-06,3.600188949148005e-06
inner_skull_to_csf_2mm,2,112149004,42.0,5,white_matter,1.4402059038344561e-06,4.6598648799317644e-06,2.602901342600212e-06,2.0162882653682386e-08,5.436509026587059e-06,3.0367182330335802e-06
inner_skull_to_csf_2mm,2,112149004,43.0,5,white_matter,1.2146546222043312e-06,3.930081386409418e-06,2.19525981563718e-06,1.7005164710860637e-08,4.5850949508109875e-06,2.56113645157671e-06
inner_skull_to_csf_2mm,2,112149004,44.0,5,white_matter,1.0092819919183866e-06,3.2655870216656624e-06,1.824087406413348e-06,1.4129947886857413e-08,3.809851525276606e-06,2.128101974148906e-06
inner_skull_to_csf_2mm,2,112149004,45.0,5,white_matter,8.410619081575864e-07,2.7213017508380018e-06,1.520061238552536e-06,1.177486671420621e-08,3.174852042644335e-06,1.7734047783112918e-06
inner_skull_to_csf_2mm,2,112149004,46.0,5,white_matter,6.995553848244098e-07,2.2634496641288023e-06,1.2643148077193022e-06,9.793775387541738e-09,2.640691274816936e-06,1.4750339423391858e-06
inner_skull_to_csf_2mm,2,112149004,47.0,5,white_matter,5.590997343621493e-07,1.8089977340023645e-06,1.0104676319851672e-06,7.827396281070091e-09,2.110497356336092e-06,1.178878903982695e-06
inner_skull_to_csf_2mm,2,112149004,48.0,5,white_matter,4.55767049655585e-07,1.4746591875964828e-06,8.237132359358946e-07,6.38073869517819e-09,1.7204357188625631e-06,9.609987752585436e-07
inner_skull_to_csf_2mm,2,112149004,49.0,4,gray_matter,3.5898560617212404e-07,1.1615175400605625e-06,6.487989764462022e-07,1.2923481822196464e-08,3.484552620181687e-06,1.946396929338606e-06
inner_skull_to_csf_2mm,2,112149004,50.0,4,gray_matter,2.9558117295835194e-07,9.56369032629644e-07,5.342073865217778e-07,1.0640922226500669e-08,2.8691070978889314e-06,1.6026221595653332e-06
inner_skull_to_csf_2mm,2,112149004,51.0,4,gray_matter,2.5264164805027507e-07,8.174358540144408e-07,4.5660226996429457e-07,9.095099329809902e-09,2.452307562043322e-06,1.3698068098928835e-06
inner_skull_to_csf_2mm,2,112149004,52.0,4,gray_matter,2.226562586383695e-07,7.204164884781657e-07,4.024093173102062e-07,8.015625310981301e-09,2.1612494654344965e-06,1.2072279519306185e-06
inner_skull_to_csf_2mm,2,112149004,53.0,4,gray_matter,2.0021195789021005e-07,6.47796727281161e-07,3.6184546432531924e-07,7.207630484047561e-09,1.9433901818434828e-06,1.0855363929759574e-06
inner_skull_to_csf_2mm,2,112149004,54.0,4,gray_matter,1.7088199099940742e-07,5.528980171174769e-07,3.088370646268931e-07,6.1517516759786664e-09,1.6586940513524307e-06,9.265111938806791e-07
inner_skull_to_csf_2mm,2,112149004,55.0,4,gray_matter,1.3801137327535692e-07,4.465433377579818e-07,2.4942960436150045e-07,4.968409437912849e-09,1.3396300132739455e-06,7.482888130845012e-07
inner_skull_to_csf_2mm,2,112149004,56.0,4,gray_matter,1.0317304108283209e-07,3.3382201074000636e-07,1.8646587022012287e-07,3.714229478981955e-09,1.001466032220019e-06,5.593976106603686e-07
inner_skull_to_csf_2mm,2,112149004,57.0,4,gray_matter,7.99058055321213e-08,2.585395990326318e-07,1.4441471733129136e-07,2.8766089991563665e-09,7.756187970978952e-07,4.33244151993874e-07
inner_skull_to_csf_2mm,2,112149004,58.0,4,gray_matter,6.265419250951956e-08,2.0272106264685417e-07,1.1323567093313769e-07,2.255550930342704e-09,6.081631879405626e-07,3.39707012799413e-07
inner_skull_to_csf_2mm,2,112149004,59.0,4,gray_matter,5.057375902737392e-08,1.6363416016442076e-07,9.14025591217284e-08,1.820655324985461e-09,4.909024804932623e-07,2.742076773651852e-07
inner_skull_to_csf_2mm,2,112149004,60.0,4,gray_matter,4.069378244252984e-08,1.3166695618359673e-07,7.354635935954127e-08,1.4649761679310742e-09,3.9500086855079016e-07,2.206390780786238e-07
inner_skull_to_csf_2mm,2,112149004,61.0,4,gray_matter,3.1136358122034846e-08,1.007433876750208e-07,5.627311215969101e-08,1.1209088923932544e-09,3.0223016302506236e-07,1.6881933647907302e-07
inner_skull_to_csf_2mm,2,112149004,62.0,4,gray_matter,2.0593936947323966e-08,6.663280803450642e-08,3.72196683730406e-08,7.413817301036627e-10,1.9989842410351922e-07,1.1165900511912179e-07
inner_skull_to_csf_2mm,2,112149004,63.0,4,gray_matter,1.61176808071782e-08,5.2149636756351615e-08,2.9129677153044113e-08,5.802365090584152e-10,1.5644891026905482e-07,8.738903145913233e-08
inner_skull_to_csf_2mm,2,112149004,64.0,4,gray_matter,1.3840529387994534e-08,4.478178893939082e-08,2.5014154177810954e-08,4.982590579678032e-10,1.3434536681817245e-07,7.504246253343286e-08
inner_skull_to_csf_2mm,2,112149004,65.0,4,gray_matter,9.430053110177067e-09,3.0511451999336065e-08,1.7043047689167484e-08,3.394819119663744e-10,9.153435599800819e-08,5.112914306750244e-08
inner_skull_to_csf_2mm,2,112149004,66.0,4,gray_matter,6.8148824013907014e-09,2.2049924304959526e-08,1.2316618412002673e-08,2.4533576645006525e-10,6.614977291487858e-08,3.6949855236008016e-08
inner_skull_to_csf_2mm,2,112149004,67.0,4,gray_matter,5.6349625231533786e-09,1.8232229080205428e-08,1.0184135114268861e-08,2.0285865083352162e-10,5.469668724061628e-08,3.0552405342806577e-08
inner_skull_to_csf_2mm,2,112149004,68.0,4,gray_matter,4.699206559649536e-09,1.5204539540182905e-08,8.492932177754392e-09,1.691714361473833e-10,4.561361862054871e-08,2.5478796533263175e-08
inner_skull_to_csf_2mm,2,112149004,69.0,4,gray_matter,4.388502635253347e-09,1.4199240019124147e-08,7.931393261819665e-09,1.579860948691205e-10,4.259772005737244e-08,2.3794179785458994e-08
inner_skull_to_csf_2mm,2,112149004,70.0,4,gray_matter,3.4721018132734577e-09,1.123417509686874e-08,6.275171103904133e-09,1.2499566527784447e-10,3.3702525290606216e-08,1.8825513311712396e-08
inner_skull_to_csf_2mm,2,112149004,71.0,4,gray_matter,2.623214182771555e-09,8.48755279386852e-09,4.740966343829706e-09,9.443571057977597e-11,2.5462658381605556e-08,1.4222899031489115e-08
inner_skull_to_csf_2mm,2,112149004,72.0,5,white_matter,1.974087336165286e-09,6.387267420042489e-09,3.5677916359280008e-09,2.7637222706314006e-11,7.45181199004957e-09,4.162423575249334e-09
inner_skull_to_csf_2mm,2,112149004,73.0,5,white_matter,1.6449880658233471e-09,5.322448752243274e-09,2.973006591413806e-09,2.302983292152686e-11,6.209523544283819e-09,3.4685076899827734e-09
inner_skull_to_csf_2mm,2,112149004,74.0,5,white_matter,1.2924347658291694e-09,4.181743290216677e-09,2.3358327987986213e-09,1.8094086721608374e-11,4.8787005052527895e-09,2.725138265265058e-09
inner_skull_to_csf_2mm,2,112149004,75.0,5,white_matter,1.0062153204671843e-09,3.2556646386538304e-09,1.8185449744483102e-09,1.408701448654058e-11,3.7982754117628016e-09,2.1216358035230284e-09
inner_skull_to_csf_2mm,2,112149004,76.0,5,white_matter,7.555539780733333e-10,2.4446361717743347e-09,1.3655217345644655e-09,1.0577755693026666e-11,2.8520755337367236e-09,1.5931086903252096e-09
inner_skull_to_csf_2mm,2,112149004,77.0,5,white_matter,6.165344813552501e-10,1.9948309955438893e-09,1.1142701366563529e-09,8.631482738973501e-12,2.3273028281345377e-09,1.2999818260990785e-09
inner_skull_to_csf_2mm,2,112149004,78.0,5,white_matter,5.101169447874804e-10,1.6505112424164196e-09,9.219404509697611e-10,7.1416372270247256e-12,1.925596449485823e-09,1.0755971927980546e-09
inner_skull_to_csf_2mm,2,112149004,79.0,5,white_matter,4.856656705919691e-10,1.5713978089900687e-09,8.777493708871608e-10,6.7993193882875674e-12,1.833297443821747e-09,1.0240409327016874e-09
inner_skull_to_csf_2mm,2,112149004,80.0,5,white_matter,4.953100468148741e-10,1.6026027151290522e-09,8.95179767299441e-10,6.934340655408237e-12,1.8697031676505607e-09,1.0443763951826812e-09
inner_skull_to_csf_2mm,2,112149004,81.0,4,gray_matter,5.200583344770071e-10,1.6826771518524263e-09,9.39907643370019e-10,1.8722100041172254e-11,5.048031455557279e-09,2.8197229301100567e-09
inner_skull_to_csf_2mm,2,112149004,82.0,4,gray_matter,1.7449097664747235e-10,5.645750873397419e-10,3.1535962752138105e-10,6.281675159309004e-12,1.6937252620192257e-09,9.46078882564143e-10
inner_skull_to_csf_2mm,2,112149004,83.0,3,CSF,1.5509631725237673e-10,5.018226073416923e-10,2.803074278016312e-10,4.652889517571302e-13,1.2545565183542308e-10,7.007685695040779e-11
inner_skull_to_csf_2mm,2,112149004,84.0,3,CSF,2.5611924128856114e-10,8.286877969169329e-10,4.628873657862547e-10,7.683577238656834e-13,2.0717194922923323e-10,1.1572184144656366e-10
inner_skull_to_csf_2mm,2,112149004,85.0,3,CSF,2.436821158742125e-10,7.884467982018688e-10,4.404096003827764e-10,7.310463476226375e-13,1.971116995504672e-10,1.101024000956941e-10
inner_skull_to_csf_2mm,2,112149004,86.0,3,CSF,2.9518618119085355e-10,9.55091015187605e-10,5.334935131796396e-10,8.855585435725607e-13,2.3877275379690123e-10,1.3337337829490987e-10
inner_skull_to_csf_2mm,2,112149004,87.0,3,CSF,2.6308212163836357e-10,8.512165766690682e-10,4.754714626592172e-10,7.892463649150907e-13,2.1280414416726705e-10,1.188678656648043e-10
inner_skull_to_csf_2mm,2,112149004,88.0,3,CSF,1.5003295418623905e-10,4.854398195309914e-10,2.711563512174895e-10,4.5009886255871717e-13,1.2135995488274786e-10,6.778908780437238e-11
inner_skull_to_csf_2mm,2,112149004,89.0,3,CSF,1.457921801927105e-10,4.717185636025453e-10,2.634919496954358e-10,4.3737654057813154e-13,1.1792964090063632e-10,6.587298742385895e-11
inner_skull_to_csf_2mm,2,112149004,90.0,3,CSF,1.531978148600018e-10,4.956798991364694e-10,2.768762417379679e-10,4.595934445800054e-13,1.2391997478411735e-10,6.921906043449197e-11
inner_skull_to_csf_2mm,2,112149004,91.0,4,gray_matter,2.0436390431909248e-10,6.612305767715677e-10,3.6934932672816664e-10,7.357100555487328e-12,1.9836917303147028e-09,1.1080479801844995e-09
inner_skull_to_csf_2mm,2,112149004,92.0,3,CSF,1.4867743293160448e-10,4.810539564598463e-10,2.6870650145349563e-10,4.4603229879481343e-13,1.2026348911496159e-10,6.71766253633739e-11
inner_skull_to_csf_2mm,2,112149004,93.0,3,CSF,1.0460898171970853e-10,3.38468075115685e-10,1.890610628947736e-10,3.138269451591256e-13,8.461701877892125e-11,4.726526572369339e-11
inner_skull_to_csf_2mm,2,112149004,94.0,3,CSF,7.821555921049152e-11,2.5307071472128e-10,1.413599149532552e-10,2.3464667763147455e-13,6.326767868032e-11,3.533997873831379e-11
inner_skull_to_csf_2mm,2,112149004,95.0,3,CSF,1.4638517756154777e-10,4.736372389847109e-10,2.6456368092733494e-10,4.391555326846433e-13,1.1840930974617773e-10,6.614092023183373e-11
inner_skull_to_csf_2mm,2,112149004,96.0,3,CSF,7.444499144980357e-11,2.408708367464343e-10,1.3454532277547737e-10,2.2333497434941072e-13,6.021770918660857e-11,3.363633069386934e-11
inner_skull_to_csf_2mm,2,112149004,97.0,3,CSF,6.284085349003717e-10,2.033250144465599e-09,1.135730255541032e-09,1.885225604701115e-12,5.083125361163998e-10,2.8393256388525793e-10
inner_skull_to_csf_2mm,2,112149004,98.0,3,CSF,3.098701809529061e-10,1.0026018986008284e-09,5.600320814452096e-10,9.296105428587182e-13,2.506504746502071e-10,1.4000802036130237e-10
inner_skull_to_csf_2mm,2,112149004,99.0,3,CSF,1.9931896055120807e-10,6.449073856066068e-10,3.602315395618961e-10,5.979568816536242e-13,1.6122684640165168e-10,9.005788489047401e-11
inner_skull_to_csf_2mm,2,112149004,100.0,3,CSF,2.5131951092445398e-11,8.13158007115838e-11,4.5421275573529525e-11,7.53958532773362e-14,2.032895017789595e-11,1.1355318893382381e-11
inner_skull_to_csf_2mm,3,9573696,0.0,1,scalp,0.30901018800874336,1.0,0.5585332233245881,0.0037081222561049206,1.0,0.5585332233245881
inner_skull_to_csf_2mm,3,9573696,1.0,1,scalp,0.5532530118251605,1.7904037902125944,1.0,0.006639036141901926,1.7904037902125942,1.0
inner_skull_to_csf_2mm,3,9573696,2.0,1,scalp,0.36674773338569316,1.1868467371545566,0.6628933336952048,0.004400972800628318,1.1868467371545566,0.6628933336952048
inner_skull_to_csf_2mm,3,9573696,3.0,1,scalp,0.14478744276058847,0.4685523273313298,0.2617020416806051,0.0017374493131270617,0.46855232733132973,0.2617020416806051
inner_skull_to_csf_2mm,3,9573696,4.0,1,scalp,0.0658861602790004,0.21321678972324426,0.11908866083104452,0.0007906339233480048,0.21321678972324423,0.11908866083104452
inner_skull_to_csf_2mm,3,9573696,5.0,1,scalp,0.03594999941262192,0.11633920436178216,0.06497931081120417,0.00043139999295146303,0.11633920436178215,0.06497931081120417
inner_skull_to_csf_2mm,3,9573696,6.0,1,scalp,0.0212115352042447,0.06864348176003998,0.038339665127657706,0.00025453842245093644,0.06864348176003998,0.038339665127657706
inner_skull_to_csf_2mm,3,9573696,7.0,1,scalp,0.013108644139496962,0.04242139789619511,0.023693760104896756,0.00015730372967396355,0.04242139789619511,0.02369376010489676
inner_skull_to_csf_2mm,3,9573696,8.0,1,scalp,0.00827536683365748,0.026780239470367662,0.014957653472788811,9.930440200388977e-05,0.02678023947036766,0.01495765347278881
inner_skull_to_csf_2mm,3,9573696,9.0,1,scalp,0.005205415363184037,0.016845449001949255,0.009408742929408683,6.246498435820845e-05,0.01684544900194925,0.009408742929408683
inner_skull_to_csf_2mm,3,9573696,10.0,1,scalp,0.003198902462657518,0.010352093836359228,0.00578198833858032,3.838682955189022e-05,0.010352093836359228,0.005781988338580321
inner_skull_to_csf_2mm,3,9573696,11.0,2,skull,0.0019173842994206743,0.006204922600695685,0.003465655420646147,4.793460748551686e-05,0.012926922084782676,0.0072201154596794725
inner_skull_to_csf_2mm,3,9573696,12.0,2,skull,0.001133369373467465,0.0036677411213231477,0.002048555270812757,2.833423433668663e-05,0.007641127336089891,0.0042678234808599105
inner_skull_to_csf_2mm,3,9573696,13.0,2,skull,0.0006349515107849339,0.0020547915098739983,0.0011476693252699215,1.587378776962335e-05,0.004280815645570831,0.0023909777609790036
inner_skull_to_csf_2mm,3,9573696,14.0,2,skull,0.00033622798087410734,0.0010880805679604126,0.0006077291468597778,8.405699521852684e-06,0.002266834516584193,0.001266102389291204
inner_skull_to_csf_2mm,3,9573696,15.0,3,CSF,0.0002051092318909191,0.000663762037143952,0.0003707331501265065,6.153276956727573e-07,0.000165940509285988,9.268328753162663e-05
inner_skull_to_csf_2mm,3,9573696,16.0,3,CSF,0.00017765891730244144,0.0005749289965074376,0.00032111694560207,5.329767519073243e-07,0.00014373224912685937,8.027923640051748e-05
inner_skull_to_csf_2mm,3,9573696,17.0,3,CSF,0.00016196338512006138,0.0005241360686641137,0.00029274740789164504,4.858901553601842e-07,0.00013103401716602842,7.318685197291127e-05
inner_skull_to_csf_2mm,3,9573696,18.0,3,CSF,0.00014380315204496328,0.00046536702550692085,0.00025992294478535634,4.3140945613488985e-07,0.00011634175637673021,6.498073619633908e-05
inner_skull_to_csf_2mm,3,9573696,19.0,3,CSF,0.00013779503048225603,0.00044592390746144966,0.00024906331739193885,4.133850914467681e-07,0.00011148097686536241,6.226582934798471e-05
inner_skull_to_csf_2mm,3,9573696,20.0,3,CSF,0.0001358177263598219,0.0004395250759692718,0.0002454893574131018,4.0745317907946567e-07,0.00010988126899231795,6.137233935327546e-05
inner_skull_to_csf_2mm,3,9573696,21.0,3,CSF,0.00013570705396587294,0.00043916692469062914,0.0002452893180250037,4.0712116189761885e-07,0.00010979173117265728,6.132232950625093e-05
inner_skull_to_csf_2mm,3,9573696,22.0,4,gray_matter,0.00012523566916831477,0.00040528006527982587,0.00022636238120994062,4.508484090059331e-06,0.0012158401958394774,0.0006790871436298218
inner_skull_to_csf_2mm,3,9573696,23.0,4,gray_matter,9.89578382357624e-05,0.0003202413450295769,0.00017886543068117112,3.562482176487446e-06,0.0009607240350887305,0.0005365962920435134
inner_skull_to_csf_2mm,3,9573696,24.0,4,gray_matter,7.578937116463406e-05,0.00024526495923328463,0.00013698862824914018,2.728417361926826e-06,0.0007357948776998539,0.0004109658847474205
inner_skull_to_csf_2mm,3,9573696,25.0,5,white_matter,5.813134213648855e-05,0.00018812111830708876,0.00010507189458348446,8.138387899108397e-07,0.00021947463802493686,0.0001225838770140652
inner_skull_to_csf_2mm,3,9573696,26.0,5,white_matter,4.3844128455524506e-05,0.0001418857052515173,7.92478802978124e-05,6.13817798377343e-07,0.00016553332279343683,9.245586034744779e-05
inner_skull_to_csf_2mm,3,9573696,27.0,5,white_matter,3.368550015534489e-05,0.00010901096941953178,6.088624812762919e-05,4.7159700217482844e-07,0.00012717946432278706,7.103395614890072e-05
inner_skull_to_csf_2mm,3,9573696,28.0,5,white_matter,2.5919906170991553e-05,8.38804258785738e-05,4.685000463979902e-05,3.6287868639388173e-07,9.786049685833609e-05,5.465833874643219e-05
inner_skull_to_csf_2mm,3,9573696,29.0,5,white_matter,1.989941982948172e-05,6.439729368702456e-05,3.596802801639397e-05,2.785918776127441e-07,7.513017596819532e-05,4.196269935245964e-05
inner_skull_to_csf_2mm,3,9573696,30.0,5,white_matter,1.5391410520669134e-05,4.980874779518155e-05,2.7819840455804225e-05,2.1547974728936787e-07,5.811020576104514e-05,3.2456480531771596e-05
inner_skull_to_csf_2mm,3,9573696,31.0,5,white_matter,1.197338331365467e-05,3.874753577159044e-05,2.1641786050391188e-05,1.676273663911654e-07,4.5205458400188845e-05,2.5248750392123055e-05
inner_skull_to_csf_2mm,3,9573696,32.0,5,white_matter,9.368434800502173e-06,3.0317559627636276e-05,1.693336430215909e-05,1.3115808720703043e-07,3.5370486232242324e-05,1.975559168585227e-05
inner_skull_to_csf_2mm,3,9573696,33.0,4,gray_matter,7.467621375987956e-06,2.4166262685735985e-05,1.3497660593572837e-05,2.688343695355664e-07,7.249878805720795e-05,4.049298178071851e-05
inner_skull_to_csf_2mm,3,9573696,34.0,5,white_matter,6.045423975671126e-06,1.956383384841691e-05,1.0927051179942978e-05,8.463593565939577e-08,2.282447282315306e-05,1.274822637660014e-05
inner_skull_to_csf_2mm,3,9573696,35.0,5,white_matter,4.93951741003579e-06,1.5984966197606492e-05,8.928134695083739e-06,6.915324374050106e-08,1.864912723054091e-05,1.0416157144264364e-05
inner_skull_to_csf_2mm,3,9573696,36.0,5,white_matter,4.112152078871428e-06,1.3307496770155278e-05,7.432679065416373e-06,5.757012910419999e-08,1.5525412898514493e-05,8.671458909652436e-06
inner_skull_to_csf_2mm,3,9573696,37.0,5,white_matter,3.403844538775347e-06,1.1015314934143971e-05,6.152419356102905e-06,4.7653823542854864e-08,1.28512007565013e-05,7.177822582120057e-06
inner_skull_to_csf_2mm,3,9573696,38.0,5,white_matter,2.866195326022712e-06,9.275407210656801e-06,5.18062308701627e-06,4.012673456431797e-08,1.0821308412432933e-05,6.044060268185648e-06
inner_skull_to_csf_2mm,3,9573696,39.0,5,white_matter,2.4101405325626324e-06,7.799550390534173e-06,4.356308020107601e-06,3.3741967455876856e-08,9.099475455623201e-06,5.082359356792202e-06
inner_skull_to_csf_2mm,3,9573696,40.0,5,white_matter,1.9900572000528705e-06,6.4401022272979634e-06,3.5970110555525908e-06,2.7860800800740188e-08,7.51345259851429e-06,4.196512898144689e-06
inner_skull_to_csf_2mm,3,9573696,41.0,5,white_matter,1.6622929215528641e-06,5.379411378843697e-06,3.004579977014537e-06,2.32721009017401e-08,6.275979941984313e-06,3.50534330651696e-06
inner_skull_to_csf_2mm,3,9573696,42.0,5,white_matter,1.4434257042158247e-06,4.671126584910473e-06,2.608979388027222e-06,2.0207959859021545e-08,5.449647682395552e-06,3.043809286031759e-06
inner_skull_to_csf_2mm,3,9573696,43.0,5,white_matter,1.2394799454123464e-06,4.011129708698393e-06,2.2403492053723295e-06,1.7352719235772848e-08,4.679651326814791e-06,2.613740739601051e-06
inner_skull_to_csf_2mm,3,9573696,44.0,5,white_matter,1.0046352990455605e-06,3.251139729467867e-06,1.815869552578317e-06,1.4064894186637848e-08,3.7929963510458443e-06,2.1185144780080366e-06
inner_skull_to_csf_2mm,3,9573696,45.0,5,white_matter,8.392524919386513e-07,2.7159379350783893e-06,1.5169415692288587e-06,1.1749534887141118e-08,3.168594257591454e-06,1.7697651641003351e-06
inner_skull_to_csf_2mm,3,9573696,46.0,5,white_matter,6.977938112180109e-07,2.2581579452592904e-06,1.2612562359417004e-06,9.769113357052153e-09,2.6345176028025053e-06,1.4714656085986505e-06
inner_skull_to_csf_2mm,3,9573696,47.0,5,white_matter,5.533802775481699e-07,1.7908156398148016e-06,1.0002300316858457e-06,7.747323885674379e-09,2.0892849131172686e-06,1.1669350369668202e-06
inner_skull_to_csf_2mm,3,9573696,48.0,5,white_matter,4.4315140951156944e-07,1.4340996727882337e-06,8.009923128111492e-07,6.2041197331619725e-09,1.673116284919606e-06,9.344910316130076e-07
inner_skull_to_csf_2mm,3,9573696,49.0,4,gray_matter,3.542663685959112e-07,1.1464553025866167e-06,6.40333375551269e-07,1.2753589269452802e-08,3.4393659077598497e-06,1.921000126653807e-06
inner_skull_to_csf_2mm,3,9573696,50.0,4,gray_matter,2.851465770804212e-07,9.227740318786934e-07,5.153999544254328e-07,1.0265276774895161e-08,2.7683220956360794e-06,1.5461998632762983e-06
inner_skull_to_csf_2mm,3,9573696,51.0,4,gray_matter,2.449442427494298e-07,7.926736795568022e-07,4.4273458528742237e-07,8.817992738979473e-09,2.378021038670406e-06,1.328203755862267e-06
inner_skull_to_csf_2mm,3,9573696,52.0,4,gray_matter,2.2451734311110976e-07,7.265693877535102e-07,4.058131421109406e-07,8.082624351999951e-09,2.1797081632605305e-06,1.2174394263328218e-06
inner_skull_to_csf_2mm,3,9573696,53.0,4,gray_matter,1.9359174209308598e-07,6.26489836275587e-07,3.4991538763509704e-07,6.969302715351095e-09,1.8794695088267608e-06,1.049746162905291e-06
inner_skull_to_csf_2mm,3,9573696,54.0,4,gray_matter,1.6278366817264148e-07,5.267906188518146e-07,2.942300623644585e-07,5.860212054215093e-09,1.5803718565554435e-06,8.826901870933756e-07
inner_skull_to_csf_2mm,3,9573696,55.0,4,gray_matter,1.3178157572219382e-07,4.2646353044665663e-07,2.3819405029075474e-07,4.744136725998977e-09,1.2793905913399699e-06,7.145821508722642e-07
inner_skull_to_csf_2mm,3,9573696,56.0,4,gray_matter,9.691135530864249e-08,3.1361864129185417e-07,1.7516643061541705e-07,3.4888087911111292e-09,9.408559238755622e-07,5.254992918462511e-07
inner_skull_to_csf_2mm,3,9573696,57.0,4,gray_matter,7.33787234173848e-08,2.3746376742539172e-07,1.3263140344290437e-07,2.6416340430258526e-09,7.12391302276175e-07,3.9789421032871305e-07
inner_skull_to_csf_2mm,3,9573696,58.0,4,gray_matter,6.13553058428438e-08,1.9855431381798897e-07,1.1089918090176318e-07,2.2087910103423766e-09,5.956629414539668e-07,3.3269754270528954e-07
inner_skull_to_csf_2mm,3,9573696,59.0,4,gray_matter,5.0796309210534595e-08,1.6438393030943475e-07,9.181388645849305e-08,1.8286671315792453e-09,4.931517909283041e-07,2.754416593754791e-07
inner_skull_to_csf_2mm,3,9573696,60.0,4,gray_matter,3.8904943712805127e-08,1.2590181561167272e-07,7.032034689600552e-08,1.4005779736609845e-09,3.777054468350181e-07,2.1096104068801653e-07
inner_skull_to_csf_2mm,3,9573696,61.0,4,gray_matter,3.180078204566299e-08,1.0291175915780225e-07,5.7479636560410986e-08,1.1448281536438676e-09,3.0873527747340673e-07,1.7243890968123296e-07
inner_skull_to_csf_2mm,3,9573696,62.0,4,gray_matter,2.3999785208408633e-08,7.76666470547876e-08,4.337940272432365e-08,8.639922675027107e-10,2.329999411643628e-07,1.3013820817297094e-07
inner_skull_to_csf_2mm,3,9573696,63.0,4,gray_matter,2.0281362246956242e-08,6.563331253784547e-08,3.665838560923293e-08,7.301290408904247e-10,1.9689993761353638e-07,1.099751568276988e-07
inner_skull_to_csf_2mm,3,9573696,64.0,4,gray_matter,1.4650424825193546e-08,4.7410814897724395e-08,2.6480515265271408e-08,5.274152937069677e-10,1.4223244469317317e-07,7.944154579581422e-08
inner_skull_to_csf_2mm,3,9573696,65.0,4,gray_matter,1.0048452673675596e-08,3.2518192161972594e-08,1.816249068491491e-08,3.6174429625232145e-10,9.755457648591777e-08,5.448747205474473e-08
inner_skull_to_csf_2mm,3,9573696,66.0,4,gray_matter,8.301263523122021e-09,2.686404476375109e-08,1.500446151343392e-08,2.9884548683239273e-10,8.059213429125325e-08,4.501338454030175e-08
inner_skull_to_csf_2mm,3,9573696,67.0,4,gray_matter,6.403031252687357e-09,2.07211007958941e-08,1.1573423218364418e-08,2.3050912509674484e-10,6.216330238768229e-08,3.4720269655093255e-08
inner_skull_to_csf_2mm,3,9573696,68.0,4,gray_matter,5.005010318885961e-09,1.6196910370943323e-08,9.046512557382424e-09,1.8018037147989458e-10,4.8590731112829955e-08,2.7139537672147267e-08
inner_skull_to_csf_2mm,3,9573696,69.0,4,gray_matter,3.217105558290112e-09,1.0411001588721356e-08,5.814890275385947e-09,1.1581580009844403e-10,3.1233004766164065e-08,1.744467082615784e-08
inner_skull_to_csf_2mm,3,9573696,70.0,4,gray_matter,2.9769578531913006e-09,9.63385017294986e-09,5.380825390123825e-09,1.0717048271488681e-10,2.890155051884957e-08,1.6142476170371475e-08
inner_skull_to_csf_2mm,3,9573696,71.0,4,gray_matter,2.8920168055934573e-09,9.358969114350458e-09,5.2272951864334265e-09,1.0411260500136445e-10,2.807690734305137e-08,1.568188555930028e-08
inner_skull_to_csf_2mm,3,9573696,72.0,5,white_matter,2.0385076153235753e-09,6.5968945181376875e-09,3.684584759147748e-09,2.8539106614530055e-11,7.696376937827301e-09,4.298682219005706e-09
inner_skull_to_csf_2mm,3,9573696,73.0,5,white_matter,2.0629563836184177e-09,6.676014136983881e-09,3.728775694890125e-09,2.8881389370657847e-11,7.788683159814528e-09,4.3502383107051464e-09
inner_skull_to_csf_2mm,3,9573696,74.0,5,white_matter,1.654483703454632e-09,5.3541396615952956e-09,2.99046488332084e-09,2.3162771848364848e-11,6.246496271861178e-09,3.4888756972076466e-09
inner_skull_to_csf_2mm,3,9573696,75.0,5,white_matter,1.284936493292605e-09,4.158233427747852e-09,2.3225115197360585e-09,1.798911090609647e-11,4.851272332372493e-09,2.7095967730254016e-09
inner_skull_to_csf_2mm,3,9573696,76.0,5,white_matter,8.999756384614371e-10,2.9124464933045267e-09,1.6266981276657707e-09,1.2599658938460119e-11,3.397854242188614e-09,1.8978144822767325e-09
inner_skull_to_csf_2mm,3,9573696,77.0,5,white_matter,8.756360588144869e-10,2.8336802241281154e-09,1.5827045494534176e-09,1.2258904823402818e-11,3.305960261482801e-09,1.8464886410289873e-09
inner_skull_to_csf_2mm,3,9573696,78.0,5,white_matter,1.254913614256818e-09,4.061075210314136e-09,2.2682454273803335e-09,1.756879059959545e-11,4.737921078699824e-09,2.6462863319437226e-09
inner_skull_to_csf_2mm,3,9573696,79.0,5,white_matter,4.212653833730007e-10,1.363273444437635e-09,7.61433511194566e-10,5.89771536722201e-12,1.5904856851772407e-09,8.883390963936603e-10
inner_skull_to_csf_2mm,3,9573696,80.0,5,white_matter,4.387072534719176e-10,1.4197177649673626e-09,7.92959539478401e-10,6.141901548606847e-12,1.656337392461923e-09,9.251194627248012e-10
inner_skull_to_csf_2mm,3,9573696,81.0,4,gray_matter,8.476483710257772e-10,2.7431081689830666e-09,1.5321170475501212e-09,3.0515341356927976e-11,8.229324506949199e-09,4.5963511426503635e-09
inner_skull_to_csf_2mm,3,9573696,82.0,4,gray_matter,6.063022137888882e-10,1.9620783952007856e-09,1.0958859704870297e-09,2.1826879696399973e-11,5.886235185602356e-09,3.287657911461089e-09
inner_skull_to_csf_2mm,3,9573696,83.0,3,CSF,2.360526771035584e-10,7.638993349205669e-10,4.2666315782869335e-10,7.081580313106753e-13,1.9097483373014173e-10,1.0666578945717334e-10
inner_skull_to_csf_2mm,3,9573696,84.0,3,CSF,1.639144769686798e-10,5.304500735880005e-10,2.9627398941387087e-10,4.917434309060393e-13,1.326125183970001e-10,7.406849735346772e-11
inner_skull_to_csf_2mm,3,9573696,85.0,3,CSF,1.607252265501242e-10,5.201292151104627e-10,2.905094470609348e-10,4.821756796503725e-13,1.3003230377761565e-10,7.26273617652337e-11
inner_skull_to_csf_2mm,3,9573696,86.0,3,CSF,1.785156452039171e-10,5.777014873013379e-10,3.226654738218249e-10,5.355469356117513e-13,1.4442537182533446e-10,8.066636845545622e-11
inner_skull_to_csf_2mm,3,9573696,87.0,3,CSF,2.0334405135742773e-10,6.580496671251311e-10,3.675426016870717e-10,6.100321540722832e-13,1.6451241678128275e-10,9.188565042176792e-11
inner_skull_to_csf_2mm,3,9573696,88.0,3,CSF,1.6664597545615642e-10,5.39289583071744e-10,3.0121114913843436e-10,4.999379263684693e-13,1.3482239576793597e-10,7.530278728460859e-11
inner_skull_to_csf_2mm,3,9573696,89.0,3,CSF,1.7359822897550975e-10,5.61788043605209e-10,3.137772868200316e-10,5.207946869265293e-13,1.4044701090130226e-10,7.844432170500792e-11
inner_skull_to_csf_2mm,3,9573696,90.0,3,CSF,3.5261770578283854e-10,1.1411200001368929e-09,6.373534318766132e-10,1.0578531173485157e-12,2.852800000342232e-10,1.5933835796915333e-10
inner_skull_to_csf_2mm,3,9573696,91.0,4,gray_matter,3.594031533291843e-10,1.1630786533129293e-09,6.496180692148915e-10,1.2938513519850634e-11,3.4892359599387874e-09,1.9488542076446742e-09
inner_skull_to_csf_2mm,3,9573696,92.0,3,CSF,1.0744450005536086e-10,3.4770536449859947e-10,1.9420499800065357e-10,3.223335001660826e-13,8.692634112464987e-11,4.85512495001634e-11
inner_skull_to_csf_2mm,3,9573696,93.0,3,CSF,2.714979561738829e-10,8.786051939692064e-10,4.907301910173459e-10,8.144938685216488e-13,2.196512984923016e-10,1.2268254775433646e-10
inner_skull_to_csf_2mm,3,9573696,94.0,3,CSF,8.260534079272299e-10,2.6732238611623284e-09,1.4930843398431964e-09,2.4781602237816895e-12,6.68305965290582e-10,3.7327108496079905e-10
inner_skull_to_csf_2mm,3,9573696,95.0,3,CSF,6.358366884123161e-10,2.057656067942735e-09,1.1492692761214535e-09,1.9075100652369486e-12,5.144140169856837e-10,2.873173190303634e-10
inner_skull_to_csf_2mm,3,9573696,96.0,3,CSF,4.651249530639128e-11,1.5052091196771553e-10,8.407093013908471e-11,1.3953748591917386e-13,3.763022799192888e-11,2.1017732534771182e-11
inner_skull_to_csf_2mm,3,9573696,97.0,3,CSF,2.968470837848551e-11,9.606385009430689e-11,5.365485183814326e-11,8.905412513545652e-14,2.401596252357672e-11,1.3413712959535816e-11
inner_skull_to_csf_2mm,3,9573696,98.0,3,CSF,2.5463424182890432e-11,8.240318659710323e-11,4.6024917422297566e-11,7.639027254867129e-14,2.0600796649275808e-11,1.1506229355574392e-11
inner_skull_to_csf_2mm,3,9573696,99.0,3,CSF,8.882726961260626e-11,2.8745741421992507e-10,1.6055451613280604e-10,2.664818088378188e-13,7.186435355498127e-11,4.013862903320152e-11
inner_skull_to_csf_2mm,3,9573696,100.0,3,CSF,2.2248247567724436e-10,7.199842733694893e-10,4.0213513694807224e-10,6.674474270317331e-13,1.799960683423723e-10,1.0053378423701806e-10
csf_into_gm_2mm,1,873963303,0.0,1,scalp,0.307879421794414,1.0,0.5582902025796377,0.003694553061532968,1.0,0.5582902025796377
csf_into_gm_2mm,1,873963303,1.0,1,scalp,0.5514684305256035,1.7911831434250438,1.0,0.006617621166307242,1.791183143425044,1.0
csf_into_gm_2mm,1,873963303,2.0,1,scalp,0.36671706853093716,1.1911061362711401,0.6649828861126644,0.004400604822371246,1.1911061362711404,0.6649828861126644
csf_into_gm_2mm,1,873963303,3.0,1,scalp,0.14480840631593014,0.47034129618648474,0.26258693752952195,0.0017377008757911618,0.47034129618648474,0.26258693752952195
csf_into_gm_2mm,1,873963303,4.0,1,scalp,0.06593144710706983,0.21414697586087922,0.11955615853518704,0.000791177365284838,0.21414697586087922,0.11955615853518704
csf_into_gm_2mm,1,873963303,5.0,1,scalp,0.03600004424333861,0.11692903680772006,0.06528033564682395,0.0004320005309200633,0.11692903680772007,0.06528033564682395
csf_into_gm_2mm,1,873963303,6.0,1,scalp,0.021260841302553686,0.06905573999924743,0.038553143073466634,0.00025513009563064425,0.06905573999924744,0.038553143073466634
csf_into_gm_2mm,1,873963303,7.0,1,scalp,0.013174775094643178,0.042791996353171706,0.02389035231279935,0.00015809730113571814,0.042791996353171706,0.02389035231279935
csf_into_gm_2mm,1,873963303,8.0,1,scalp,0.008355429467563435,0.027138642195913824,0.015151238049293034,0.00010026515361076123,0.027138642195913828,0.015151238049293034
csf_into_gm_2mm,1,873963303,9.0,1,scalp,0.005312446117534797,0.01725495678331556,0.009633273318060138,6.374935341041756e-05,0.01725495678331556,0.009633273318060138
csf_into_gm_2mm,1,873963303,10.0,1,scalp,0.0033425830472720392,0.010856792661849428,0.006061240974549042,4.0110996567264475e-05,0.01085679266184943,0.006061240974549042
csf_into_gm_2mm,1,873963303,11.0,2,skull,0.0020884942383606105,0.0067834810985035535,0.003787151036678692,5.221235595901527e-05,0.014132252288549071,0.007889897993080609
csf_into_gm_2mm,1,873963303,12.0,2,skull,0.0013172323039426972,0.004278403201699778,0.0023885905901943395,3.293080759856743e-05,0.008913340003541204,0.004976230396238207
csf_into_gm_2mm,1,873963303,13.0,2,skull,0.0008215038078256032,0.002668264748055039,0.0014896660667277537,2.0537595195640082e-05,0.005558884891781332,0.003103470972349487
csf_into_gm_2mm,1,873963303,14.0,2,skull,0.0004999293234810264,0.0016237828451388136,0.0009065420535578887,1.2498233087025661e-05,0.0033828809273725286,0.0018886292782456014
csf_into_gm_2mm,1,873963303,15.0,2,skull,0.00028687858606924897,0.0009317887645664466,0.0005202085381312318,7.171964651731225e-06,0.001941226592846764,0.0010837677877733997
csf_into_gm_2mm,1,873963303,16.0,2,skull,0.00015069507285377367,0.0004894613351404826,0.00027326146795047997,3.767376821344342e-06,0.0010197111148760054,0.0005692947248968332
csf_into_gm_2mm,1,873963303,17.0,3,CSF,8.671837408067745e-05,0.00028166343036262914,0.00015724993359642788,2.6015512224203237e-07,7.041585759065728e-05,3.931248339910697e-05
csf_into_gm_2mm,1,873963303,18.0,3,CSF,7.177513417381093e-05,0.00023312741642648227,0.00013015275254360834,2.153254025214328e-07,5.8281854106620566e-05,3.253818813590208e-05
csf_into_gm_2mm,1,873963303,19.0,3,CSF,6.726870005805664e-05,0.00021849040662085955,0.00012198105337406708,2.0180610017416992e-07,5.4622601655214886e-05,3.0495263343516768e-05
csf_into_gm_2mm,1,873963303,20.0,3,CSF,6.516259169239426e-05,0.0002116497143999006,0.00011816196192824296,1.9548777507718277e-07,5.291242859997515e-05,2.954049048206074e-05
csf_into_gm_2mm,1,873963303,21.0,3,CSF,6.40371827541441e-05,0.00020799435824881088,0.00011612121240215037,1.9211154826243232e-07,5.199858956220273e-05,2.903030310053759e-05
csf_into_gm_2mm,1,873963303,22.0,3,CSF,6.42006174580832e-05,0.00020852519822176703,0.00011641757515818942,1.926018523742496e-07,5.213129955544176e-05,2.9104393789547355e-05
csf_into_gm_2mm,1,873963303,23.0,3,CSF,6.578076512154493e-05,0.00021365755703370762,0.00011928292079901912,1.973422953646348e-07,5.3414389258426904e-05,2.9820730199754776e-05
csf_into_gm_2mm,1,873963303,24.0,4,gray_matter,6.342797292485751e-05,0.00020601562960973545,0.00011501650758939082,2.2834070252948704e-06,0.0006180468888292063,0.0003450495227681724
csf_into_gm_2mm,1,873963303,25.0,5,white_matter,5.218959484101675e-05,0.0001695130987866616,9.463750226150743e-05,7.306543277742346e-07,0.00019776528191777187,0.000110410419305092
csf_into_gm_2mm,1,873963303,26.0,5,white_matter,3.9714494364245164e-05,0.00012899366295018072,7.20158982199459e-05,5.560029210994323e-07,0.00015049260677521084,8.401854792327021e-05
csf_into_gm_2mm,1,873963303,27.0,5,white_matter,3.0222249958786602e-05,9.816261763336512e-05,5.4803227684278925e-05,4.2311149942301246e-07,0.00011452305390559265,6.393709896499208e-05
csf_into_gm_2mm,1,873963303,28.0,5,white_matter,2.303939535424471e-05,7.483252768231204e-05,4.177826703930434e-05,3.2255153495942595e-07,8.730461562936405e-05,4.874131154585505e-05
csf_into_gm_2mm,1,873963303,29.0,5,white_matter,1.7990739178864628e-05,5.843436717533501e-05,3.262333468793071e-05,2.518703485041048e-07,6.817342837122418e-05,3.8060557135919164e-05
csf_into_gm_2mm,1,873963303,30.0,5,white_matter,1.4317668308340656e-05,4.6504141864672123e-05,2.596280678242001e-05,2.004473563167692e-07,5.4254832175450815e-05,3.0289941246156677e-05
csf_into_gm_2mm,1,873963303,31.0,5,white_matter,1.1500367380338379e-05,3.7353478557646926e-05,2.0854081111002857e-05,1.610051433247373e-07,4.3579058317254757e-05,2.432976129617e-05
csf_into_gm_2mm,1,873963303,32.0,5,white_matter,9.576772817728551e-06,3.110559569688755e-05,1.7365949322975655e-05,1.3407481944819972e-07,3.628986164636881e-05,2.0260274210138265e-05
csf_into_gm_2mm,1,873963303,33.0,4,gray_matter,8.183055262393573e-06,2.6578766501184984e-05,1.4838664934263453e-05,2.9458998944616863e-07,7.973629950355496e-05,4.451599480279035e-05
csf_into_gm_2mm,1,873963303,34.0,5,white_matter,7.1196401525068446e-06,2.3124767842590573e-05,1.2910331323446982e-05,9.967496213509583e-08,2.697889581635567e-05,1.5062053210688147e-05
csf_into_gm_2mm,1,873963303,35.0,5,white_matter,6.259806408540992e-06,2.0332006511045637e-05,1.1351160033902182e-05,8.763728971957389e-08,2.372067426288658e-05,1.3243020039552544e-05
csf_into_gm_2mm,1,873963303,36.0,5,white_matter,5.578644448394103e-06,1.8119575565915e-05,1.011598151335174e-05,7.810102227751745e-08,2.113950482690084e-05,1.1801978432243696e-05
csf_into_gm_2mm,1,873963303,37.0,5,white_matter,4.901940796877853e-06,1.5921625317820415e-05,8.888887424083049e-06,6.862717115628995e-08,1.8575229537457154e-05,1.0370368661430223e-05
csf_into_gm_2mm,1,873963303,38.0,5,white_matter,4.380062694833597e-06,1.422655229539302e-05,7.94254476300478e-06,6.132087772767035e-08,1.659764434462519e-05,9.266302223505574e-06
csf_into_gm_2mm,1,873963303,39.0,5,white_matter,3.926407460295781e-06,1.2753068839130253e-05,7.119913385710094e-06,5.496970444414094e-08,1.4878580312318629e-05,8.306565616661777e-06
csf_into_gm_2mm,1,873963303,40.0,5,white_matter,3.5422412116208474e-06,1.1505287332864271e-05,6.4232891958017335e-06,4.9591376962691866e-08,1.3422835221674984e-05,7.493837395102022e-06
csf_into_gm_2mm,1,873963303,41.0,5,white_matter,3.250865662097682e-06,1.0558892319436803e-05,5.894926132034954e-06,4.5512119269367554e-08,1.2318707706009605e-05,6.877413820707446e-06
csf_into_gm_2mm,1,873963303,42.0,5,white_matter,2.977192752154742e-06,9.669995918540985e-06,5.3986639803065165e-06,4.168069853016639e-08,1.1281661904964484e-05,6.298441310357602e-06
csf_into_gm_2mm,1,873963303,43.0,5,white_matter,2.6952523344113704e-06,8.754246447205297e-06,4.88741002244232e-06,3.7733532681759186e-08,1.0213287521739516e-05,5.701978359516039e-06
csf_into_gm_2mm,1,873963303,44.0,5,white_matter,2.432105588636195e-06,7.899539288664215e-06,4.410235389754152e-06,3.404947824090673e-08,9.21612917010825e-06,5.1452746213798424e-06
csf_into_gm_2mm,1,873963303,45.0,5,white_matter,2.1507250164839473e-06,6.9856082096974005e-06,3.899996622533942e-06,3.011015023077526e-08,8.149876244646967e-06,4.549996059622932e-06
csf_into_gm_2mm,1,873963303,46.0,5,white_matter,1.9259201793262187e-06,6.25543652154917e-06,3.49234892283975e-06,2.6962882510567062e-08,7.298009275140697e-06,4.074407076646374e-06
csf_into_gm_2mm,1,873963303,47.0,5,white_matter,1.6323125049730823e-06,5.301791511298395e-06,2.9599382568777846e-06,2.2852375069623152e-08,6.185423429848128e-06,3.4532612996907485e-06
csf_into_gm_2mm,1,873963303,48.0,5,white_matter,1.394429408756332e-06,4.529141313275103e-06,2.528575221300164e-06,1.9522011722588648e-08,5.283998198820955e-06,2.950004424850191e-06
csf_into_gm_2mm,1,873963303,49.0,4,gray_matter,1.2355910961311791e-06,4.013230533336012e-06,2.2405472874549495e-06,4.448127946072244e-08,1.2039691600008034e-05,6.721641862364847e-06
csf_into_gm_2mm,1,873963303,50.0,4,gray_matter,1.1822996517029562e-06,3.840138599754922e-06,2.143911756791062e-06,4.256278746130642e-08,1.1520415799264766e-05,6.431735270373185e-06
csf_into_gm_2mm,1,873963303,51.0,4,gray_matter,1.2111574739240513e-06,3.933869522246926e-06,2.1962408124970987e-06,4.360166906126584e-08,1.1801608566740776e-05,6.588722437491295e-06
csf_into_gm_2mm,1,873963303,52.0,3,CSF,1.2950575446436627e-06,4.20637903337507e-06,2.3483802026697085e-06,3.8851726339309886e-09,1.0515947583437677e-06,5.870950506674271e-07
csf_into_gm_2mm,1,873963303,53.0,3,CSF,1.3450041187927404e-06,4.368606745308443e-06,2.4389503448290226e-06,4.035012356378221e-09,1.0921516863271108e-06,6.097375862072556e-07
csf_into_gm_2mm,1,873963303,54.0,3,CSF,1.311238985886852e-06,4.258936755969452e-06,2.37772266426405e-06,3.933716957660557e-09,1.064734188992363e-06,5.944306660660125e-07
csf_into_gm_2mm,1,873963303,55.0,4,gray_matter,1.1755833489670676e-06,3.818323881847685e-06,2.1317328135114124e-06,4.232100056281443e-08,1.1454971645543054e-05,6.395198440534236e-06
csf_into_gm_2mm,1,873963303,56.0,4,gray_matter,9.573559918242707e-07,3.1095160119650464e-06,1.736012324244593e-06,3.4464815705673745e-08,9.328548035895139e-06,5.2080369727337785e-06
csf_into_gm_2mm,1,873963303,57.0,4,gray_matter,7.573542255471141e-07,2.459905313362697e-06,1.3733410357239874e-06,2.7264752119696105e-08,7.379715940088092e-06,4.120023107171962e-06
csf_into_gm_2mm,1,873963303,58.0,4,gray_matter,6.322507305168707e-07,2.0535660578804617e-06,1.146485810464751e-06,2.2761026298607343e-08,6.1606981736413846e-06,3.4394574313942525e-06
csf_into_gm_2mm,1,873963303,59.0,4,gray_matter,5.755803089189776e-07,1.8694991226250917e-06,1.0437230438928175e-06,2.072089112108319e-08,5.608497367875275e-06,3.131169131678452e-06
csf_into_gm_2mm,1,873963303,60.0,4,gray_matter,5.438920485658506e-07,1.7665748668614611e-06,9.862614402921816e-07,1.958011374837062e-08,5.299724600584383e-06,2.9587843208765447e-06
csf_into_gm_2mm,1,873963303,61.0,4,gray_matter,5.321242814820878e-07,1.728352867433319e-06,9.649224724884454e-07,1.915647413335516e-08,5.185058602299957e-06,2.894767417465336e-06
csf_into_gm_2mm,1,873963303,62.0,4,gray_matter,4.870411130601064e-07,1.5819216179551205e-06,8.831713405532725e-07,1.7533480070163828e-08,4.745764853865361e-06,2.649514021659817e-06
csf_into_gm_2mm,1,873963303,63.0,4,gray_matter,4.2433437411244773e-07,1.378248574196025e-06,7.694626756929957e-07,1.5276037468048118e-08,4.1347457225880755e-06,2.3083880270789868e-06
csf_into_gm_2mm,1,873963303,64.0,4,gray_matter,3.403840786455381e-07,1.1055759318426583e-06,6.172322109556094e-07,1.225382683123937e-08,3.3167277955279743e-06,1.851696632866828e-06
csf_into_gm_2mm,1,873963303,65.0,4,gray_matter,2.6265555742137515e-07,8.531117665823179e-07,4.762839409883149e-07,9.455600067169505e-09,2.559335299746954e-06,1.4288518229649445e-06
csf_into_gm_2mm,1,873963303,66.0,4,gray_matter,2.1508185371299214e-07,6.985911967075626e-07,3.900166207302167e-07,7.742946733667716e-09,2.095773590122688e-06,1.17004986219065e-06
csf_into_gm_2mm,1,873963303,67.0,4,gray_matter,1.987588847406827e-07,6.455737885379155e-07,3.60417521182937e-07,7.155319850664577e-09,1.9367213656137464e-06,1.081252563548811e-06
csf_into_gm_2mm,1,873963303,68.0,4,gray_matter,1.8035029781774182e-07,5.857822415236652e-07,3.270364862878013e-07,6.492610721438705e-09,1.7573467245709955e-06,9.811094588634038e-07
csf_into_gm_2mm,1,873963303,69.0,4,gray_matter,1.821972985474762e-07,5.917813457150707e-07,3.303857273821174e-07,6.559102747709142e-09,1.7753440371452119e-06,9.91157182146352e-07
csf_into_gm_2mm,1,873963303,70.0,3,CSF,1.8856072293741773e-07,6.12449906000307e-07,3.4192478209079147e-07,5.656821688122532e-10,1.5311247650007677e-07,8.548119552269787e-08
csf_into_gm_2mm,1,873963303,71.0,3,CSF,1.9681839555137603e-07,6.392710315105151e-07,3.5689875368529947e-07,5.904551866541281e-10,1.5981775787762878e-07,8.922468842132485e-08
csf_into_gm_2mm,1,873963303,72.0,5,white_matter,1.8534560676437555e-07,6.02007128908212e-07,3.3609468195255173e-07,2.5948384947012576e-09,7.023416503929139e-07,3.9211046227797696e-07
csf_into_gm_2mm,1,873963303,73.0,5,white_matter,1.6022845939355654e-07,5.204260111302561e-07,2.905487431816235e-07,2.2431984315097917e-09,6.071636796519655e-07,3.3897353371189406e-07
csf_into_gm_2mm,1,873963303,74.0,5,white_matter,1.1861722118555103e-07,3.852716771202639e-07,2.150934026676689e-07,1.6606410965977144e-09,4.494836233069746e-07,2.509423031122804e-07
csf_into_gm_2mm,1,873963303,75.0,5,white_matter,9.119098383963262e-08,2.9619057781823836e-07,1.6536029769232424e-07,1.2766737737548567e-09,3.455556741212781e-07,1.929203473077116e-07
csf_into_gm_2mm,1,873963303,76.0,5,white_matter,6.159304268026932e-08,2.0005573065353478e-07,1.1168915439377937e-07,8.623025975237705e-10,2.3339835242912395e-07,1.3030401345940928e-07
csf_into_gm_2mm,1,873963303,77.0,5,white_matter,3.614512664880216e-08,1.1740026805993552e-07,6.554341943808518e-08,5.060317730832303e-10,1.3696697940325813e-07,7.646732267776603e-08
csf_into_gm_2mm,1,873963303,78.0,5,white_matter,2.765670214840234e-08,8.982965469796828e-08,5.015101611898762e-08,3.871938300776328e-10,1.0480126381429634e-07,5.850951880548555e-08
csf_into_gm_2mm,1,873963303,79.0,5,white_matter,2.1665029072215003e-08,7.036855190238012e-08,3.928607309681555e-08,3.033104070110101e-10,8.209664388611015e-08,4.58337519462848e-08
csf_into_gm_2mm,1,873963303,80.0,5,white_matter,1.9444985071456158e-08,6.315779391206118e-08,3.5260377557647645e-08,2.7222979100038623e-10,7.368409289740472e-08,4.1137107150588916e-08
csf_into_gm_2mm,1,873963303,81.0,3,CSF,1.5891387908731106e-08,5.161562216828689e-08,2.8816496156606926e-08,4.767416372619332e-11,1.2903905542071723e-08,7.204124039151731e-09
csf_into_gm_2mm,1,873963303,82.0,3,CSF,1.574153174176049e-08,5.1128885620266855e-08,2.8544755910609907e-08,4.7224595225281466e-11,1.2782221405066714e-08,7.136188977652477e-09
csf_into_gm_2mm,1,873963303,83.0,3,CSF,1.5582900486505635e-08,5.061364736780327e-08,2.8257103442265233e-08,4.6748701459516905e-11,1.2653411841950817e-08,7.064275860566307e-09
csf_into_gm_2mm,1,873963303,84.0,3,CSF,1.3677801393727666e-08,4.4425838251901734e-08,2.4802510237424437e-08,4.1033404181183e-11,1.1106459562975433e-08,6.200627559356108e-09
csf_into_gm_2mm,1,873963303,85.0,3,CSF,1.2140011591377886e-08,3.943105882368572e-08,2.201397381860511e-08,3.642003477413366e-11,9.85776470592143e-09,5.503493454651277e-09
csf_into_gm_2mm,1,873963303,86.0,3,CSF,1.5460095283515064e-08,5.021477302188296e-08,2.803441580287756e-08,4.63802858505452e-11,1.2553693255470741e-08,7.00860395071939e-09
csf_into_gm_2mm,1,873963303,87.0,3,CSF,1.3290737345606096e-08,4.316864462114316e-08,2.41006313506264e-08,3.9872212036818285e-11,1.079216115528579e-08,6.025157837656599e-09
csf_into_gm_2mm,1,873963303,88.0,3,CSF,1.1663424105416922e-08,3.7883090845886916e-08,2.1149758462693024e-08,3.499027231625077e-11,9.47077271147173e-09,5.287439615673256e-09
csf_into_gm_2mm,1,873963303,89.0,3,CSF,9.672035483493937e-09,3.1415011198612756e-08,1.7538692966115103e-08,2.901610645048181e-11,7.853752799653189e-09,4.384673241528776e-09
csf_into_gm_2mm,1,873963303,90.0,3,CSF,7.487708941237354e-09,2.432026439960401e-08,1.3577765338445274e-08,2.2463126823712064e-11,6.080066099901003e-09,3.3944413346113185e-09
csf_into_gm_2mm,1,873963303,91.0,3,CSF,9.634355306933202e-09,3.1292625050356655e-08,1.747036597861226e-08,2.890306592079961e-11,7.823156262589164e-09,4.367591494653065e-09
csf_into_gm_2mm,1,873963303,92.0,3,CSF,1.2310461416878274e-08,3.998468408550723e-08,2.2323057378180646e-08,3.693138425063482e-11,9.996171021376808e-09,5.580764344545161e-09
csf_into_gm_2mm,1,873963303,93.0,3,CSF,1.0148506713603154e-08,3.296260157452096e-08,1.840269751059119e-08,3.0445520140809464e-11,8.240650393630241e-09,4.600674377647798e-09
csf_into_gm_2mm,1,873963303,94.0,3,CSF,1.1555393613746575e-08,3.75322051288724e-08,2.095386240465869e-08,3.466618084123972e-11,9.3830512822181e-09,5.238465601164672e-09
csf_into_gm_2mm,1,873963303,95.0,3,CSF,1.0678172640145851e-08,3.468296964412316e-08,1.9363162148680942e-08,3.203451792043756e-11,8.67074241103079e-09,4.8407905371702355e-09
csf_into_gm_2mm,1,873963303,96.0,3,CSF,8.411401174786981e-09,2.7320439689547294e-08,1.5252733808842133e-08,2.5234203524360944e-11,6.830109922386824e-09,3.813183452210533e-09
csf_into_gm_2mm,1,873963303,97.0,3,CSF,9.625376989106382e-09,3.126346325131698e-08,1.7454085231918815e-08,2.8876130967319145e-11,7.815865812829244e-09,4.363521307979703e-09
csf_into_gm_2mm,1,873963303,98.0,3,CSF,7.816196802237472e-09,2.5387201121407604e-08,1.4173425657000658e-08,2.3448590406712417e-11,6.346800280351901e-09,3.543356414250164e-09
csf_into_gm_2mm,1,873963303,99.0,3,CSF,6.792881291730241e-09,2.2063446956406775e-08,1.231780627089743e-08,2.0378643875190725e-11,5.515861739101694e-09,3.079451567724357e-09
csf_into_gm_2mm,1,873963303,100.0,3,CSF,6.602377529780879e-09,2.144468601149188e-08,1.1972358097612526e-08,1.9807132589342637e-11,5.36117150287297e-09,2.993089524403131e-09
csf_into_gm_2mm,2,112149004,0.0,1,scalp,0.3082854445216253,1.0,0.5582929786462171,0.003699425334259504,1.0,0.558292978646217
csf_into_gm_2mm,2,112149004,1.0,1,scalp,0.5521929458421181,1.791174236912062,1.0,0.0066263153501054176,1.7911742369120622,1.0
csf_into_gm_2mm,2,112149004,2.0,1,scalp,0.36674442437917193,1.1896261432266417,0.664159922977413,0.004400933092550063,1.1896261432266417,0.664159922977413
csf_into_gm_2mm,2,112149004,3.0,1,scalp,0.14483737755770057,0.46981581560702146,0.2622948711103459,0.001738048530692407,0.4698158156070215,0.2622948711103459
csf_into_gm_2mm,2,112149004,4.0,1,scalp,0.06595980718789216,0.21395692972220512,0.11945065159660923,0.0007915176862547059,0.21395692972220512,0.11945065159660923
csf_into_gm_2mm,2,112149004,5.0,1,scalp,0.03603757845112221,0.11689678864677726,0.06526265632778656,0.0004324509414134665,0.11689678864677726,0.06526265632778655
csf_into_gm_2mm,2,112149004,6.0,1,scalp,0.02127940567332544,0.06902500929404973,0.03853617803985784,0.00025535286807990524,0.06902500929404971,0.03853617803985783
csf_into_gm_2mm,2,112149004,7.0,1,scalp,0.013187878782375685,0.042778142843687174,0.023882736789155465,0.00015825454538850823,0.042778142843687174,0.023882736789155465
csf_into_gm_2mm,2,112149004,8.0,1,scalp,0.008371170942443537,0.027153961016334407,0.015159865777852595,0.00010045405130932244,0.027153961016334403,0.015159865777852593
csf_into_gm_2mm,2,112149004,9.0,1,scalp,0.005321777973792975,0.01726250158210005,0.009637533427155672,6.38613356855157e-05,0.01726250158210005,0.009637533427155672
csf_into_gm_2mm,2,112149004,10.0,1,scalp,0.0033411659206493646,0.010837897085390912,0.006050721846064046,4.009399104779238e-05,0.010837897085390912,0.006050721846064046
csf_into_gm_2mm,2,112149004,11.0,2,skull,0.0020863744128594864,0.006767670838618309,0.003778343110989358,5.2159360321487165e-05,0.01409931424712148,0.007871548147894496
csf_into_gm_2mm,2,112149004,12.0,2,skull,0.0013166032532056123,0.004270727913374634,0.0023843174077454675,3.291508133014031e-05,0.008897349819530487,0.004967327932803057
csf_into_gm_2mm,2,112149004,13.0,2,skull,0.0008222869199392375,0.0026672907675391612,0.0014891297075249929,2.0557172998480938e-05,0.005556855765706586,0.003102353557343735
csf_into_gm_2mm,2,112149004,14.0,2,skull,0.0005009355231788559,0.0016249081235611717,0.0009071747963294019,1.2523388079471399e-05,0.003385225257419108,0.0018899474923529207
csf_into_gm_2mm,2,112149004,15.0,2,skull,0.0002868261709822417,0.000930391544846749,0.000519431066879747,7.170654274556043e-06,0.0019383157184307272,0.0010821480559994726
csf_into_gm_2mm,2,112149004,16.0,2,skull,0.00015042199368715597,0.00048793089768013457,0.0002724083942393649,3.7605498421788993e-06,0.0010165227035002803,0.0005675174879986769
csf_into_gm_2mm,2,112149004,17.0,3,CSF,8.658545184698195e-05,0.00028086130365752066,0.00015680289380541685,2.5975635554094584e-07,7.021532591438016e-05,3.920072345135421e-05
csf_into_gm_2mm,2,112149004,18.0,3,CSF,7.19148145657374e-05,0.00023327346731315688,0.0001302349389053933,2.1574444369721222e-07,5.831836682828922e-05,3.255873472634833e-05
csf_into_gm_2mm,2,112149004,19.0,3,CSF,6.742535792362936e-05,0.0002187108055920547,0.00012210470711610191,2.0227607377088808e-07,5.4677701398013676e-05,3.052617677902548e-05
csf_into_gm_2mm,2,112149004,20.0,3,CSF,6.502878439130422e-05,0.00021093692727598964,0.00011776460543539272,1.9508635317391266e-07,5.273423181899741e-05,2.944115135884818e-05
csf_into_gm_2mm,2,112149004,21.0,3,CSF,6.415344911927925e-05,0.0002080975610730758,0.00011617940722050057,1.9246034735783776e-07,5.202439026826896e-05,2.9044851805125138e-05
csf_into_gm_2mm,2,112149004,22.0,3,CSF,6.451586341490255e-05,0.0002092731413739417,0.00011683572544830878,1.9354759024470766e-07,5.231828534348542e-05,2.9208931362077195e-05
csf_into_gm_2mm,2,112149004,23.0,3,CSF,6.612416449630366e-05,0.00021449006325585781,0.00011974829630512836,1.9837249348891098e-07,5.3622515813964454e-05,2.993707407628209e-05
csf_into_gm_2mm,2,112149004,24.0,4,gray_matter,6.368753275403947e-05,0.00020658624623963386,0.00011533565076046603,2.2927511791454207e-06,0.0006197587387189015,0.00034600695228139804
csf_into_gm_2mm,2,112149004,25.0,5,white_matter,5.2521992693142315e-05,0.00017036805864980775,9.511529092977457e-05,7.353078977039924e-07,0.00019876273509144237,0.00011096783941807033
csf_into_gm_2mm,2,112149004,26.0,5,white_matter,4.043493404454975e-05,0.00013116069786328613,7.322609669141053e-05,5.660890766236966e-07,0.00015302081417383382,8.543044613997894e-05
csf_into_gm_2mm,2,112149004,27.0,5,white_matter,3.071019542255437e-05,9.961610568480841e-05,5.5614972363908047e-05,4.2994273591576117e-07,0.00011621878996560982,6.488413442455939e-05
csf_into_gm_2mm,2,112149004,28.0,5,white_matter,2.355991465139861e-05,7.642240355511156e-05,4.266609131608648e-05,3.298388051195805e-07,8.915947081429683e-05,4.977710653543422e-05
csf_into_gm_2mm,2,112149004,29.0,5,white_matter,1.8408015701177314e-05,5.9710946553904027e-05,3.333620220936415e-05,2.577122198164824e-07,6.96627709795547e-05,3.889223591092484e-05
csf_into_gm_2mm,2,112149004,30.0,5,white_matter,1.4471618959211578e-05,4.694227125016419e-05,2.620754044067284e-05,2.026026654289621e-07,5.4765983125191555e-05,3.057546384745165e-05
csf_into_gm_2mm,2,112149004,31.0,5,white_matter,1.1658252714818924e-05,3.781642280552474e-05,2.111264332984114e-05,1.6321553800746494e-07,4.4119159939778864e-05,2.4631417218147995e-05
csf_into_gm_2mm,2,112149004,32.0,5,white_matter,9.585457211136276e-06,3.109279851343707e-05,1.7358891096513447e-05,1.3419640095590788e-07,3.627493159900991e-05,2.0252039612599024e-05
csf_into_gm_2mm,2,112149004,33.0,4,gray_matter,8.128096108642389e-06,2.636548774222854e-05,1.4719666685069095e-05,2.92611459911126e-07,7.909646322668562e-05,4.4159000055207285e-05
csf_into_gm_2mm,2,112149004,34.0,5,white_matter,7.103478637464341e-06,2.3041887846787567e-05,1.28641241996151e-05,9.944870092450078e-08,2.688220248791883e-05,1.5008144899550948e-05
csf_into_gm_2mm,2,112149004,35.0,5,white_matter,6.236687474940849e-06,2.023023657383008e-05,1.1294399035521237e-05,8.731362464917188e-08,2.3601942669468428e-05,1.3176798874774774e-05
csf_into_gm_2mm,2,112149004,36.0,5,white_matter,5.4995880534461556e-06,1.78392725027288e-05,9.959540582430017e-06,7.699423274824618e-08,2.0812484586516933e-05,1.161946401283502e-05
csf_into_gm_2mm,2,112149004,37.0,5,white_matter,4.9066333681345695e-06,1.5915877493821748e-05,8.885722653794031e-06,6.869286715388397e-08,1.8568523742792038e-05,1.036667642942637e-05
csf_into_gm_2mm,2,112149004,38.0,5,white_matter,4.3412750773947076e-06,1.4081998208287709e-05,7.861880724995637e-06,6.077785108352591e-08,1.6428997909668994e-05,9.172194179161575e-06
csf_into_gm_2mm,2,112149004,39.0,5,white_matter,3.9400266953303305e-06,1.2780449954243459e-05,7.1352354733934884e-06,5.516037373462463e-08,1.4910524946617369e-05,8.324441385625737e-06
csf_into_gm_2mm,2,112149004,40.0,5,white_matter,3.657110294781691e-06,1.186274071569135e-05,6.62288484907108e-06,5.119954412694368e-08,1.3839864168306574e-05,7.726698990582926e-06
csf_into_gm_2mm,2,112149004,41.0,5,white_matter,3.3105784418241433e-06,1.07386790413062e-05,5.995329108696542e-06,4.6348098185538005e-08,1.25284588815239e-05,6.994550626812631e-06
csf_into_gm_2mm,2,112149004,42.0,5,white_matter,3.0239030011652372e-06,9.808776427500518e-06,5.476171008584064e-06,4.2334642016313325e-08,1.1443572498750606e-05,6.388866176681408e-06
csf_into_gm_2mm,2,112149004,43.0,5,white_matter,2.730490892318872e-06,8.857021766161703e-06,4.9448130637647955e-06,3.822687249246421e-08,1.0333192060521989e-05,5.768948574392262e-06
csf_into_gm_2mm,2,112149004,44.0,5,white_matter,2.418085989019269e-06,7.84365928391941e-06,4.3790599051054216e-06,3.3853203846269765e-08,9.150935831239313e-06,5.108903222622991e-06
csf_into_gm_2mm,2,112149004,45.0,5,white_matter,2.205725203150089e-06,7.154814612064385e-06,3.9944827614309035e-06,3.0880152844101245e-08,8.347283714075115e-06,4.660229888336053e-06
csf_into_gm_2mm,2,112149004,46.0,5,white_matter,1.878846466827347e-06,6.094502676708603e-06,3.4025180527469885e-06,2.6303850535582857e-08,7.110253122826703e-06,3.9696043948714865e-06
csf_into_gm_2mm,2,112149004,47.0,5,white_matter,1.6079015998984649e-06,5.215626064971988e-06,2.911847411318059e-06,2.2510622398578508e-08,6.0848970758006524e-06,3.397155313204402e-06
csf_into_gm_2mm,2,112149004,48.0,5,white_matter,1.3649537673442602e-06,4.427564750785737e-06,2.4718783128651646e-06,1.9109352742819644e-08,5.165492209250027e-06,2.8838580316760254e-06
csf_into_gm_2mm,2,112149004,49.0,4,gray_matter,1.2160926656194865e-06,3.944696991797747e-06,2.202296633407536e-06,4.3779335962301514e-08,1.183409097539324e-05,6.6068899002226075e-06
csf_into_gm_2mm,2,112149004,50.0,4,gray_matter,1.1846410994982e-06,3.842676067098915e-06,2.145339067473184e-06,4.264707958193519e-08,1.1528028201296743e-05,6.43601720241955e-06
csf_into_gm_2mm,2,112149004,51.0,4,gray_matter,1.2337101134622842e-06,4.001843536196348e-06,2.2342011478991697e-06,4.4413564084642225e-08,1.2005530608589043e-05,6.702603443697507e-06
csf_into_gm_2mm,2,112149004,52.0,3,CSF,1.2955869763642916e-06,4.202556427452124e-06,2.346257745811051e-06,3.886760929092875e-09,1.0506391068630308e-06,5.865644364527626e-07
csf_into_gm_2mm,2,112149004,53.0,3,CSF,1.3131706857894254e-06,4.2595935329580905e-06,2.3781011613373356e-06,3.939512057368277e-09,1.0648983832395228e-06,5.945252903343339e-07
csf_into_gm_2mm,2,112149004,54.0,3,CSF,1.3065650683850898e-06,4.238166581015596e-06,2.3661386445140504e-06,3.919695205155269e-09,1.0595416452538987e-06,5.915346611285126e-07
csf_into_gm_2mm,2,112149004,55.0,4,gray_matter,1.177379727584791e-06,3.819122013404694e-06,2.1321890046770445e-06,4.238567019305247e-08,1.1457366040214082e-05,6.3965670140311326e-06
csf_into_gm_2mm,2,112149004,56.0,4,gray_matter,9.321401804429072e-07,3.0236269567943235e-06,1.6880697000236993e-06,3.3557046495944655e-08,9.070880870382969e-06,5.0642091000710975e-06
csf_into_gm_2mm,2,112149004,57.0,4,gray_matter,7.61730647344265e-07,2.4708615371908417e-06,1.3794646474206455e-06,2.7422303304393538e-08,7.412584611572523e-06,4.138393942261936e-06
csf_into_gm_2mm,2,112149004,58.0,4,gray_matter,6.67806092167067e-07,2.166194038785449e-06,1.2093709222392074e-06,2.404101931801441e-08,6.498582116356347e-06,3.628112766717621e-06
csf_into_gm_2mm,2,112149004,59.0,4,gray_matter,5.918072321336405e-07,1.9196729610506374e-06,1.0717399354515638e-06,2.1305060356811055e-08,5.759018883151911e-06,3.2152198063546906e-06
csf_into_gm_2mm,2,112149004,60.0,4,gray_matter,5.61287641593596e-07,1.8206751293904287e-06,1.0164701411344692e-06,2.0206355097369455e-08,5.462025388171286e-06,3.049410423403407e-06
csf_into_gm_2mm,2,112149004,61.0,4,gray_matter,5.48945777107229e-07,1.7806412429203157e-06,9.941195034102852e-07,1.976204797586024e-08,5.341923728760947e-06,2.982358510230855e-06
csf_into_gm_2mm,2,112149004,62.0,4,gray_matter,5.239188965548969e-07,1.6994603730574296e-06,9.487967937654436e-07,1.8861080275976286e-08,5.098381119172288e-06,2.8463903812963304e-06
csf_into_gm_2mm,2,112149004,63.0,4,gray_matter,4.494791750694731e-07,1.4579967463820482e-06,8.139893463941267e-07,1.618125030250103e-08,4.3739902391461435e-06,2.4419680391823796e-06
csf_into_gm_2mm,2,112149004,64.0,4,gray_matter,3.426178101002825e-07,1.1113655094288723e-06,6.204675606237156e-07,1.2334241163610168e-08,3.3340965282866166e-06,1.8614026818711462e-06
csf_into_gm_2mm,2,112149004,65.0,4,gray_matter,2.716323436863042e-07,8.811066124377143e-07,4.919156351627295e-07,9.77876437270695e-09,2.6433198373131426e-06,1.475746905488188e-06
csf_into_gm_2mm,2,112149004,66.0,4,gray_matter,2.2365630791348774e-07,7.254844881195775e-07,4.05032895833905e-07,8.051627084885557e-09,2.176453464358732e-06,1.2150986875017146e-06
csf_into_gm_2mm,2,112149004,67.0,4,gray_matter,2.0452563492776033e-07,6.634294241336245e-07,3.703879893211057e-07,7.362922857399371e-09,1.9902882724008732e-06,1.111163967963317e-06
csf_into_gm_2mm,2,112149004,68.0,4,gray_matter,1.738288020378179e-07,5.638566631245035e-07,3.147972159852956e-07,6.257836873361443e-09,1.69156998937351e-06,9.443916479558866e-07
csf_into_gm_2mm,2,112149004,69.0,4,gray_matter,1.6990438414244458e-07,5.511268441690126e-07,3.0769024744300757e-07,6.116557829128005e-09,1.6533805325070378e-06,9.230707423290225e-07
csf_into_gm_2mm,2,112149004,70.0,3,CSF,1.790963020872158e-07,5.809431008496826e-07,3.2433645419733894e-07,5.372889062616474e-10,1.4523577521242064e-07,8.108411354933473e-08
csf_into_gm_2mm,2,112149004,71.0,3,CSF,1.8568658139488962e-07,6.023202998864393e-07,3.3627119432268294e-07,5.570597441846689e-10,1.5058007497160983e-07,8.406779858067074e-08
csf_into_gm_2mm,2,112149004,72.0,5,white_matter,1.7994264371284508e-07,5.836884189977468e-07,3.2586914604355323e-07,2.519197011979831e-09,6.809698221640379e-07,3.8018067038414543e-07
csf_into_gm_2mm,2,112149004,73.0,5,white_matter,1.5666100552828288e-07,5.081686739099146e-07,2.837070026118644e-07,2.19325407739596e-09,5.928634528949003e-07,3.3099150304717505e-07
csf_into_gm_2mm,2,112149004,74.0,5,white_matter,1.225768865954952e-07,3.976084138052674e-07,2.2198198567814036e-07,1.7160764123369327e-09,4.6387648277281194e-07,2.5897898329116373e-07
csf_into_gm_2mm,2,112149004,75.0,5,white_matter,8.582979702119999e-08,2.784101505485747e-07,1.554344322351055e-07,1.2016171582968e-09,3.248118423066706e-07,1.8134017094095642e-07
csf_into_gm_2mm,2,112149004,76.0,5,white_matter,5.73961559253516e-08,1.8617861123613776e-07,1.0394221142723941e-07,8.035461829549224e-10,2.1720837977549407e-07,1.212659133317793e-07
csf_into_gm_2mm,2,112149004,77.0,5,white_matter,3.5070309648805094e-08,1.1375921332654748e-07,6.351097005652863e-08,4.909843350832713e-10,1.327190822143054e-07,7.409613173261672e-08
csf_into_gm_2mm,2,112149004,78.0,5,white_matter,2.2471294483343004e-08,7.289119510073629e-08,4.06946424298726e-08,3.145981227668021e-10,8.503972761752568e-08,4.747708283485137e-08
csf_into_gm_2mm,2,112149004,79.0,5,white_matter,1.8759090987710963e-08,6.084974597753048e-08,3.3971985931661154e-08,2.626272738279535e-10,7.099137030711888e-08,3.963398358693801e-08
csf_into_gm_2mm,2,112149004,80.0,5,white_matter,1.9755743555640063e-08,6.408263480066525e-08,3.577688506236113e-08,2.765804097789609e-10,7.476307393410946e-08,4.1739699239421316e-08
csf_into_gm_2mm,2,112149004,81.0,3,CSF,1.5710321372643525e-08,5.096030854464001e-08,2.8450782450117336e-08,4.7130964117930575e-11,1.274007713616e-08,7.112695612529333e-09
csf_into_gm_2mm,2,112149004,82.0,3,CSF,1.60221417083261e-08,5.197177483740136e-08,2.9015476979503317e-08,4.80664251249783e-11,1.299294370935034e-08,7.253869244875829e-09
csf_into_gm_2mm,2,112149004,83.0,3,CSF,1.6217438068100793e-08,5.260526682752026e-08,2.9369151109615316e-08,4.865231420430238e-11,1.3151316706880065e-08,7.342287777403829e-09
csf_into_gm_2mm,2,112149004,84.0,3,CSF,1.610790228832853e-08,5.224996046544976e-08,2.917078606240303e-08,4.832370686498559e-11,1.3062490116362442e-08,7.2926965156007574e-09
csf_into_gm_2mm,2,112149004,85.0,3,CSF,1.3481205785786029e-08,4.3729621444519294e-08,2.4413940611332163e-08,4.044361735735809e-11,1.0932405361129824e-08,6.103485152833041e-09
csf_into_gm_2mm,2,112149004,86.0,3,CSF,1.1994543485980716e-08,3.890726500108679e-08,2.1721652868434455e-08,3.598363045794215e-11,9.726816250271698e-09,5.430413217108614e-09
csf_into_gm_2mm,2,112149004,87.0,3,CSF,1.2015920278516466e-08,3.897660590872815e-08,2.1760365410303582e-08,3.60477608355494e-11,9.744151477182037e-09,5.4400913525758954e-09
csf_into_gm_2mm,2,112149004,88.0,3,CSF,1.0545186971096435e-08,3.420591908729158e-08,1.909692445457551e-08,3.16355609132893e-11,8.551479771822895e-09,4.774231113643876e-09
csf_into_gm_2mm,2,112149004,89.0,3,CSF,1.1812766061178542e-08,3.8317625016350425e-08,2.1392461005027083e-08,3.5438298183535625e-11,9.579406254087606e-09,5.34811525125677e-09
csf_into_gm_2mm,2,112149004,90.0,3,CSF,1.0098651809606105e-08,3.2757471976260345e-08,1.828826660254637e-08,3.029595542881831e-11,8.189367994065086e-09,4.572066650636592e-09
csf_into_gm_2mm,2,112149004,91.0,3,CSF,1.0312506804916754e-08,3.345116348557728e-08,1.8675549701544513e-08,3.093752041475026e-11,8.36279087139432e-09,4.6688874253861275e-09
csf_into_gm_2mm,2,112149004,92.0,3,CSF,1.105439894872425e-08,3.585767393552315e-08,2.0019087588788037e-08,3.316319684617275e-11,8.964418483880785e-09,5.004771897197008e-09
csf_into_gm_2mm,2,112149004,93.0,3,CSF,1.2037228807850783e-08,3.904572538781151e-08,2.1798954330163507e-08,3.611168642355235e-11,9.761431346952878e-09,5.449738582540876e-09
csf_into_gm_2mm,2,112149004,94.0,3,CSF,1.0388341436328756e-08,3.3697151847206476e-08,1.881288327667078e-08,3.116502430898627e-11,8.424287961801619e-09,4.703220819167695e-09
csf_into_gm_2mm,2,112149004,95.0,3,CSF,9.911211267448866e-09,3.214946227133219e-08,1.794881905333622e-08,2.9733633802346596e-11,8.037365567833047e-09,4.487204763334055e-09
csf_into_gm_2mm,2,112149004,96.0,3,CSF,9.30593588212449e-09,3.018610202815367e-08,1.6852688815016526e-08,2.791780764637347e-11,7.546525507038418e-09,4.213172203754132e-09
csf_into_gm_2mm,2,112149004,97.0,3,CSF,9.004811348533388e-09,2.9209330211831416e-08,1.63073639682243e-08,2.7014434045600163e-11,7.302332552957853e-09,4.076840992056074e-09
csf_into_gm_2mm,2,112149004,98.0,3,CSF,8.734305908492032e-09,2.8331878989763157e-08,1.5817489111839046e-08,2.6202917725476095e-11,7.082969747440789e-09,3.954372277959762e-09
csf_into_gm_2mm,2,112149004,99.0,3,CSF,7.877822560483546e-09,2.5553663659689714e-08,1.4266430999891762e-08,2.363346768145064e-11,6.388415914922429e-09,3.5666077499729405e-09
csf_into_gm_2mm,2,112149004,100.0,3,CSF,6.280799154083078e-09,2.037332370274296e-08,1.1374283574927941e-08,1.8842397462249235e-11,5.09333092568574e-09,2.8435708937319854e-09
csf_into_gm_2mm,3,9573696,0.0,1,scalp,0.30812560394786354,1.0,0.5583000704547681,0.0036975072473743624,1.0,0.558300070454768
csf_into_gm_2mm,3,9573696,1.0,1,scalp,0.5518996329283591,1.7911514845152023,1.0,0.006622795595140309,1.7911514845152026,1.0
csf_into_gm_2mm,3,9573696,2.0,1,scalp,0.3667593443044288,1.190291684966519,0.6645399315785322,0.004401112131653145,1.190291684966519,0.6645399315785322
csf_into_gm_2mm,3,9573696,3.0,1,scalp,0.14480876721005623,0.4699666803235171,0.2623824307360131,0.0017377052065206747,0.4699666803235171,0.2623824307360131
csf_into_gm_2mm,3,9573696,4.0,1,scalp,0.06595113307913229,0.21403976895828355,0.11949841808953199,0.0007914135969495876,0.21403976895828355,0.119498418089532
csf_into_gm_2mm,3,9573696,5.0,1,scalp,0.036023519640590904,0.11691180213211451,0.06527186736735344,0.00043228223568709086,0.11691180213211452,0.06527186736735344
csf_into_gm_2mm,3,9573696,6.0,1,scalp,0.021272910742099638,0.06903973726798479,0.03854489018089459,0.00025527492890519565,0.0690397372679848,0.03854489018089459
csf_into_gm_2mm,3,9573696,7.0,1,scalp,0.01317622432180801,0.04276251033016229,0.023874312530152358,0.0001581146918616961,0.04276251033016229,0.023874312530152354
csf_into_gm_2mm,3,9573696,8.0,1,scalp,0.008363143134067453,0.02714199348225064,0.015153376873423387,0.00010035771760880944,0.02714199348225064,0.015153376873423387
csf_into_gm_2mm,3,9573696,9.0,1,scalp,0.005327604780918015,0.017290367021299123,0.0096532131261801,6.393125737101618e-05,0.017290367021299123,0.0096532131261801
csf_into_gm_2mm,3,9573696,10.0,1,scalp,0.0033508152125962557,0.010874835358256146,0.006071421346698409,4.020978255115507e-05,0.010874835358256146,0.006071421346698409
csf_into_gm_2mm,3,9573696,11.0,2,skull,0.002091039014736139,0.006786320214693854,0.003788803053992196,5.227597536840347e-05,0.01413816711394553,0.007893339695817075
csf_into_gm_2mm,3,9573696,12.0,2,skull,0.0013192759048617452,0.004281617262436177,0.002390427219278469,3.298189762154363e-05,0.008920035963408703,0.004980056706830144
csf_into_gm_2mm,3,9573696,13.0,2,skull,0.0008235128459377909,0.002672653084931993,0.001492142405618685,2.0587821148444774e-05,0.005568027260274985,0.0031086300117055938
csf_into_gm_2mm,3,9573696,14.0,2,skull,0.0005014710692886007,0.0016274891241217727,0.0009086272926615546,1.2536776732215017e-05,0.00339060234192036,0.0018929735263782386
csf_into_gm_2mm,3,9573696,15.0,2,skull,0.0002872052119886056,0.0009321043376752366,0.0005203939173952796,7.180130299715141e-06,0.0019418840368234096,0.001084153994573499
csf_into_gm_2mm,3,9573696,16.0,2,skull,0.00015141546356860035,0.0004914082491963914,0.0002743532601483996,3.785386589215009e-06,0.0010237671858258155,0.0005715692919758325
csf_into_gm_2mm,3,9573696,17.0,3,CSF,8.68641079737904e-05,0.0002819113597209801,0.00015739113199422268,2.605923239213712e-07,7.047783993024502e-05,3.934778299855566e-05
csf_into_gm_2mm,3,9573696,18.0,3,CSF,7.194986467493065e-05,0.00023350823090672123,0.00013036766176699073,2.1584959402479197e-07,5.837705772668031e-05,3.259191544174768e-05
csf_into_gm_2mm,3,9573696,19.0,3,CSF,6.733254148905177e-05,0.00021852303290071534,0.00012200142466445899,2.019976244671553e-07,5.463075822517884e-05,3.0500356166114745e-05
csf_into_gm_2mm,3,9573696,20.0,3,CSF,6.480452121387155e-05,0.00021031852070572108,0.0001174208449279467,1.9441356364161466e-07,5.257963017643027e-05,2.935521123198667e-05
csf_into_gm_2mm,3,9573696,21.0,3,CSF,6.382324065262308e-05,0.00020713384358484634,0.00011564283946698662,1.9146972195786922e-07,5.1783460896211586e-05,2.8910709866746655e-05
csf_into_gm_2mm,3,9573696,22.0,3,CSF,6.425820947260497e-05,0.00020854550433101237,0.00011643096976102934,1.9277462841781491e-07,5.213637608275309e-05,2.9107742440257335e-05
csf_into_gm_2mm,3,9573696,23.0,3,CSF,6.588908742897425e-05,0.0002138384041597628,0.00011938599610833076,1.9766726228692274e-07,5.34596010399407e-05,2.9846499027082686e-05
csf_into_gm_2mm,3,9573696,24.0,4,gray_matter,6.342943247551018e-05,0.00020585576681333748,0.00011492928911540663,2.283459569118366e-06,0.0006175673004400124,0.00034478786734621985
csf_into_gm_2mm,3,9573696,25.0,5,white_matter,5.19019434579398e-05,0.00016844411107985003,9.404235908357106e-05,7.266272084111572e-07,0.00019651812959315835,0.00010971608559749955
csf_into_gm_2mm,3,9573696,26.0,5,white_matter,3.975691823972112e-05,0.00012902828499266228,7.203650060206124e-05,5.565968553560957e-07,0.000150532999158106,8.404258403573813e-05
csf_into_gm_2mm,3,9573696,27.0,5,white_matter,3.056443473227868e-05,9.919472559459987e-05,5.5380422288206494e-05,4.279020862519015e-07,0.00011572717986036651,6.461049266957424e-05
csf_into_gm_2mm,3,9573696,28.0,5,white_matter,2.354321861099906e-05,7.640786195418766e-05,4.265851471232117e-05,3.2960506055398684e-07,8.914250561321894e-05,4.97682671643747e-05
csf_into_gm_2mm,3,9573696,29.0,5,white_matter,1.8405134234500862e-05,5.973257009052421e-05,3.334869808998404e-05,2.5767187928301207e-07,6.968799843894491e-05,3.890681443831471e-05
csf_into_gm_2mm,3,9573696,30.0,5,white_matter,1.4551251466874857e-05,4.7225064325835785e-05,2.6365756740345076e-05,2.03717520536248e-07,5.509590838014176e-05,3.076004953040259e-05
csf_into_gm_2mm,3,9573696,31.0,5,white_matter,1.1816651902781789e-05,3.8350113562069406e-05,2.141087110365171e-05,1.6543312663894504e-07,4.4741799155747644e-05,2.4979349620926993e-05
csf_into_gm_2mm,3,9573696,32.0,5,white_matter,9.757600664532978e-06,3.1667607428638144e-05,1.7680027458542615e-05,1.366064093034617e-07,3.694554200007784e-05,2.0626698701633052e-05
csf_into_gm_2mm,3,9573696,33.0,4,gray_matter,8.19383853098245e-06,2.6592527287569685e-05,1.4846609858220498e-05,2.949781871153682e-07,7.977758186270906e-05,4.4539829574661496e-05
csf_into_gm_2mm,3,9573696,34.0,5,white_matter,7.113360024974576e-06,2.3085910206209913e-05,1.2888865294639444e-05,9.958704034964406e-08,2.6933561907244897e-05,1.5037009510412684e-05
csf_into_gm_2mm,3,9573696,35.0,5,white_matter,6.223085695239427e-06,2.0196587415995475e-05,1.1275756177296157e-05,8.712319973335198e-08,2.356268531866139e-05,1.3155048873512185e-05
csf_into_gm_2mm,3,9573696,36.0,5,white_matter,5.48339111198889e-06,1.779596061389533e-05,9.935486064548039e-06,7.676747556784446e-08,2.076195404954455e-05,1.1591400408639379e-05
csf_into_gm_2mm,3,9573696,37.0,5,white_matter,4.920793146355575e-06,1.5970088442206183e-05,8.916101502452589e-06,6.889110404897805e-08,1.8631769849240547e-05,1.040211841952802e-05
csf_into_gm_2mm,3,9573696,38.0,5,white_matter,4.3984939079150195e-06,1.4275002958401561e-05,7.969735157417614e-06,6.157891471081028e-08,1.6654170118135155e-05,9.29802435032055e-06
csf_into_gm_2mm,3,9573696,39.0,5,white_matter,3.951892825181601e-06,1.2825590520709476e-05,7.160528091336108e-06,5.532649955254242e-08,1.4963188940827724e-05,8.353949439892125e-06
csf_into_gm_2mm,3,9573696,40.0,5,white_matter,3.551629846620174e-06,1.1526565144586713e-05,6.435282132324236e-06,4.972281785268244e-08,1.3447659335351167e-05,7.507829154378276e-06
csf_into_gm_2mm,3,9573696,41.0,5,white_matter,3.1585870362279888e-06,1.0250972316998486e-05,5.723118566810133e-06,4.4220218507191846e-08,1.1959467703164902e-05,6.6769716612784885e-06
csf_into_gm_2mm,3,9573696,42.0,5,white_matter,2.9101234821924714e-06,9.444601308383577e-06,5.2729215758877456e-06,4.0741728750694604e-08,1.1018701526447507e-05,6.151741838535704e-06
csf_into_gm_2mm,3,9573696,43.0,5,white_matter,2.683773476312639e-06,8.709998266702781e-06,4.8627926459610704e-06,3.757282866837695e-08,1.016166464448658e-05,5.673258086954583e-06
csf_into_gm_2mm,3,9573696,44.0,5,white_matter,2.438899546191792e-06,7.915277130311009e-06,4.419099779521651e-06,3.414459364668509e-08,9.234489985362846e-06,5.155616409441927e-06
csf_into_gm_2mm,3,9573696,45.0,5,white_matter,2.2245507836084197e-06,7.21962328059185e-06,4.030716186211314e-06,3.1143710970517875e-08,8.422893827357159e-06,4.7025022172465325e-06
csf_into_gm_2mm,3,9573696,46.0,5,white_matter,1.963444776525356e-06,6.372222078816862e-06,3.557612035556883e-06,2.7488226871354986e-08,7.434259091953006e-06,4.150547374816363e-06
csf_into_gm_2mm,3,9573696,47.0,5,white_matter,1.6581726984185623e-06,5.381482996457295e-06,3.0044823360732443e-06,2.3214417777859872e-08,6.278396829200177e-06,3.5052293920854515e-06
csf_into_gm_2mm,3,9573696,48.0,5,white_matter,1.4109079162799565e-06,4.579002517813124e-06,2.5564574283076277e-06,1.9752710827919393e-08,5.342169604115311e-06,2.982533666358899e-06
csf_into_gm_2mm,3,9573696,49.0,4,gray_matter,1.2547260065837517e-06,4.0721251025801085e-06,2.2734677316711045e-06,4.517013623701506e-08,1.2216375307740326e-05,6.8204031950133135e-06
csf_into_gm_2mm,3,9573696,50.0,4,gray_matter,1.1923983955863927e-06,3.869845219964754e-06,2.1605348589553697e-06,4.292634224111013e-08,1.1609535659894262e-05,6.4816045768661085e-06
csf_into_gm_2mm,3,9573696,51.0,4,gray_matter,1.2114743109138403e-06,3.93175476296617e-06,2.195098961174883e-06,4.361307519289825e-08,1.1795264288898512e-05,6.585296883524649e-06
csf_into_gm_2mm,3,9573696,52.0,3,CSF,1.2867993311096178e-06,4.176216823991527e-06,2.3315821470688574e-06,3.8603979933288535e-09,1.0440542059978818e-06,5.828955367672144e-07
csf_into_gm_2mm,3,9573696,53.0,3,CSF,1.3380977285553855e-06,4.3427021688914846e-06,2.4245309268561898e-06,4.0142931856661565e-09,1.0856755422228711e-06,6.061327317140474e-07
csf_into_gm_2mm,3,9573696,54.0,3,CSF,1.3187565933920288e-06,4.279931873545859e-06,2.3894862665422604e-06,3.956269780176086e-09,1.0699829683864647e-06,5.973715666355651e-07
csf_into_gm_2mm,3,9573696,55.0,4,gray_matter,1.1908642136239736e-06,3.864866140190914e-06,2.157755038366835e-06,4.287111169046305e-08,1.1594598420572741e-05,6.473265115100505e-06
csf_into_gm_2mm,3,9573696,56.0,4,gray_matter,9.642409294302342e-07,3.129376192941723e-06,1.7471309489988378e-06,3.471267345948843e-08,9.388128578825166e-06,5.241392846996512e-06
csf_into_gm_2mm,3,9573696,57.0,4,gray_matter,7.538380549575838e-07,2.44652844586436e-06,1.3658970036956664e-06,2.7138169978473017e-08,7.339585337593079e-06,4.097691011086999e-06
csf_into_gm_2mm,3,9573696,58.0,4,gray_matter,6.326313876475279e-07,2.0531607225817313e-06,1.1462797760723432e-06,2.2774729955311002e-08,6.159482167745194e-06,3.4388393282170293e-06
csf_into_gm_2mm,3,9573696,59.0,4,gray_matter,5.951137451843581e-07,1.931399849799741e-06,1.0783006722195239e-06,2.142409482663689e-08,5.794199549399223e-06,3.2349020166585713e-06
csf_into_gm_2mm,3,9573696,60.0,4,gray_matter,5.442885086793818e-07,1.7664501154908187e-06,9.862092239333573e-07,1.9594386312457743e-08,5.299350346472455e-06,2.9586276718000714e-06
csf_into_gm_2mm,3,9573696,61.0,4,gray_matter,5.179279740205001e-07,1.6808988522360388e-06,9.384459476307194e-07,1.8645407064738003e-08,5.042696556708117e-06,2.815337842892158e-06
csf_into_gm_2mm,3,9573696,62.0,4,gray_matter,4.859139016773567e-07,1.5769994296208369e-06,8.804388926644424e-07,1.749290046038484e-08,4.730998288862511e-06,2.641316677993327e-06
csf_into_gm_2mm,3,9573696,63.0,4,gray_matter,4.3173623627515884e-07,1.401169622853578e-06,7.822730991582333e-07,1.5542504505905717e-08,4.203508868560733e-06,2.3468192974747e-06
csf_into_gm_2mm,3,9573696,64.0,4,gray_matter,3.478632969246683e-07,1.1289658907525537e-06,6.303017363481807e-07,1.2523078689288058e-08,3.386897672257661e-06,1.890905209044542e-06
csf_into_gm_2mm,3,9573696,65.0,4,gray_matter,2.887953568362683e-07,9.372650410614172e-07,5.232751384593803e-07,1.0396632846105658e-08,2.811795123184252e-06,1.5698254153781409e-06
csf_into_gm_2mm,3,9573696,66.0,4,gray_matter,2.4763383045540136e-07,8.036781990285439e-07,4.486935951405972e-07,8.914817896394448e-09,2.4110345970856315e-06,1.3460807854217913e-06
csf_into_gm_2mm,3,9573696,67.0,4,gray_matter,2.15300392726473e-07,6.987422984910496e-07,3.901078744772796e-07,7.750814138153027e-09,2.0962268954731486e-06,1.1703236234318387e-06
csf_into_gm_2mm,3,9573696,68.0,4,gray_matter,1.8933317841146494e-07,6.144675287792738e-07,3.430572646096358e-07,6.8159944228127375e-09,1.8434025863378212e-06,1.0291717938289072e-06
csf_into_gm_2mm,3,9573696,69.0,4,gray_matter,1.7723839445939e-07,5.752147571916148e-07,3.211424394667009e-07,6.38058220053804e-09,1.7256442715748444e-06,9.634273184001025e-07
csf_into_gm_2mm,3,9573696,70.0,3,CSF,1.8229784883843203e-07,5.916348609227482e-07,3.303097845366672e-07,5.468935465152961e-10,1.4790871523068704e-07,8.25774461341668e-08
csf_into_gm_2mm,3,9573696,71.0,3,CSF,1.9307398476268995e-07,6.266080529788076e-07,3.498353201255933e-07,5.792219542880699e-10,1.566520132447019e-07,8.745883003139833e-08
csf_into_gm_2mm,3,9573696,72.0,5,white_matter,1.7870084557353128e-07,5.799610395368779e-07,3.237922892344595e-07,2.501811838029438e-09,6.766212127930242e-07,3.7775767077353604e-07
csf_into_gm_2mm,3,9573696,73.0,5,white_matter,1.4874882311172483e-07,4.827538549405777e-07,2.6952151122563546e-07,2.0824835235641475e-09,5.632128307640074e-07,3.144417630965747e-07
csf_into_gm_2mm,3,9573696,74.0,5,white_matter,1.2257207589191339e-07,3.9779906090716573e-07,2.220912437313112e-07,1.7160090624867875e-09,4.6409890439169337e-07,2.5910645101986307e-07
csf_into_gm_2mm,3,9573696,75.0,5,white_matter,8.418693720363616e-08,2.7322279007323597e-07,1.5254030294773595e-07,1.1786171208509064e-09,3.1875992175210867e-07,1.7796368677235862e-07
csf_into_gm_2mm,3,9573696,76.0,5,white_matter,5.4104669499007204e-08,1.7559290369183988e-07,9.803353050251153e-08,7.574653729861008e-10,2.0485838764047988e-07,1.143724522529301e-07
csf_into_gm_2mm,3,9573696,77.0,5,white_matter,3.445548545134674e-08,1.1182285733442907e-07,6.243070912826523e-08,4.823767963188543e-10,1.3046000022350057e-07,7.283582731630943e-08
csf_into_gm_2mm,3,9573696,78.0,5,white_matter,2.3640132843225558e-08,7.672239028609123e-08,4.283411590218295e-08,3.3096185980515784e-10,8.95094553337731e-08,4.9973135219213444e-08
csf_into_gm_2mm,3,9573696,79.0,5,white_matter,1.9766456072968523e-08,6.415064447650742e-08,3.581530933095287e-08,2.767303850215593e-10,7.484241855592532e-08,4.1784527552778345e-08
csf_into_gm_2mm,3,9573696,80.0,5,white_matter,2.0666649749140638e-08,6.707215980869134e-08,3.744639154674584e-08,2.8933309648796894e-10,7.82508531101399e-08,4.3687456804536814e-08
csf_into_gm_2mm,3,9573696,81.0,3,CSF,1.698940803671934e-08,5.513793017861001e-08,3.0783510303448053e-08,5.096822411015802e-11,1.3784482544652503e-08,7.695877575862013e-09
csf_into_gm_2mm,3,9573696,82.0,3,CSF,1.5545950520093277e-08,5.045329021967202e-08,2.816807548431775e-08,4.6637851560279834e-11,1.2613322554918005e-08,7.042018871079438e-09
csf_into_gm_2mm,3,9573696,83.0,3,CSF,1.4943863024321364e-08,4.849925755228684e-08,2.7077138908445687e-08,4.483158907296409e-11,1.212481438807171e-08,6.769284727111421e-09
csf_into_gm_2mm,3,9573696,84.0,3,CSF,1.4421198189004815e-08,4.680298554950648e-08,2.6130110129782962e-08,4.326359456701445e-11,1.1700746387376622e-08,6.532527532445741e-09
csf_into_gm_2mm,3,9573696,85.0,3,CSF,1.3525217156248664e-08,4.389514205556641e-08,2.450666090224478e-08,4.057565146874599e-11,1.0973785513891602e-08,6.126665225561195e-09
csf_into_gm_2mm,3,9573696,86.0,3,CSF,1.2541759954322566e-08,4.070340080029408e-08,2.2724711534552852e-08,3.7625279862967695e-11,1.017585020007352e-08,5.681177883638212e-09
csf_into_gm_2mm,3,9573696,87.0,3,CSF,1.2460632885253072e-08,4.0440108597276705e-08,2.2577715479058056e-08,3.738189865575922e-11,1.0110027149319176e-08,5.644428869764514e-09
csf_into_gm_2mm,3,9573696,88.0,3,CSF,1.2539062793998948e-08,4.0694647355954953e-08,2.2719824485961593e-08,3.761718838199684e-11,1.0173661838988738e-08,5.6799561214903975e-09
csf_into_gm_2mm,3,9573696,89.0,3,CSF,1.1208316743810101e-08,3.637580454270398e-08,2.0308614239040506e-08,3.36249502314303e-11,9.093951135675993e-09,5.077153559760126e-09
csf_into_gm_2mm,3,9573696,90.0,3,CSF,1.1459344288044422e-08,3.7190496801373904e-08,2.076345698445488e-08,3.437803286413327e-11,9.297624200343478e-09,5.19086424611372e-09
csf_into_gm_2mm,3,9573696,91.0,3,CSF,9.723430587262706e-09,3.1556710843503814e-08,1.7618113887248922e-08,2.917029176178812e-11,7.889177710875953e-09,4.4045284718122314e-09
csf_into_gm_2mm,3,9573696,92.0,3,CSF,9.476120743031206e-09,3.0754084119003026e-08,1.7170007330411254e-08,2.842836222909362e-11,7.688521029750756e-09,4.2925018326028134e-09
csf_into_gm_2mm,3,9573696,93.0,3,CSF,8.042977041312244e-09,2.610291692174065e-08,1.4573260356482762e-08,2.4128931123936735e-11,6.525729230435162e-09,3.643315089120691e-09
csf_into_gm_2mm,3,9573696,94.0,3,CSF,8.736359175678205e-09,2.8353239924704352e-08,1.5829615847583383e-08,2.6209077527034615e-11,7.088309981176088e-09,3.957403961895846e-09
csf_into_gm_2mm,3,9573696,95.0,3,CSF,8.563337312711955e-09,2.7791709624237902e-08,1.5516113441270477e-08,2.5690011938135864e-11,6.947927406059476e-09,3.879028360317619e-09
csf_into_gm_2mm,3,9573696,96.0,3,CSF,6.585825723624241e-09,2.137383469352517e-08,1.1933013415283668e-08,1.9757477170872724e-11,5.343458673381292e-09,2.983253353820917e-09
csf_into_gm_2mm,3,9573696,97.0,3,CSF,7.872682907672708e-09,2.5550239275165225e-08,1.4264700387460927e-08,2.3618048723018122e-11,6.387559818791306e-09,3.566175096865232e-09
csf_into_gm_2mm,3,9573696,98.0,3,CSF,9.330519681525723e-09,3.0281546103206975e-08,1.6906189322899762e-08,2.799155904457717e-11,7.570386525801744e-09,4.226547330724941e-09
csf_into_gm_2mm,3,9573696,99.0,3,CSF,7.815614306372966e-09,2.536502713904752e-08,1.4161296438817337e-08,2.34468429191189e-11,6.341256784761881e-09,3.540324109704334e-09
csf_into_gm_2mm,3,9573696,100.0,3,CSF,6.99596405662908e-09,2.2704909838693036e-08,1.2676152762611479e-08,2.098789216988724e-11,5.676227459673259e-09,3.1690381906528697e-09
superior_csf_into_gm_2mm_r20,1,873963303,0.0,1,scalp,0.30742026836325,1.0,0.558249508023221,0.003689043220359,1.0,0.5582495080232212
superior_csf_into_gm_2mm_r20,1,873963303,1.0,1,scalp,0.5506861429252929,1.7913137147957932,1.0,0.006608233715103515,1.791313714795793,1.0
superior_csf_into_gm_2mm_r20,1,873963303,2.0,1,scalp,0.3666120069865408,1.192543383487485,0.665736757128236,0.0043993440838384894,1.192543383487485,0.665736757128236
superior_csf_into_gm_2mm_r20,1,873963303,3.0,1,scalp,0.14473991682662518,0.47082099562674073,0.2628355891756311,0.0017368790019195023,0.47082099562674073,0.26283558917563116
superior_csf_into_gm_2mm_r20,1,873963303,4.0,1,scalp,0.06591380114077351,0.2144094190396363,0.11969395269442161,0.0007909656136892821,0.21440941903963628,0.11969395269442161
superior_csf_into_gm_2mm_r20,1,873963303,5.0,1,scalp,0.0360117432508165,0.11714173383085062,0.06539431528005947,0.00043214091900979797,0.11714173383085061,0.06539431528005947
superior_csf_into_gm_2mm_r20,1,873963303,6.0,1,scalp,0.021277343299743116,0.06921255847256517,0.03863787671633793,0.0002553281195969174,0.06921255847256517,0.03863787671633793
superior_csf_into_gm_2mm_r20,1,873963303,7.0,1,scalp,0.013190084037520545,0.04290570725133532,0.023952089964446293,0.00015828100845024655,0.04290570725133532,0.023952089964446293
superior_csf_into_gm_2mm_r20,1,873963303,8.0,1,scalp,0.008369358886058649,0.02722448630540311,0.015198056086176207,0.00010043230663270378,0.027224486305403108,0.015198056086176207
superior_csf_into_gm_2mm_r20,1,873963303,9.0,1,scalp,0.0053202531791024625,0.017306123657455187,0.009661135017563384,6.384303814922955e-05,0.017306123657455184,0.009661135017563384
superior_csf_into_gm_2mm_r20,1,873963303,10.0,1,scalp,0.003342967730450985,0.010874259359180932,0.006070549937379662,4.011561276541182e-05,0.010874259359180932,0.006070549937379663
superior_csf_into_gm_2mm_r20,1,873963303,11.0,2,skull,0.0020866722159634307,0.006787685883800621,0.003789222305247859,5.216680539908577e-05,0.014141012257917961,0.007894213135933041
superior_csf_into_gm_2mm_r20,1,873963303,12.0,2,skull,0.0013145034222407982,0.004275916579083756,0.0023870283266218414,3.286258555601996e-05,0.008908159539757826,0.00497297568046217
superior_csf_into_gm_2mm_r20,1,873963303,13.0,2,skull,0.000822382134377901,0.0026751070733116674,0.001493377207585677,2.055955335944753e-05,0.005573139736065974,0.0031112025158034945
superior_csf_into_gm_2mm_r20,1,873963303,14.0,2,skull,0.0005005061736766392,0.001628084499247257,0.0009088773707250134,1.2512654341915981e-05,0.0033918427067651186,0.0018934945223437782
superior_csf_into_gm_2mm_r20,1,873963303,15.0,2,skull,0.0002891459043680583,0.0009405557607099653,0.0005250647906847446,7.228647609201457e-06,0.001959491168145761,0.001093884980593218
superior_csf_into_gm_2mm_r20,1,873963303,16.0,2,skull,0.00015346694707206148,0.0004992089424979743,0.0002786831465502866,3.836673676801537e-06,0.001040018630204113,0.0005805898886464304
superior_csf_into_gm_2mm_r20,1,873963303,17.0,3,CSF,8.923694380882307e-05,0.00029027670909251844,0.0001620468300414981,2.6771083142646923e-07,7.256917727312961e-05,4.0511707510374525e-05
superior_csf_into_gm_2mm_r20,1,873963303,18.0,3,CSF,7.398708642569109e-05,0.0002406708146460513,0.00013435436387170598,2.2196125927707326e-07,6.016770366151282e-05,3.3588590967926495e-05
superior_csf_into_gm_2mm_r20,1,873963303,19.0,3,CSF,6.930112745166014e-05,0.000225427971358653,0.0001258450541056408,2.0790338235498043e-07,5.635699283966325e-05,3.14612635264102e-05
superior_csf_into_gm_2mm_r20,1,873963303,20.0,3,CSF,6.70192446807778e-05,0.0002180052897539839,0.00012170134575162125,2.010577340423334e-07,5.4501322438495966e-05,3.0425336437905317e-05
superior_csf_into_gm_2mm_r20,1,873963303,21.0,3,CSF,6.578237428967135e-05,0.00021398190379543364,0.00011945529251967305,1.9734712286901405e-07,5.3495475948858404e-05,2.9863823129918262e-05
superior_csf_into_gm_2mm_r20,1,873963303,22.0,3,CSF,6.602562357304152e-05,0.00021477316354114026,0.00011989701288343235,1.9807687071912455e-07,5.369329088528506e-05,2.9974253220858088e-05
superior_csf_into_gm_2mm_r20,1,873963303,23.0,3,CSF,6.741512376206596e-05,0.00021929303529983187,0.00012242022906904998,2.022453712861979e-07,5.482325882495796e-05,3.0605057267262495e-05
superior_csf_into_gm_2mm_r20,1,873963303,24.0,4,gray_matter,6.493635986107813e-05,0.00021122992380043356,0.0001179190010413745,2.3377089549988125e-06,0.0006336897714013006,0.0003537570031241235
superior_csf_into_gm_2mm_r20,1,873963303,25.0,5,white_matter,5.38774940121607e-05,0.0001752568049563299,9.783702514459278e-05,7.542849161702499e-07,0.00020446627244905156,0.00011414319600202492
superior_csf_into_gm_2mm_r20,1,873963303,26.0,5,white_matter,4.1496086573119e-05,0.00013498162237008695,7.535342428027725e-05,5.80945212023666e-07,0.00015747855943176812,8.791232832699013e-05
superior_csf_into_gm_2mm_r20,1,873963303,27.0,5,white_matter,3.1814453382777004e-05,0.00010348847052981171,5.7772387759343e-05,4.4540234735887806e-07,0.00012073654895144699,6.740111905256684e-05
superior_csf_into_gm_2mm_r20,1,873963303,28.0,5,white_matter,2.4447508659486484e-05,7.952471315456381e-05,4.439463199422303e-05,3.422651212328108e-07,9.277883201365778e-05,5.1793737326593536e-05
superior_csf_into_gm_2mm_r20,1,873963303,29.0,5,white_matter,1.9096742466195595e-05,6.211933444684509e-05,3.46780878936812e-05,2.673543945267383e-07,7.247255685465259e-05,4.045776920929473e-05
superior_csf_into_gm_2mm_r20,1,873963303,30.0,5,white_matter,1.5107949738324646e-05,4.914428648039883e-05,2.743477374983488e-05,2.1151129633654505e-07,5.733500089379863e-05,3.2007236041474026e-05
superior_csf_into_gm_2mm_r20,1,873963303,31.0,5,white_matter,1.1860913986267108e-05,3.858208194734957e-05,2.1538428265619497e-05,1.6605279580773952e-07,4.50124289385745e-05,2.5128166309889414e-05
superior_csf_into_gm_2mm_r20,1,873963303,32.0,5,white_matter,9.463979123697512e-06,3.0785150159698665e-05,1.7185794931072765e-05,1.3249570773176518e-07,3.591600851964845e-05,2.0050094086251562e-05
superior_csf_into_gm_2mm_r20,1,873963303,33.0,4,gray_matter,7.5475022529689806e-06,2.4551088622597904e-05,1.3705633144999779e-05,2.717100811068833e-07,7.36532658677937e-05,4.111689943499934e-05
superior_csf_into_gm_2mm_r20,1,873963303,34.0,5,white_matter,6.150408371042098e-06,2.000651552283056e-05,1.1168627447879097e-05,8.610571719458938e-08,2.3340934776635655e-05,1.3030065355858948e-05
superior_csf_into_gm_2mm_r20,1,873963303,35.0,5,white_matter,5.060336135868295e-06,1.6460645756411107e-05,9.189147395261023e-06,7.084470590215613e-08,1.9204086715812958e-05,1.072067196113786e-05
superior_csf_into_gm_2mm_r20,1,873963303,36.0,5,white_matter,4.15113602037228e-06,1.3503130559587138e-05,7.538115991662842e-06,5.811590428521192e-08,1.5753652319518327e-05,8.794468656939981e-06
superior_csf_into_gm_2mm_r20,1,873963303,37.0,5,white_matter,3.4115144142337174e-06,1.1097233218867169e-05,6.1950249848515425e-06,4.776120179927204e-08,1.2946772088678362e-05,7.227529148993466e-06
superior_csf_into_gm_2mm_r20,1,873963303,38.0,5,white_matter,2.7941719649823526e-06,9.089094807765697e-06,5.073982704811613e-06,3.911840750975294e-08,1.0603943942393314e-05,5.919646488946883e-06
superior_csf_into_gm_2mm_r20,1,873963303,39.0,5,white_matter,2.394430268133379e-06,7.788784652624475e-06,4.348085200426428e-06,3.352202375386731e-08,9.086915428061888e-06,5.072766067164167e-06
superior_csf_into_gm_2mm_r20,1,873963303,40.0,5,white_matter,2.0037365915380796e-06,6.517906585035084e-06,3.638618144437148e-06,2.8052312281533114e-08,7.604224349207597e-06,4.245054501843339e-06
superior_csf_into_gm_2mm_r20,1,873963303,41.0,5,white_matter,1.6944454449475505e-06,5.511820850228982e-06,3.0769712779524617e-06,2.3722236229265708e-08,6.4304576586004795e-06,3.589799824277872e-06
superior_csf_into_gm_2mm_r20,1,873963303,42.0,5,white_matter,1.4644493169963692e-06,4.763671975154109e-06,2.6593175365137867e-06,2.0502290437949168e-08,5.557617304346459e-06,3.1025371259327512e-06
superior_csf_into_gm_2mm_r20,1,873963303,43.0,5,white_matter,1.2287247893774675e-06,3.99688932652156e-06,2.2312615001539243e-06,1.7202147051284547e-08,4.663037547608487e-06,2.6031384168462453e-06
superior_csf_into_gm_2mm_r20,1,873963303,44.0,5,white_matter,1.0170931612680747e-06,3.3084778914650813e-06,1.8469561552160855e-06,1.4239304257753046e-08,3.859890873375928e-06,2.1547821810854327e-06
superior_csf_into_gm_2mm_r20,1,873963303,45.0,5,white_matter,8.298211268821815e-07,2.699305193181534e-06,1.506885796098117e-06,1.161749577635054e-08,3.1491893920451226e-06,1.7580334287811364e-06
superior_csf_into_gm_2mm_r20,1,873963303,46.0,5,white_matter,6.640884957851202e-07,2.1601975020086462e-06,1.2059291927293178e-06,9.297238940991684e-09,2.520230419010087e-06,1.4069173915175375e-06
superior_csf_into_gm_2mm_r20,1,873963303,47.0,5,white_matter,5.318055519102849e-07,1.7298974942078303e-06,9.657144250721243e-07,7.445277726743988e-09,2.0182137432424687e-06,1.1266668292508115e-06
superior_csf_into_gm_2mm_r20,1,873963303,48.0,5,white_matter,4.1161135036300946e-07,1.3389206656883357e-06,7.474518029026371e-07,5.762558905082132e-09,1.5620741099697249e-06,8.720271033864099e-07
superior_csf_into_gm_2mm_r20,1,873963303,49.0,4,gray_matter,3.298709121267867e-07,1.0730291593428996e-06,5.990180002977441e-07,1.187535283656432e-08,3.219087478028698e-06,1.7970540008932322e-06
superior_csf_into_gm_2mm_r20,1,873963303,50.0,4,gray_matter,2.692151399310734e-07,8.757234562457895e-07,4.888721886136068e-07,9.691745037518643e-09,2.627170368737368e-06,1.4666165658408203e-06
superior_csf_into_gm_2mm_r20,1,873963303,51.0,4,gray_matter,2.314145360118283e-07,7.527627805541671e-07,4.202294519025557e-07,8.330923296425818e-09,2.258288341662501e-06,1.2606883557076669e-06
superior_csf_into_gm_2mm_r20,1,873963303,52.0,4,gray_matter,2.0016656667877643e-07,6.511170123703691e-07,3.634857518213081e-07,7.2059964004359505e-09,1.953351037111107e-06,1.0904572554639242e-06
superior_csf_into_gm_2mm_r20,1,873963303,53.0,4,gray_matter,1.7857736412822236e-07,5.808900144385212e-07,3.2428156477590627e-07,6.4287851086160044e-09,1.7426700433155635e-06,9.728446943277187e-07
superior_csf_into_gm_2mm_r20,1,873963303,54.0,4,gray_matter,1.503706172570298e-07,4.891369656842235e-07,2.730604704491889e-07,5.4133422212530725e-09,1.4674108970526704e-06,8.191814113475669e-07
superior_csf_into_gm_2mm_r20,1,873963303,55.0,4,gray_matter,1.1827179819383515e-07,3.847234888692646e-07,2.1477169838624414e-07,4.257784734978065e-09,1.1541704666077937e-06,6.443150951587324e-07
superior_csf_into_gm_2mm_r20,1,873963303,56.0,4,gray_matter,9.286714103227655e-08,3.020852903639524e-07,1.6863896472672834e-07,3.3432170771619555e-09,9.062558710918571e-07,5.05916894180185e-07
superior_csf_into_gm_2mm_r20,1,873963303,57.0,4,gray_matter,6.738373646405633e-08,2.1919093631274574e-07,1.223632323597395e-07,2.425814512706028e-09,6.575728089382371e-07,3.6708969707921844e-07
superior_csf_into_gm_2mm_r20,1,873963303,58.0,4,gray_matter,5.5712202980725055e-08,1.8122488565033428e-07,1.011687032558636e-07,2.005639307306102e-09,5.436746569510028e-07,3.035061097675908e-07
superior_csf_into_gm_2mm_r20,1,873963303,59.0,4,gray_matter,3.9447177611317915e-08,1.283167756678517e-07,7.163277688770424e-08,1.4200983940074448e-09,3.8495032700355503e-07,2.148983306631127e-07
superior_csf_into_gm_2mm_r20,1,873963303,60.0,4,gray_matter,3.394261997942823e-08,1.1041113248694906e-07,6.1636960391126e-08,1.2219343192594163e-09,3.3123339746084714e-07,1.8491088117337798e-07
superior_csf_into_gm_2mm_r20,1,873963303,61.0,4,gray_matter,2.5807794077825065e-08,8.394955288806915e-08,4.686479659853398e-08,9.290805868017022e-10,2.518486586642074e-07,1.4059438979560193e-07
superior_csf_into_gm_2mm_r20,1,873963303,62.0,4,gray_matter,2.1185092259618603e-08,6.891247728203186e-08,3.847035653935569e-08,7.626633213462697e-10,2.0673743184609556e-07,1.1541106961806705e-07
superior_csf_into_gm_2mm_r20,1,873963303,63.0,4,gray_matter,1.488304220112151e-08,4.841269015982902e-08,2.7026360463805188e-08,5.357895192403743e-10,1.4523807047948704e-07,8.107908139141555e-08
superior_csf_into_gm_2mm_r20,1,873963303,64.0,4,gray_matter,1.286844772173402e-08,4.1859464212452546e-08,2.3368025302717263e-08,4.632641179824247e-10,1.2557839263735762e-07,7.010407590815179e-08
superior_csf_into_gm_2mm_r20,1,873963303,65.0,4,gray_matter,9.90701566750777e-09,3.222629308163107e-08,1.799031225823268e-08,3.5665256403027973e-10,9.667887924489321e-08,5.3970936774698034e-08
superior_csf_into_gm_2mm_r20,1,873963303,66.0,4,gray_matter,6.9201223300998e-09,2.2510299554884696e-08,1.2566363651969713e-08,2.491244038835928e-10,6.753089866465407e-08,3.769909095590914e-08
superior_csf_into_gm_2mm_r20,1,873963303,67.0,4,gray_matter,5.730940357005243e-09,1.864203810476648e-08,1.0406908600536027e-08,2.0631385285218872e-10,5.592611431429943e-08,3.122072580160808e-08
superior_csf_into_gm_2mm_r20,1,873963303,68.0,4,gray_matter,3.470090311272286e-09,1.1287773346069696e-08,6.301393917121035e-09,1.249232512058023e-10,3.386332003820908e-08,1.8904181751363107e-08
superior_csf_into_gm_2mm_r20,1,873963303,69.0,4,gray_matter,3.307677240651038e-09,1.0759463773360132e-08,6.006465358071963e-09,1.1907638066343736e-10,3.227839132008039e-08,1.801939607421589e-08
superior_csf_into_gm_2mm_r20,1,873963303,70.0,4,gray_matter,2.5258143652521316e-09,8.216160823422389e-09,4.586667737515211e-09,9.092931714907673e-11,2.4648482470267162e-08,1.3760003212545631e-08
superior_csf_into_gm_2mm_r20,1,873963303,71.0,4,gray_matter,1.7489411318045121e-09,5.689088559827652e-09,3.175930889624322e-09,6.296188074496243e-11,1.7067265679482953e-08,9.527792668872966e-09
superior_csf_into_gm_2mm_r20,1,873963303,72.0,5,white_matter,1.8416789307624378e-09,5.990753116467574e-09,3.3443349799566016e-09,2.578350503067413e-11,6.989211969212169e-09,3.901724143282702e-09
superior_csf_into_gm_2mm_r20,1,873963303,73.0,5,white_matter,1.569551803475211e-09,5.105557326560581e-09,2.850174865736796e-09,2.1973725248652952e-11,5.956483547654011e-09,3.325204010026262e-09
superior_csf_into_gm_2mm_r20,1,873963303,74.0,5,white_matter,1.182964726900778e-09,3.848037519448712e-09,2.1481650520871398e-09,1.6561506176610892e-11,4.489377106023498e-09,2.50619256076833e-09
superior_csf_into_gm_2mm_r20,1,873963303,75.0,5,white_matter,7.666265275443386e-10,2.4937410003119484e-09,1.3921296865614802e-09,1.073277138562074e-11,2.9093645003639394e-09,1.6241513009883936e-09
superior_csf_into_gm_2mm_r20,1,873963303,76.0,5,white_matter,6.149540945168668e-10,2.0003693894061424e-09,1.1167052275006901e-09,8.609357323236136e-12,2.3337642876404995e-09,1.302822765417472e-09
superior_csf_into_gm_2mm_r20,1,873963303,77.0,5,white_matter,4.194857703570009e-10,1.364535177170991e-09,7.617510913360845e-10,5.872800784998013e-12,1.5919577066994893e-09,8.887096065587652e-10
superior_csf_into_gm_2mm_r20,1,873963303,78.0,5,white_matter,7.116926702987748e-10,2.3150479767906313e-09,1.2923743940935232e-09,9.963697384182847e-12,2.700889306255736e-09,1.5077701264424436e-09
superior_csf_into_gm_2mm_r20,1,873963303,79.0,5,white_matter,6.642039399832406e-10,2.160573027665217e-09,1.2061388297423486e-09,9.298855159765369e-12,2.5206685322760867e-09,1.4071619680327401e-09
superior_csf_into_gm_2mm_r20,1,873963303,80.0,5,white_matter,2.4112781366026065e-10,7.843588678913725e-10,4.378679521140093e-10,3.375789391243649e-12,9.150853458732677e-10,5.108459441330109e-10
superior_csf_into_gm_2mm_r20,1,873963303,81.0,4,gray_matter,1.7761095434291355e-10,5.777464032821908e-10,3.225266453944685e-10,6.393994356344888e-12,1.7332392098465724e-09,9.675799361834054e-10
superior_csf_into_gm_2mm_r20,1,873963303,82.0,4,gray_matter,1.940654372762199e-10,6.312707952193666e-10,3.5240661086063895e-10,6.9863557419439165e-12,1.8938123856581e-09,1.0572198325819168e-09
superior_csf_into_gm_2mm_r20,1,873963303,83.0,3,CSF,1.1616443592760069e-10,3.7786850081836493e-10,2.109449046793243e-10,3.484933077828021e-13,9.446712520459122e-11,5.2736226169831084e-11
superior_csf_into_gm_2mm_r20,1,873963303,84.0,3,CSF,2.8376359320856135e-10,9.23047770140075e-10,5.152909635626281e-10,8.512907796256841e-13,2.3076194253501875e-10,1.2882274089065704e-10
superior_csf_into_gm_2mm_r20,1,873963303,85.0,3,CSF,1.3330922460166186e-10,4.3363837170339964e-10,2.420784076634135e-10,3.999276738049856e-13,1.0840959292584991e-10,6.051960191585338e-11
superior_csf_into_gm_2mm_r20,1,873963303,86.0,3,CSF,2.5846686909346795e-10,8.40760664446697e-10,4.693542272926451e-10,7.754006072804039e-13,2.1019016611167422e-10,1.1733855682316126e-10
superior_csf_into_gm_2mm_r20,1,873963303,87.0,3,CSF,2.824589600349001e-10,9.188039602552964e-10,5.129218587823063e-10,8.473768801047003e-13,2.2970099006382408e-10,1.282304646955766e-10
superior_csf_into_gm_2mm_r20,1,873963303,88.0,3,CSF,2.6260898913561284e-10,8.542344671474692e-10,4.768759710215531e-10,7.878269674068386e-13,2.135586167868673e-10,1.1921899275538828e-10
superior_csf_into_gm_2mm_r20,1,873963303,89.0,3,CSF,3.0168346875018054e-10,9.813389024620498e-10,5.47831959503487e-10,9.050504062505416e-13,2.453347256155124e-10,1.3695798987587175e-10
superior_csf_into_gm_2mm_r20,1,873963303,90.0,3,CSF,4.4639944640063685e-10,1.4520820269181734e-09,8.106240771364319e-10,1.3391983392019106e-12,3.6302050672954334e-10,2.0265601928410799e-10
superior_csf_into_gm_2mm_r20,1,873963303,91.0,4,gray_matter,2.1872335557415472e-10,7.114799448281973e-10,3.971833291687296e-10,7.87404080066957e-12,2.1344398344845917e-09,1.1915499875061888e-09
superior_csf_into_gm_2mm_r20,1,873963303,92.0,3,CSF,1.4295653141962744e-10,4.650198641122419e-10,2.5959711036168417e-10,4.288695942588823e-13,1.1625496602806046e-10,6.489927759042104e-11
superior_csf_into_gm_2mm_r20,1,873963303,93.0,3,CSF,1.7839206659926028e-10,5.8028726456146e-10,3.239450799535758e-10,5.351761997977809e-13,1.45071816140365e-10,8.098626998839395e-11
superior_csf_into_gm_2mm_r20,1,873963303,94.0,3,CSF,2.372892842839455e-10,7.718726079685898e-10,4.308975036550658e-10,7.118678528518365e-13,1.9296815199214742e-10,1.0772437591376644e-10
superior_csf_into_gm_2mm_r20,1,873963303,95.0,3,CSF,3.3068424133358984e-10,1.0756748183657525e-09,6.004949381456491e-10,9.920527240007696e-13,2.6891870459143813e-10,1.5012373453641227e-10
superior_csf_into_gm_2mm_r20,1,873963303,96.0,3,CSF,3.948530762757612e-10,1.2844080788102103e-09,7.170201780968505e-10,1.1845592288272836e-12,3.211020197025526e-10,1.7925504452421263e-10
superior_csf_into_gm_2mm_r20,1,873963303,97.0,3,CSF,1.5718434036786934e-10,5.11301161776813e-10,2.854336220136072e-10,4.71553021103608e-13,1.2782529044420322e-10,7.13584055034018e-11
superior_csf_into_gm_2mm_r20,1,873963303,98.0,3,CSF,3.587433630919388e-11,1.1669476609396654e-10,6.514479576084169e-11,1.0762300892758164e-13,2.9173691523491635e-11,1.6286198940210422e-11
superior_csf_into_gm_2mm_r20,1,873963303,99.0,3,CSF,2.4768517360944554e-11,8.056891464188658e-11,4.4977556960798077e-11,7.430555208283366e-14,2.0142228660471644e-11,1.1244389240199519e-11
superior_csf_into_gm_2mm_r20,1,873963303,100.0,3,CSF,2.555800525435011e-10,8.313702082957845e-10,4.641120097662845e-10,7.667401576305034e-13,2.0784255207394612e-10,1.1602800244157113e-10
superior_csf_into_gm_2mm_r20,2,112149004,0.0,1,scalp,0.3087291261213749,1.0,0.5584646739582587,0.0037047495134564985,1.0,0.5584646739582587
superior_csf_into_gm_2mm_r20,2,112149004,1.0,1,scalp,0.5528176454442133,1.790623555313264,1.0,0.00663381174533056,1.790623555313264,1.0
superior_csf_into_gm_2mm_r20,2,112149004,2.0,1,scalp,0.3667178129336418,1.1878303078844237,0.6633612656104129,0.004400613755203702,1.187830307884424,0.6633612656104129
superior_csf_into_gm_2mm_r20,2,112149004,3.0,1,scalp,0.14483203325364521,0.46912332203054086,0.26198880308400124,0.0017379843990437426,0.4691233220305409,0.26198880308400124
superior_csf_into_gm_2mm_r20,2,112149004,4.0,1,scalp,0.06594143795756009,0.21358994788083466,0.11928244060403181,0.0007912972554907211,0.21358994788083466,0.1192824406040318
superior_csf_into_gm_2mm_r20,2,112149004,5.0,1,scalp,0.03600712154488712,0.11663014111189221,0.06513381372975859,0.00043208545853864544,0.11663014111189221,0.06513381372975859
superior_csf_into_gm_2mm_r20,2,112149004,6.0,1,scalp,0.02125924253783598,0.06886050177681663,0.038456157673392,0.0002551109104540318,0.06886050177681664,0.038456157673392
superior_csf_into_gm_2mm_r20,2,112149004,7.0,1,scalp,0.013172214658932641,0.042665927975172865,0.023827413555781468,0.0001580665759071917,0.04266592797517287,0.023827413555781468
superior_csf_into_gm_2mm_r20,2,112149004,8.0,1,scalp,0.00836219783069615,0.02708587277058079,0.01512650310569728,0.0001003463739683538,0.02708587277058079,0.015126503105697279
superior_csf_into_gm_2mm_r20,2,112149004,9.0,1,scalp,0.005318082197836156,0.01722572231732158,0.009619957397638499,6.381698637403388e-05,0.017225722317321585,0.009619957397638499
superior_csf_into_gm_2mm_r20,2,112149004,10.0,1,scalp,0.003341575812287224,0.0108236493727304,0.006044625817980395,4.009890974744669e-05,0.010823649372730402,0.006044625817980395
superior_csf_into_gm_2mm_r20,2,112149004,11.0,2,skull,0.0020872614533882193,0.006760818066020845,0.0037756780569314368,5.218153633470548e-05,0.014085037637543428,0.007865995951940492
superior_csf_into_gm_2mm_r20,2,112149004,12.0,2,skull,0.001318013053996886,0.004269156818973788,0.0023841732709848733,3.295032634992215e-05,0.008894076706195391,0.004967027647885152
superior_csf_into_gm_2mm_r20,2,112149004,13.0,2,skull,0.0008235059138733815,0.002667405969171906,0.0014896520048879017,2.058764784683454e-05,0.005557095769108138,0.003103441676849795
superior_csf_into_gm_2mm_r20,2,112149004,14.0,2,skull,0.0005020468615263076,0.0016261726511962822,0.000908159979450169,1.255117153815769e-05,0.003387859689992255,0.001891999957187852
superior_csf_into_gm_2mm_r20,2,112149004,15.0,2,skull,0.000289431189081564,0.000937492334195174,0.0005235563507546748,7.2357797270391e-06,0.0019531090295732791,0.0010907423974055724
superior_csf_into_gm_2mm_r20,2,112149004,16.0,2,skull,0.0001528647467437654,0.0004951419668893424,0.00027651929710190756,3.8216186685941355e-06,0.0010315457643527968,0.0005760818689623074
superior_csf_into_gm_2mm_r20,2,112149004,17.0,3,CSF,8.852428172590345e-05,0.0002867377070574828,0.00016013288008339584,2.655728451777104e-07,7.168442676437071e-05,4.003322002084896e-05
superior_csf_into_gm_2mm_r20,2,112149004,18.0,3,CSF,7.359969677768641e-05,0.00023839570209113073,0.0001331355780413735,2.2079909033305923e-07,5.959892552278268e-05,3.328389451034337e-05
superior_csf_into_gm_2mm_r20,2,112149004,19.0,3,CSF,6.916531048902566e-05,0.0002240323462770201,0.00012511415121969975,2.07495931467077e-07,5.600808656925502e-05,3.127853780492494e-05
superior_csf_into_gm_2mm_r20,2,112149004,20.0,3,CSF,6.718223919644394e-05,0.0002176090090380124,0.00012152694428279338,2.015467175893318e-07,5.44022522595031e-05,3.0381736070698343e-05
superior_csf_into_gm_2mm_r20,2,112149004,21.0,3,CSF,6.615819329086911e-05,0.0002142920369128355,0.00011967453252637782,1.9847457987260732e-07,5.357300922820887e-05,2.9918633131594455e-05
superior_csf_into_gm_2mm_r20,2,112149004,22.0,3,CSF,6.63273261913483e-05,0.00021483987281871206,0.00011998047952693582,1.989819785740449e-07,5.370996820467802e-05,2.999511988173395e-05
superior_csf_into_gm_2mm_r20,2,112149004,23.0,3,CSF,6.775621357714415e-05,0.00021946816106526416,0.00012256521501353136,2.0326864073143244e-07,5.486704026631603e-05,3.064130375338284e-05
superior_csf_into_gm_2mm_r20,2,112149004,24.0,4,gray_matter,6.510485522599983e-05,0.00021088018498262545,0.0001177691337505792,2.3437747881359936e-06,0.0006326405549478762,0.00035330740125173754
superior_csf_into_gm_2mm_r20,2,112149004,25.0,5,white_matter,5.354002606250805e-05,0.00017342071587200727,9.684934354706836e-05,7.495603648751127e-07,0.00020232416851734183,0.0001129909008049131
superior_csf_into_gm_2mm_r20,2,112149004,26.0,5,white_matter,4.1209165555748064e-05,0.00013348000583380962,7.454386793792496e-05,5.769283177804729e-07,0.0001557266734727779,8.696784592757913e-05
superior_csf_into_gm_2mm_r20,2,112149004,27.0,5,white_matter,3.15157949275523e-05,0.00010208235071141967,5.700938670694561e-05,4.4122112898573225e-07,0.00011909607582998961,6.65109511581032e-05
superior_csf_into_gm_2mm_r20,2,112149004,28.0,5,white_matter,2.4534866977353935e-05,7.94705290219628e-05,4.4381483079540794e-05,3.434881376829551e-07,9.271561719228993e-05,5.177839692613092e-05
superior_csf_into_gm_2mm_r20,2,112149004,29.0,5,white_matter,1.9495987546738926e-05,6.314916830708809e-05,3.526657968935315e-05,2.72943825654345e-07,7.367402969160277e-05,4.114434297091201e-05
superior_csf_into_gm_2mm_r20,2,112149004,30.0,5,white_matter,1.526206485635923e-05,4.943513120417102e-05,2.7607774430021113e-05,2.1366890798902922e-07,5.767431973819952e-05,3.2209070168357964e-05
superior_csf_into_gm_2mm_r20,2,112149004,31.0,5,white_matter,1.1894585463095852e-05,3.852757792091042e-05,2.1516291242002647e-05,1.6652419648334192e-07,4.494884090772882e-05,2.510233978233642e-05
superior_csf_into_gm_2mm_r20,2,112149004,32.0,5,white_matter,9.534518701790513e-06,3.08831201693684e-05,1.7247131636200048e-05,1.3348326182506718e-07,3.603030686426313e-05,2.0121653575566723e-05
superior_csf_into_gm_2mm_r20,2,112149004,33.0,4,gray_matter,7.711452993834453e-06,2.4978054680862032e-05,1.3949361163459174e-05,2.776123077780403e-07,7.49341640425861e-05,4.184808349037752e-05
superior_csf_into_gm_2mm_r20,2,112149004,34.0,5,white_matter,6.333307277124664e-06,2.0514123033000665e-05,1.1456413031164322e-05,8.86663018797453e-08,2.3933143538500777e-05,1.3365815203025044e-05
superior_csf_into_gm_2mm_r20,2,112149004,35.0,5,white_matter,5.098860286832154e-06,1.6515643829560707e-05,9.223403646486347e-06,7.138404401565015e-08,1.926825113448749e-05,1.0760637587567404e-05
superior_csf_into_gm_2mm_r20,2,112149004,36.0,5,white_matter,4.1527389559652085e-06,1.3451076055365717e-05,7.511950803647557e-06,5.813834538351292e-08,1.569292206459334e-05,8.763942604255484e-06
superior_csf_into_gm_2mm_r20,2,112149004,37.0,5,white_matter,3.462118762013914e-06,1.1214098279320767e-05,6.262677739296743e-06,4.84696626681948e-08,1.3083114659207562e-05,7.306457362512866e-06
superior_csf_into_gm_2mm_r20,2,112149004,38.0,5,white_matter,2.904586752517739e-06,9.40820449631247e-06,5.254149856565768e-06,4.0664214535248346e-08,1.0976238579031217e-05,6.1298414993267294e-06
superior_csf_into_gm_2mm_r20,2,112149004,39.0,5,white_matter,2.4512060013765066e-06,7.939665531955125e-06,4.434022722640943e-06,3.431688401927109e-08,9.262943120614312e-06,5.173026509747767e-06
superior_csf_into_gm_2mm_r20,2,112149004,40.0,5,white_matter,2.072344021214148e-06,6.712499229500683e-06,3.7486936936481624e-06,2.9012816296998075e-08,7.83124910108413e-06,4.3734759759228554e-06
superior_csf_into_gm_2mm_r20,2,112149004,41.0,5,white_matter,1.7313969143043663e-06,5.608142438830598e-06,3.1319494386130037e-06,2.423955680026113e-08,6.5428328453023635e-06,3.6539410117151708e-06
superior_csf_into_gm_2mm_r20,2,112149004,42.0,5,white_matter,1.47575147562905e-06,4.78008503495996e-06,2.669508630541666e-06,2.06605206588067e-08,5.576765874119953e-06,3.114426735631943e-06
superior_csf_into_gm_2mm_r20,2,112149004,43.0,5,white_matter,1.2202662723988505e-06,3.95254664737758e-06,2.207357674732529e-06,1.7083727813583906e-08,4.611304421940511e-06,2.5752506205212837e-06
superior_csf_into_gm_2mm_r20,2,112149004,44.0,5,white_matter,9.748311815629077e-07,3.1575614319578617e-06,1.7633865156015198e-06,1.3647636541880708e-08,3.683821670617505e-06,2.057284268201773e-06
superior_csf_into_gm_2mm_r20,2,112149004,45.0,5,white_matter,7.905983879856584e-07,2.560815683049094e-06,1.430125095501208e-06,1.1068377431799218e-08,2.9876182968906093e-06,1.6684792780847425e-06
superior_csf_into_gm_2mm_r20,2,112149004,46.0,5,white_matter,6.613270971243513e-07,2.1420949342640086e-06,1.1962843490513871e-06,9.258579359740918e-09,2.4991107566413433e-06,1.395665073893285e-06
superior_csf_into_gm_2mm_r20,2,112149004,47.0,5,white_matter,5.114077613479349e-07,1.656493404988547e-06,9.250930493309348e-07,7.1597086588710884e-09,1.932575639153305e-06,1.079275224219424e-06
superior_csf_into_gm_2mm_r20,2,112149004,48.0,5,white_matter,4.0885019722783e-07,1.3243006980400456e-06,7.395751575536285e-07,5.72390276118962e-09,1.5450174810467196e-06,8.628376838125665e-07
superior_csf_into_gm_2mm_r20,2,112149004,49.0,4,gray_matter,3.3050809781176963e-07,1.0705439488784497e-06,5.978609773683903e-07,1.1898291521223706e-08,3.2116318466353492e-06,1.7935829321051708e-06
superior_csf_into_gm_2mm_r20,2,112149004,50.0,4,gray_matter,2.746967426334837e-07,8.897662040655291e-07,4.969029930525332e-07,9.889082734805413e-09,2.669298612196587e-06,1.4907089791575994e-06
superior_csf_into_gm_2mm_r20,2,112149004,51.0,4,gray_matter,2.3308464457767925e-07,7.549810654600937e-07,4.2163025456683007e-07,8.391047204796452e-09,2.264943196380281e-06,1.26489076370049e-06
superior_csf_into_gm_2mm_r20,2,112149004,52.0,4,gray_matter,2.0948704554933563e-07,6.785464273525561e-07,3.7894420931698657e-07,7.541533639776082e-09,2.035639282057668e-06,1.1368326279509596e-06
superior_csf_into_gm_2mm_r20,2,112149004,53.0,4,gray_matter,1.8260151978071888e-07,5.914619137973081e-07,3.3031058484754143e-07,6.573654712105879e-09,1.774385741391924e-06,9.90931754542624e-07
superior_csf_into_gm_2mm_r20,2,112149004,54.0,4,gray_matter,1.512594019648678e-07,4.899421180799156e-07,2.7361536523191874e-07,5.4453384707352405e-09,1.4698263542397467e-06,8.208460956957562e-07
superior_csf_into_gm_2mm_r20,2,112149004,55.0,4,gray_matter,1.1729793931126309e-07,3.79938040783195e-07,2.1218197407032663e-07,4.222725815205471e-09,1.139814122349585e-06,6.365459222109798e-07
superior_csf_into_gm_2mm_r20,2,112149004,56.0,4,gray_matter,9.100016321928194e-08,2.947572986149218e-07,1.646115386677994e-07,3.2760058758941496e-09,8.842718958447653e-07,4.938346160033981e-07
superior_csf_into_gm_2mm_r20,2,112149004,57.0,4,gray_matter,7.043373121988248e-08,2.2814086932695787e-07,1.2740861620523326e-07,2.535614323915769e-09,6.844226079808736e-07,3.8222584861569965e-07
superior_csf_into_gm_2mm_r20,2,112149004,58.0,4,gray_matter,5.470827414427808e-08,1.7720477115842276e-07,9.896260474883643e-08,1.9694978691940106e-09,5.316143134752682e-07,2.9688781424650926e-07
superior_csf_into_gm_2mm_r20,2,112149004,59.0,4,gray_matter,4.2315214000734074e-08,1.370625911858349e-07,7.654461529847142e-08,1.5233477040264265e-09,4.1118777355750474e-07,2.296338458954142e-07
superior_csf_into_gm_2mm_r20,2,112149004,60.0,4,gray_matter,3.374295717895297e-08,1.0929631940747677e-07,6.103813338273423e-08,1.214746458442307e-09,3.2788895822243036e-07,1.8311440014820266e-07
superior_csf_into_gm_2mm_r20,2,112149004,61.0,4,gray_matter,2.9476952492854105e-08,9.547836598113983e-08,5.332129452772456e-08,1.0611702897427477e-09,2.8643509794341944e-07,1.5996388358317365e-07
superior_csf_into_gm_2mm_r20,2,112149004,62.0,4,gray_matter,2.0953369588276936e-08,6.786975317657348e-08,3.79028595793826e-08,7.543213051779696e-10,2.0360925952972042e-07,1.137085787381478e-07
superior_csf_into_gm_2mm_r20,2,112149004,63.0,4,gray_matter,1.7770459285951074e-08,5.7560034938085923e-08,3.214524614472414e-08,6.397365342942386e-10,1.7268010481425776e-07,9.64357384341724e-08
superior_csf_into_gm_2mm_r20,2,112149004,64.0,4,gray_matter,1.3575896310577147e-08,4.3973487312758014e-08,2.4557639254927034e-08,4.887322671807773e-10,1.3192046193827405e-07,7.367291776478109e-08
superior_csf_into_gm_2mm_r20,2,112149004,65.0,4,gray_matter,1.0037218634498262e-08,3.251140817388313e-08,1.815647296575151e-08,3.613398708419374e-10,9.753422452164938e-08,5.446941889725452e-08
superior_csf_into_gm_2mm_r20,2,112149004,66.0,4,gray_matter,7.100806304686051e-09,2.300011791532236e-08,1.2844753352582008e-08,2.556290269686978e-10,6.900035374596707e-08,3.853426005774602e-08
superior_csf_into_gm_2mm_r20,2,112149004,67.0,4,gray_matter,5.077133352486508e-09,1.6445268434085048e-08,9.184101474197352e-09,1.827768006895143e-10,4.9335805302255144e-08,2.755230442259205e-08
superior_csf_into_gm_2mm_r20,2,112149004,68.0,4,gray_matter,3.98870374139256e-09,1.2919751989400658e-08,7.215225082382203e-09,1.4359333469013213e-10,3.875925596820197e-08,2.1645675247146605e-08
superior_csf_into_gm_2mm_r20,2,112149004,69.0,4,gray_matter,3.261888416195695e-09,1.0565535092770302e-08,5.900478110778508e-09,1.17427982983045e-10,3.1696605278310905e-08,1.770143433233552e-08
superior_csf_into_gm_2mm_r20,2,112149004,70.0,4,gray_matter,2.574828122704439e-09,8.340088138273555e-09,4.657644602924082e-09,9.26938124173598e-11,2.5020264414820664e-08,1.3972933808772246e-08
superior_csf_into_gm_2mm_r20,2,112149004,71.0,4,gray_matter,2.3447913294301864e-09,7.594979323422653e-09,4.241527651574948e-09,8.44124878594867e-11,2.2784937970267954e-08,1.272458295472484e-08
superior_csf_into_gm_2mm_r20,2,112149004,72.0,5,white_matter,2.0373502359177032e-09,6.599151371020083e-09,3.685392918817927e-09,2.8522903302847845e-11,7.699009932856764e-09,4.299625071954248e-09
superior_csf_into_gm_2mm_r20,2,112149004,73.0,5,white_matter,1.8161757054120853e-09,5.882748181971232e-09,3.2853070454231038e-09,2.5426459875769193e-11,6.863206212299771e-09,3.832858219660287e-09
superior_csf_into_gm_2mm_r20,2,112149004,74.0,5,white_matter,1.5582469934370162e-09,5.047295060927945e-09,2.818735990572255e-09,2.181545790811823e-11,5.888510904415937e-09,3.2885253223342973e-09
superior_csf_into_gm_2mm_r20,2,112149004,75.0,5,white_matter,9.380654284730268e-10,3.0384740184968245e-09,1.6968804020704694e-09,1.3132915998622375e-11,3.5448863549129617e-09,1.9796938024155475e-09
superior_csf_into_gm_2mm_r20,2,112149004,76.0,5,white_matter,7.6890718239127e-10,2.490556016049419e-09,1.3908875534778186e-09,1.076470055347778e-11,2.905648685390989e-09,1.6227021457241217e-09
superior_csf_into_gm_2mm_r20,2,112149004,77.0,5,white_matter,3.580935276318859e-10,1.1598955114170333e-09,6.477606686091613e-10,5.013309386846402e-12,1.3532114299865388e-09,7.557207800440214e-10
superior_csf_into_gm_2mm_r20,2,112149004,78.0,5,white_matter,4.3012870460296635e-10,1.3932236002697847e-09,7.780661636756168e-10,6.021801864441529e-12,1.6254275336480824e-09,9.077438576215529e-10
superior_csf_into_gm_2mm_r20,2,112149004,79.0,5,white_matter,3.5787125603379346e-10,1.1591755547323989e-09,6.473585982340129e-10,5.010197584473108e-12,1.352371480521132e-09,7.552516979396816e-10
superior_csf_into_gm_2mm_r20,2,112149004,80.0,5,white_matter,2.8423579928770583e-10,9.206640230502915e-10,5.141583334578799e-10,3.9793011900278814e-12,1.0741080268920066e-09,5.998513890341931e-10
superior_csf_into_gm_2mm_r20,2,112149004,81.0,4,gray_matter,2.644329257221511e-10,8.565208247251378e-10,4.78336623118583e-10,9.51958532599744e-12,2.5695624741754134e-09,1.435009869355749e-09
superior_csf_into_gm_2mm_r20,2,112149004,82.0,4,gray_matter,1.7165328322700768e-10,5.55999640796843e-10,3.1050615811851794e-10,6.179518196172276e-12,1.667998922390529e-09,9.315184743555538e-10
superior_csf_into_gm_2mm_r20,2,112149004,83.0,3,CSF,1.700931902594012e-10,5.509463664679637e-10,3.0768408291801873e-10,5.102795707782036e-13,1.3773659161699095e-10,7.692102072950468e-11
superior_csf_into_gm_2mm_r20,2,112149004,84.0,3,CSF,2.4776957494361945e-10,8.025468087718113e-10,4.4819404189699065e-10,7.433087248308584e-13,2.0063670219295284e-10,1.1204851047424765e-10
superior_csf_into_gm_2mm_r20,2,112149004,85.0,3,CSF,2.3259654967261537e-10,7.534000843871515e-10,4.207473324873952e-10,6.977896490178461e-13,1.8835002109678787e-10,1.051868331218488e-10
superior_csf_into_gm_2mm_r20,2,112149004,86.0,3,CSF,1.5025433436952366e-10,4.866866183220177e-10,2.717972836210532e-10,4.50763003108571e-13,1.2167165458050446e-10,6.794932090526329e-11
superior_csf_into_gm_2mm_r20,2,112149004,87.0,3,CSF,1.1299817364472757e-10,3.6601073265858e-10,2.044040644793973e-10,3.389945209341827e-13,9.1502683164645e-11,5.110101611984932e-11
superior_csf_into_gm_2mm_r20,2,112149004,88.0,3,CSF,9.423471554897954e-11,3.0523428978946343e-10,1.7046256812815337e-10,2.8270414664693864e-13,7.630857244736586e-11,4.261564203203834e-11
superior_csf_into_gm_2mm_r20,2,112149004,89.0,3,CSF,8.814710056948121e-11,2.855159850866379e-10,1.594505915212803e-10,2.6444130170844364e-13,7.137899627165947e-11,3.9862647880320067e-11
superior_csf_into_gm_2mm_r20,2,112149004,90.0,3,CSF,8.783696590738548e-11,2.8451143243560684e-10,1.5888958435254833e-10,2.6351089772215646e-13,7.112785810890171e-11,3.972239608813708e-11
superior_csf_into_gm_2mm_r20,2,112149004,91.0,4,gray_matter,5.93737803579243e-11,1.9231674414347897e-10,1.0740210781480186e-10,2.1374560928852748e-12,5.769502324304369e-10,3.222063234444055e-10
superior_csf_into_gm_2mm_r20,2,112149004,92.0,3,CSF,7.31818874615101e-11,2.3704238204185217e-10,1.3237979660129198e-10,2.195456623845303e-13,5.926059551046304e-11,3.309494915032299e-11
superior_csf_into_gm_2mm_r20,2,112149004,93.0,3,CSF,9.024422521976508e-11,2.9230875088956183e-10,1.63244111260685e-10,2.7073267565929524e-13,7.307718772239046e-11,4.081102781517125e-11
superior_csf_into_gm_2mm_r20,2,112149004,94.0,3,CSF,1.3587014407360982e-10,4.400949977754718e-10,2.457775094433395e-10,4.0761043222082945e-13,1.1002374944386794e-10,6.144437736083486e-11
superior_csf_into_gm_2mm_r20,2,112149004,95.0,3,CSF,8.562766528109538e-11,2.773553190683778e-10,1.5489314783411043e-10,2.5688299584328613e-13,6.933882976709445e-11,3.872328695852761e-11
superior_csf_into_gm_2mm_r20,2,112149004,96.0,3,CSF,6.374777993469689e-11,2.064845022417317e-10,1.1531430022186203e-10,1.9124333980409068e-13,5.162112556043292e-11,2.8828575055465507e-11
superior_csf_into_gm_2mm_r20,2,112149004,97.0,3,CSF,4.6567822386508307e-11,1.508371528515922e-10,8.423722138805647e-11,1.3970346715952493e-13,3.7709288212898054e-11,2.1059305347014118e-11
superior_csf_into_gm_2mm_r20,2,112149004,98.0,3,CSF,5.14558316973024e-11,1.6666983236648967e-10,9.30792135912293e-11,1.543674950919072e-13,4.166745809162242e-11,2.3269803397807322e-11
superior_csf_into_gm_2mm_r20,2,112149004,99.0,3,CSF,4.732646048432161e-11,1.532944464258792e-10,8.56095330428404e-11,1.4197938145296484e-13,3.8323611606469807e-11,2.14023832607101e-11
superior_csf_into_gm_2mm_r20,2,112149004,100.0,3,CSF,2.7927982067802792e-11,9.046111851728263e-11,5.0519339058653655e-11,8.378394620340837e-14,2.2615279629320658e-11,1.2629834764663412e-11
superior_csf_into_gm_2mm_r20,3,9573696,0.0,1,scalp,0.30910540230238487,1.0,0.5585910442010384,0.0037092648276286183,1.0,0.5585910442010384
superior_csf_into_gm_2mm_r20,3,9573696,1.0,1,scalp,0.5533661978854373,1.790218461934555,1.0,0.0066403943746252475,1.7902184619345551,1.0
superior_csf_into_gm_2mm_r20,3,9573696,2.0,1,scalp,0.3667582866578223,1.186515291955454,0.662776815893897,0.004401099439893867,1.1865152919554542,0.662776815893897
superior_csf_into_gm_2mm_r20,3,9573696,3.0,1,scalp,0.14480872013620194,0.46847683365475973,0.2616869636952084,0.0017377046416344234,0.4684768336547598,0.26168696369520844
superior_csf_into_gm_2mm_r20,3,9573696,4.0,1,scalp,0.06591781779143686,0.21325352873306375,0.11912151129455824,0.0007910138134972424,0.21325352873306377,0.11912151129455822
superior_csf_into_gm_2mm_r20,3,9573696,5.0,1,scalp,0.03600636915912314,0.11648573234543348,0.06506788686535836,0.0004320764299094777,0.11648573234543348,0.06506788686535836
superior_csf_into_gm_2mm_r20,3,9573696,6.0,1,scalp,0.021272919058080545,0.06882092289435349,0.03844275118243607,0.0002552750286969665,0.06882092289435349,0.038442751182436063
superior_csf_into_gm_2mm_r20,3,9573696,7.0,1,scalp,0.013172371638267403,0.04261449829136737,0.023804077098678267,0.00015806845965920884,0.04261449829136737,0.023804077098678267
superior_csf_into_gm_2mm_r20,3,9573696,8.0,1,scalp,0.008357860745852517,0.027038869859920378,0.015103670549068908,0.0001002943289502302,0.027038869859920378,0.015103670549068908
superior_csf_into_gm_2mm_r20,3,9573696,9.0,1,scalp,0.005319590958210885,0.017209634379042497,0.009613147638107437,6.383509149853062e-05,0.0172096343790425,0.009613147638107439
superior_csf_into_gm_2mm_r20,3,9573696,10.0,1,scalp,0.0033439179358748395,0.01081805077157346,0.006042866276713068,4.012701523049807e-05,0.01081805077157346,0.006042866276713068
superior_csf_into_gm_2mm_r20,3,9573696,11.0,2,skull,0.0020886655044790843,0.006757130379869034,0.003774472514693603,5.221663761197711e-05,0.014077354958060487,0.007863484405611673
superior_csf_into_gm_2mm_r20,3,9573696,12.0,2,skull,0.0013169977349920957,0.004260675242756618,0.002379975032852932,3.2924943374802394e-05,0.008876406755742954,0.0049582813184436084
superior_csf_into_gm_2mm_r20,3,9573696,13.0,2,skull,0.0008229331292626848,0.0026623058773254434,0.0014871402199977811,2.0573328231567124e-05,0.005546470577761341,0.0030982087916620444
superior_csf_into_gm_2mm_r20,3,9573696,14.0,2,skull,0.0005034435723588731,0.0016287116582529844,0.0009097837458859393,1.2586089308971828e-05,0.003393149288027051,0.0018953828039290405
superior_csf_into_gm_2mm_r20,3,9573696,15.0,2,skull,0.00028859317046369293,0.0009336400085993137,0.0005215229473113571,7.2148292615923235e-06,0.0019450833512485704,0.001086506140231994
superior_csf_into_gm_2mm_r20,3,9573696,16.0,2,skull,0.0001524554345674243,0.000493215043903644,0.0002755055063897975,3.811385864185608e-06,0.0010275313414659251,0.0005739698049787449
superior_csf_into_gm_2mm_r20,3,9573696,17.0,3,CSF,8.89182611112993e-05,0.00028766323865253666,0.00016068610885717298,2.667547833338979e-07,7.191580966313418e-05,4.0171527214293244e-05
superior_csf_into_gm_2mm_r20,3,9573696,18.0,3,CSF,7.393085291584257e-05,0.00023917683859669045,0.00013360204002042854,2.2179255874752772e-07,5.979420964917261e-05,3.3400510005107135e-05
superior_csf_into_gm_2mm_r20,3,9573696,19.0,3,CSF,6.91234162629524e-05,0.00022362409633763653,0.000124914417481754,2.0737024878885723e-07,5.590602408440913e-05,3.12286043704385e-05
superior_csf_into_gm_2mm_r20,3,9573696,20.0,3,CSF,6.685361851535373e-05,0.00021628097735397594,0.00012081261698097856,2.0056085554606117e-07,5.4070244338493986e-05,3.020315424524464e-05
superior_csf_into_gm_2mm_r20,3,9573696,21.0,3,CSF,6.579319505588797e-05,0.00021285035643448652,0.00011889630285930305,1.973795851676639e-07,5.321258910862163e-05,2.9724075714825762e-05
superior_csf_into_gm_2mm_r20,3,9573696,22.0,3,CSF,6.606375956395463e-05,0.00021372567115254498,0.00011938524582166785,1.9819127869186388e-07,5.3431417788136244e-05,2.9846311455416964e-05
superior_csf_into_gm_2mm_r20,3,9573696,23.0,3,CSF,6.763858782652318e-05,0.00021882046487286942,0.00012223115196589277,2.0291576347956954e-07,5.470511621821736e-05,3.055778799147319e-05
superior_csf_into_gm_2mm_r20,3,9573696,24.0,4,gray_matter,6.484893159782534e-05,0.00020979552966332937,0.00011718990398334908,2.3345615375217123e-06,0.0006293865889899881,0.00035156971195004724
superior_csf_into_gm_2mm_r20,3,9573696,25.0,5,white_matter,5.313990178212302e-05,0.00017191515058070217,9.603026347685318e-05,7.439586249497223e-07,0.00020056767567748588,0.00011203530738966204
superior_csf_into_gm_2mm_r20,3,9573696,26.0,5,white_matter,4.0744107370655805e-05,0.00013181299022007242,7.362955584629152e-05,5.704175031891813e-07,0.0001537818219234178,8.590114848734009e-05
superior_csf_into_gm_2mm_r20,3,9573696,27.0,5,white_matter,3.133604044296717e-05,0.00010137655378896431,5.662803503848031e-05,4.387045662015404e-07,0.00011827264608712503,6.606604087822703e-05
superior_csf_into_gm_2mm_r20,3,9573696,28.0,5,white_matter,2.4405814456813164e-05,7.895628570392302e-05,4.410427407758988e-05,3.416814023953843e-07,9.211566665457686e-05,5.145498642385486e-05
superior_csf_into_gm_2mm_r20,3,9573696,29.0,5,white_matter,1.918148078840119e-05,6.205482222415753e-05,3.4663267943901967e-05,2.6854073103761663e-07,7.239729259485045e-05,4.0440479267885624e-05
superior_csf_into_gm_2mm_r20,3,9573696,30.0,5,white_matter,1.5097186099326302e-05,4.884154720970343e-05,2.7282450856262555e-05,2.1136060539056825e-07,5.6981805077987344e-05,3.1829525998972985e-05
superior_csf_into_gm_2mm_r20,3,9573696,31.0,5,white_matter,1.1946000223919152e-05,3.864701210311711e-05,2.1587874845930357e-05,1.6724400313486813e-07,4.508818078696997e-05,2.518585398691875e-05
superior_csf_into_gm_2mm_r20,3,9573696,32.0,5,white_matter,9.500357619568401e-06,3.073500996360652e-05,1.7168301309100285e-05,1.330050066739576e-07,3.5857511624207605e-05,2.0029684860617e-05
superior_csf_into_gm_2mm_r20,3,9573696,33.0,4,gray_matter,7.701814626365928e-06,2.4916467227679072e-05,1.3918115446510205e-05,2.7726532654917337e-07,7.474940168303721e-05,4.175434633953061e-05
superior_csf_into_gm_2mm_r20,3,9573696,34.0,5,white_matter,6.206897460631882e-06,2.008019728674924e-05,1.1216618370168117e-05,8.689656444884635e-08,2.3426896834540787e-05,1.3086054765196138e-05
superior_csf_into_gm_2mm_r20,3,9573696,35.0,5,white_matter,5.08892622208221e-06,1.646340110582709e-05,9.196308414804483e-06,7.124496710915094e-08,1.9207301290131604e-05,1.0729026483938564e-05
superior_csf_into_gm_2mm_r20,3,9573696,36.0,5,white_matter,4.135585022806669e-06,1.3379206548971925e-05,7.473504956771599e-06,5.789819031929337e-08,1.5609074307133914e-05,8.719089116233533e-06
superior_csf_into_gm_2mm_r20,3,9573696,37.0,5,white_matter,3.368749909111492e-06,1.0898385741624746e-05,6.087740671519875e-06,4.716249872756089e-08,1.2714783365228871e-05,7.102364116773188e-06
superior_csf_into_gm_2mm_r20,3,9573696,38.0,5,white_matter,2.7819475985067125e-06,8.999996692989693e-06,5.027317550543005e-06,3.894726637909398e-08,1.049999614182131e-05,5.86520380896684e-06
superior_csf_into_gm_2mm_r20,3,9573696,39.0,5,white_matter,2.369586068489905e-06,7.66594841384182e-06,4.282130129279196e-06,3.317420495885867e-08,8.943606482815456e-06,4.995818484159062e-06
superior_csf_into_gm_2mm_r20,3,9573696,40.0,5,white_matter,2.003670873299725e-06,6.482160642859349e-06,3.6208768821736783e-06,2.805139222619615e-08,7.562520750002574e-06,4.224356362535958e-06
superior_csf_into_gm_2mm_r20,3,9573696,41.0,5,white_matter,1.6968373971797732e-06,5.489510647632837e-06,3.066391484813945e-06,2.3755723560516825e-08,6.4044290889049765e-06,3.5774567322829355e-06
superior_csf_into_gm_2mm_r20,3,9573696,42.0,5,white_matter,1.4097394943042669e-06,4.560708042640994e-06,2.5475706678349072e-06,1.9736352920259738e-08,5.3208260497478275e-06,2.9721657791407254e-06
superior_csf_into_gm_2mm_r20,3,9573696,43.0,5,white_matter,1.2003285831528638e-06,3.883233920249096e-06,2.169139690388834e-06,1.6804600164140095e-08,4.530439573623946e-06,2.5306629721203067e-06
superior_csf_into_gm_2mm_r20,3,9573696,44.0,5,white_matter,1.0030495847672709e-06,3.2450082635114528e-06,1.8126325543558607e-06,1.4042694186741793e-08,3.785842974096695e-06,2.1147379800818373e-06
superior_csf_into_gm_2mm_r20,3,9573696,45.0,5,white_matter,8.329614987162321e-07,2.6947490807727155e-06,1.5052627028886198e-06,1.166146098202725e-08,3.1438739275681686e-06,1.7561398200367231e-06
superior_csf_into_gm_2mm_r20,3,9573696,46.0,5,white_matter,6.695603707192481e-07,2.166123159711862e-06,1.2099769976515017e-06,9.373845190069474e-09,2.5271436863305057e-06,1.4116398305934186e-06
superior_csf_into_gm_2mm_r20,3,9573696,47.0,5,white_matter,5.261117119509775e-07,1.7020463182856456e-06,9.507478302097118e-07,7.3655639673136855e-09,1.9857207046665866e-06,1.1092058019113305e-06
superior_csf_into_gm_2mm_r20,3,9573696,48.0,5,white_matter,4.159016395840389e-07,1.3455010377889796e-06,7.51584829672127e-07,5.822622954176544e-09,1.5697512107538096e-06,8.768489679508148e-07
superior_csf_into_gm_2mm_r20,3,9573696,49.0,4,gray_matter,3.348604647580755e-07,1.0833212951435108e-06,6.05133573459435e-07,1.2054976731290718e-08,3.249963885430532e-06,1.815400720378305e-06
superior_csf_into_gm_2mm_r20,3,9573696,50.0,4,gray_matter,2.805071088141012e-07,9.074804475260929e-07,5.069104507756259e-07,1.0098255917307644e-08,2.722441342578279e-06,1.5207313523268776e-06
superior_csf_into_gm_2mm_r20,3,9573696,51.0,4,gray_matter,2.2827503850827576e-07,7.385022610668054e-07,4.1252074915413475e-07,8.217901386297926e-09,2.2155067832004164e-06,1.2375622474624042e-06
superior_csf_into_gm_2mm_r20,3,9573696,52.0,4,gray_matter,1.9880970621251722e-07,6.431777145649173e-07,3.592733111856546e-07,7.1571494236506195e-09,1.9295331436947516e-06,1.0778199335569636e-06
superior_csf_into_gm_2mm_r20,3,9573696,53.0,4,gray_matter,1.7649212435101584e-07,5.709771587180511e-07,3.189427273032582e-07,6.35371647663657e-09,1.7129314761541532e-06,9.568281819097745e-07
superior_csf_into_gm_2mm_r20,3,9573696,54.0,4,gray_matter,1.4551784616104213e-07,4.7077095734059063e-07,2.62968440640403e-07,5.238642461797516e-09,1.4123128720217718e-06,7.88905321921209e-07
superior_csf_into_gm_2mm_r20,3,9573696,55.0,4,gray_matter,1.1220550097346077e-07,3.6300077623261607e-07,2.0276898264156448e-07,4.039398035044588e-09,1.0890023286978483e-06,6.083069479246934e-07
superior_csf_into_gm_2mm_r20,3,9573696,56.0,4,gray_matter,8.97391831348502e-08,2.903190383164579e-07,1.6216961476463147e-07,3.2306105928546067e-09,8.709571149493736e-07,4.865088442938944e-07
superior_csf_into_gm_2mm_r20,3,9573696,57.0,4,gray_matter,6.801110496014093e-08,2.200256108549294e-07,1.2290433571842634e-07,2.4483997785650734e-09,6.600768325647882e-07,3.68713007155279e-07
superior_csf_into_gm_2mm_r20,3,9573696,58.0,4,gray_matter,5.145140324089071e-08,1.6645261731969978e-07,9.297894131860694e-08,1.8522505166720656e-09,4.993578519590994e-07,2.7893682395582083e-07
superior_csf_into_gm_2mm_r20,3,9573696,59.0,4,gray_matter,3.7511236661298315e-08,1.2135419304190174e-07,6.778736540945028e-08,1.3504045198067393e-09,3.640625791257052e-07,2.0336209622835084e-07
superior_csf_into_gm_2mm_r20,3,9573696,60.0,4,gray_matter,3.085204789937486e-08,9.981076897903452e-08,5.5753401666507504e-08,1.1106737243774949e-09,2.9943230693710355e-07,1.672602049995225e-07
superior_csf_into_gm_2mm_r20,3,9573696,61.0,4,gray_matter,2.6938388144876883e-08,8.714952228018386e-08,4.868094265210956e-08,9.697819732155677e-10,2.6144856684055155e-07,1.4604282795632867e-07
superior_csf_into_gm_2mm_r20,3,9573696,62.0,4,gray_matter,2.0875083839561637e-08,6.753386930177434e-08,3.7723814572214584e-08,7.515030182242188e-10,2.02601607905323e-07,1.1317144371664373e-07
superior_csf_into_gm_2mm_r20,3,9573696,63.0,4,gray_matter,1.6323050662759483e-08,5.280739366305648e-08,2.949773716778202e-08,5.876298238593413e-10,1.5842218098916942e-07,8.849321150334604e-08
superior_csf_into_gm_2mm_r20,3,9573696,64.0,4,gray_matter,1.2635512300132749e-08,4.087768187167417e-08,2.2833907001216334e-08,4.548784428047789e-10,1.2263304561502248e-07,6.850172100364899e-08
superior_csf_into_gm_2mm_r20,3,9573696,65.0,4,gray_matter,1.008767051739967e-08,3.263505083463836e-08,1.822964712327461e-08,3.631561386263881e-10,9.790515250391507e-08,5.468894136982382e-08
superior_csf_into_gm_2mm_r20,3,9573696,66.0,4,gray_matter,7.704548741757848e-09,2.4925312480371373e-08,1.3923056325447821e-08,2.773637547032825e-10,7.477593744111412e-08,4.1769168976343454e-08
superior_csf_into_gm_2mm_r20,3,9573696,67.0,4,gray_matter,5.719093266558843e-09,1.850208124464966e-08,1.0335096882341303e-08,2.0588735759611832e-10,5.5506243733948975e-08,3.10052906470239e-08
superior_csf_into_gm_2mm_r20,3,9573696,68.0,4,gray_matter,3.878893196030684e-09,1.254877193067019e-08,7.0096316161937426e-09,1.396401550571046e-10,3.764631579201057e-08,2.1028894848581226e-08
superior_csf_into_gm_2mm_r20,3,9573696,69.0,4,gray_matter,3.5006999791128062e-09,1.132526301073256e-08,6.326190491016496e-09,1.2602519924806103e-10,3.397578903219768e-08,1.897857147304949e-08
superior_csf_into_gm_2mm_r20,3,9573696,70.0,4,gray_matter,2.4782072369440044e-09,8.017353363884848e-09,4.478421787261145e-09,8.921546052998415e-11,2.4052060091654542e-08,1.3435265361783433e-08
superior_csf_into_gm_2mm_r20,3,9573696,71.0,4,gray_matter,2.3399099923198138e-09,7.569942080891804e-09,4.2285018515067345e-09,8.423675972351329e-11,2.2709826242675413e-08,1.2685505554520204e-08
superior_csf_into_gm_2mm_r20,3,9573696,72.0,5,white_matter,2.275305262395148e-09,7.360936578420949e-09,4.1117532496377766e-09,3.185427367353207e-11,8.587759341491108e-09,4.79704545791074e-09
superior_csf_into_gm_2mm_r20,3,9573696,73.0,5,white_matter,1.8295287830600427e-09,5.9187861791891015e-09,3.306180952235915e-09,2.56134029628406e-11,6.9052505423872865e-09,3.857211110941901e-09
superior_csf_into_gm_2mm_r20,3,9573696,74.0,5,white_matter,1.2127666241729384e-09,3.9234727544054365e-09,2.191616742777657e-09,1.6978732738421138e-11,4.577384880139676e-09,2.5568861999072663e-09
superior_csf_into_gm_2mm_r20,3,9573696,75.0,5,white_matter,1.0132352519859792e-09,3.2779603476317557e-09,1.8310392934332213e-09,1.4185293527803709e-11,3.824287072237048e-09,2.1362125090054247e-09
superior_csf_into_gm_2mm_r20,3,9573696,76.0,5,white_matter,7.915791043538404e-10,2.5608711412279742e-09,1.4304796848428391e-09,1.1082107460953767e-11,2.9876829980993034e-09,1.668892965649979e-09
superior_csf_into_gm_2mm_r20,3,9573696,77.0,5,white_matter,5.631553490406373e-10,1.8218877601166155e-09,1.0176901863406312e-09,7.884174886568922e-12,2.1255357201360514e-09,1.187305217397403e-09
superior_csf_into_gm_2mm_r20,3,9573696,78.0,5,white_matter,3.681312869150398e-10,1.1909571433336269e-09,6.652579942934164e-10,5.153838016810557e-12,1.389450000555898e-09,7.761343266756525e-10
superior_csf_into_gm_2mm_r20,3,9573696,79.0,5,white_matter,4.1355246715695984e-10,1.337901130412463e-09,7.473395894748474e-10,5.7897345401974376e-12,1.5608846521478734e-09,8.718961877206552e-10
superior_csf_into_gm_2mm_r20,3,9573696,80.0,5,white_matter,3.274353950100801e-10,1.0593001370120467e-09,5.917155696558622e-10,4.5840955301411214e-12,1.2358501598473878e-09,6.903348312651726e-10
superior_csf_into_gm_2mm_r20,3,9573696,81.0,4,gray_matter,3.357859633699341e-10,1.0863154149646624e-09,6.068060619767951e-10,1.2088294681317627e-11,3.258946244893987e-09,1.820418185930385e-09
superior_csf_into_gm_2mm_r20,3,9573696,82.0,4,gray_matter,2.3864996080300236e-10,7.720666123122012e-10,4.3126949516423074e-10,8.591398588908084e-12,2.3161998369366032e-09,1.2938084854926922e-09
superior_csf_into_gm_2mm_r20,3,9573696,83.0,3,CSF,1.4598948783013484e-10,4.722967853124723e-10,2.6382075448048754e-10,4.379684634904045e-13,1.1807419632811807e-10,6.595518862012188e-11
superior_csf_into_gm_2mm_r20,3,9573696,84.0,3,CSF,1.0825029825248052e-10,3.5020513212054377e-10,1.9562145043577717e-10,3.247508947574416e-13,8.755128303013594e-11,4.890536260894429e-11
superior_csf_into_gm_2mm_r20,3,9573696,85.0,3,CSF,1.6195789999498427e-10,5.239568729263024e-10,2.9267761676421406e-10,4.858736999849528e-13,1.309892182315756e-10,7.316940419105351e-11
superior_csf_into_gm_2mm_r20,3,9573696,86.0,3,CSF,1.3421759456942472e-10,4.342130340320784e-10,2.425475120856797e-10,4.0265278370827415e-13,1.085532585080196e-10,6.063687802141992e-11
superior_csf_into_gm_2mm_r20,3,9573696,87.0,3,CSF,1.255206405272811e-10,4.060771490641548e-10,2.2683105872192698e-10,3.765619215818433e-13,1.0151928726603872e-10,5.6707764680481745e-11
superior_csf_into_gm_2mm_r20,3,9573696,88.0,3,CSF,1.537101893562904e-10,4.972743543508895e-10,2.7777300085126055e-10,4.611305680688712e-13,1.2431858858772237e-10,6.944325021281514e-11
superior_csf_into_gm_2mm_r20,3,9573696,89.0,3,CSF,1.8432827318561215e-10,5.963282162415638e-10,3.331036009969178e-10,5.529848195568364e-13,1.4908205406039096e-10,8.327590024922944e-11
superior_csf_into_gm_2mm_r20,3,9573696,90.0,3,CSF,2.717676567341892e-10,8.792070753533136e-10,4.911171982905485e-10,8.153029702025676e-13,2.198017688383284e-10,1.227792995726371e-10
superior_csf_into_gm_2mm_r20,3,9573696,91.0,4,gray_matter,9.363724237039974e-11,3.0292981511464605e-10,1.6921388174451765e-10,3.3709407253343904e-12,9.087894453439381e-10,5.076416452335529e-10
superior_csf_into_gm_2mm_r20,3,9573696,92.0,3,CSF,9.846383958745702e-11,3.1854454452767527e-10,1.779361297522583e-10,2.9539151876237104e-13,7.963613613191882e-11,4.4484032438064576e-11
superior_csf_into_gm_2mm_r20,3,9573696,93.0,3,CSF,1.2147378929535345e-10,3.9298500896636137e-10,2.1951790651387422e-10,3.6442136788606035e-13,9.824625224159034e-11,5.4879476628468555e-11
superior_csf_into_gm_2mm_r20,3,9573696,94.0,3,CSF,6.502627687580028e-11,2.1036926689552902e-10,1.175103884629805e-10,1.9507883062740083e-13,5.259231672388226e-11,2.937759711574512e-11
superior_csf_into_gm_2mm_r20,3,9573696,95.0,3,CSF,4.095889481000844e-11,1.3250785817693368e-10,7.401770286389648e-11,1.2287668443002531e-13,3.3126964544233414e-11,1.850442571597412e-11
superior_csf_into_gm_2mm_r20,3,9573696,96.0,3,CSF,7.370224536116788e-11,2.384372605984675e-10,1.3318891837413308e-10,2.2110673608350363e-13,5.960931514961688e-11,3.329722959353327e-11
superior_csf_into_gm_2mm_r20,3,9573696,97.0,3,CSF,1.1231987350615115e-10,3.633707876650869e-10,2.029756677139947e-10,3.369596205184535e-13,9.084269691627172e-11,5.074391692849868e-11
superior_csf_into_gm_2mm_r20,3,9573696,98.0,3,CSF,7.611158137983892e-11,2.46231805762431e-10,1.375428814963436e-10,2.2833474413951675e-13,6.155795144060775e-11,3.43857203740859e-11
superior_csf_into_gm_2mm_r20,3,9573696,99.0,3,CSF,4.7118951165916866e-11,1.5243651781867716e-10,8.514967366270508e-11,1.413568534977506e-13,3.81091294546693e-11,2.128741841567627e-11
superior_csf_into_gm_2mm_r20,3,9573696,100.0,3,CSF,1.4263449037131894e-11,4.6144289070621155e-11,2.5775786615872838e-11,4.279034711139568e-14,1.1536072267655289e-11,6.443946653968209e-12
deep_axis_gm_to_wm_r20,1,873963303,0.0,1,scalp,0.310451308630795,1.0,0.5589672840861682,0.00372541570356954,1.0,0.5589672840861682
deep_axis_gm_to_wm_r20,1,873963303,1.0,1,scalp,0.5554015726311041,1.789013469070658,1.0,0.00666481887157325,1.7890134690706583,1.0
deep_axis_gm_to_wm_r20,1,873963303,2.0,1,scalp,0.36672391386064895,1.1812606475328995,0.6602860559493333,0.004400686966327788,1.1812606475328997,0.6602860559493334
deep_axis_gm_to_wm_r20,1,873963303,3.0,1,scalp,0.14475132796420273,0.46626096891847413,0.2606246274717448,0.0017370159355704327,0.46626096891847413,0.2606246274717448
deep_axis_gm_to_wm_r20,1,873963303,4.0,1,scalp,0.06589988548681798,0.21227124400750902,0.11865268075246964,0.0007907986258418158,0.21227124400750902,0.11865268075246964
deep_axis_gm_to_wm_r20,1,873963303,5.0,1,scalp,0.03599796476203737,0.11595365766310246,0.0648143011038017,0.00043197557714444847,0.11595365766310246,0.0648143011038017
deep_axis_gm_to_wm_r20,1,873963303,6.0,1,scalp,0.02126478988978197,0.06849637704401232,0.038287233846033726,0.00025517747867738363,0.06849637704401232,0.038287233846033726
deep_axis_gm_to_wm_r20,1,873963303,7.0,1,scalp,0.013174356352194945,0.04243614372346738,0.023720416004196856,0.00015809227622633933,0.04243614372346737,0.023720416004196856
deep_axis_gm_to_wm_r20,1,873963303,8.0,1,scalp,0.00836586051493509,0.026947415850271744,0.01506272385096696,0.00010039032617922109,0.026947415850271744,0.01506272385096696
deep_axis_gm_to_wm_r20,1,873963303,9.0,1,scalp,0.005324650132547852,0.01715132126848338,0.00958702746793349,6.389580159057423e-05,0.017151321268483382,0.00958702746793349
deep_axis_gm_to_wm_r20,1,873963303,10.0,1,scalp,0.003345602117171249,0.010776575985221613,0.006023753410207548,4.014722540605499e-05,0.010776575985221614,0.006023753410207548
deep_axis_gm_to_wm_r20,1,873963303,11.0,2,skull,0.0020886364260168607,0.006727742380048321,0.003760587886207024,5.221591065042152e-05,0.014016129958434003,0.007834558096264634
deep_axis_gm_to_wm_r20,1,873963303,12.0,2,skull,0.0013189562401817927,0.004248512418900333,0.0023747794481990764,3.2973906004544816e-05,0.008851067539375694,0.0049474571837480755
deep_axis_gm_to_wm_r20,1,873963303,13.0,2,skull,0.000828144174338447,0.0026675493106821445,0.0014910727933579288,2.0703604358461176e-05,0.005557394397254468,0.0031064016528290182
deep_axis_gm_to_wm_r20,1,873963303,14.0,2,skull,0.0005089101542871385,0.001639259169277206,0.0009162922457642283,1.2722753857178463e-05,0.0034151232693275125,0.0019089421786754755
deep_axis_gm_to_wm_r20,1,873963303,15.0,2,skull,0.00030130013481612783,0.0009705229980990344,0.0005424906043905828,7.532503370403196e-06,0.0020219229127063218,0.0011301887591470474
deep_axis_gm_to_wm_r20,1,873963303,16.0,2,skull,0.0001695288165710438,0.0005460721596527602,0.0003052364719961718,4.2382204142760955e-06,0.001137650332609917,0.0006359093166586914
deep_axis_gm_to_wm_r20,1,873963303,17.0,3,CSF,0.00010592687968791304,0.0003412028770472565,0.00019072124550549178,3.1778063906373914e-07,8.530071926181414e-05,4.768031137637295e-05
deep_axis_gm_to_wm_r20,1,873963303,18.0,3,CSF,8.93058517050135e-05,0.00028766460060640524,0.00016079510052869467,2.6791755511504047e-07,7.191615015160131e-05,4.019877513217366e-05
deep_axis_gm_to_wm_r20,1,873963303,19.0,3,CSF,8.450217743610235e-05,0.0002721914035691722,0.00015214608960466234,2.5350653230830704e-07,6.804785089229305e-05,3.8036522401165586e-05
deep_axis_gm_to_wm_r20,1,873963303,20.0,3,CSF,8.26214287678464e-05,0.00026613329198784,0.00014875980342735415,2.478642863035392e-07,6.653332299696001e-05,3.718995085683854e-05
deep_axis_gm_to_wm_r20,1,873963303,21.0,3,CSF,8.115218498869163e-05,0.0002614006858164095,0.0001461144314090602,2.434565549660749e-07,6.535017145410238e-05,3.652860785226505e-05
deep_axis_gm_to_wm_r20,1,873963303,22.0,4,gray_matter,7.325975171988489e-05,0.00023597823453535264,0.0001319041128616749,2.637351061915856e-06,0.0007079347036060579,0.00039571233858502465
deep_axis_gm_to_wm_r20,1,873963303,23.0,4,gray_matter,5.722599915724517e-05,0.00018433164095726627,0.00010303535671702983,2.060135969660826e-06,0.0005529949228717987,0.00030910607015108944
deep_axis_gm_to_wm_r20,1,873963303,24.0,4,gray_matter,4.3564381570341463e-05,0.0001403259717682508,7.843762732605149e-05,1.5683177365322925e-06,0.0004209779153047524,0.00023531288197815444
deep_axis_gm_to_wm_r20,1,873963303,25.0,5,white_matter,3.356055435754739e-05,0.00010810247347824636,6.042574600313241e-05,4.698477610056635e-07,0.00012611955239128742,7.049670367032113e-05
deep_axis_gm_to_wm_r20,1,873963303,26.0,5,white_matter,2.5322569964709983e-05,8.156696158374038e-05,4.559326298762418e-05,3.5451597950593977e-07,9.516145518103045e-05,5.319214015222821e-05
deep_axis_gm_to_wm_r20,1,873963303,27.0,5,white_matter,1.9355804448353736e-05,6.234731151148947e-05,3.4850107385651566e-05,2.709812622769523e-07,7.273853009673771e-05,4.065845861659349e-05
deep_axis_gm_to_wm_r20,1,873963303,28.0,5,white_matter,1.4975606534057759e-05,4.82381813757066e-05,2.6963565232834705e-05,2.0965849147680863e-07,5.627787827165771e-05,3.145749277164049e-05
deep_axis_gm_to_wm_r20,1,873963303,29.0,5,white_matter,1.1486755396843525e-05,3.7000183531209325e-05,2.068189209912985e-05,1.6081457555580936e-07,4.316688078641088e-05,2.412887411565149e-05
deep_axis_gm_to_wm_r20,1,873963303,30.0,5,white_matter,8.853274645750678e-06,2.8517433812074718e-05,1.594031252704247e-05,1.239458450405095e-07,3.327033944742051e-05,1.859703128154955e-05
deep_axis_gm_to_wm_r20,1,873963303,31.0,5,white_matter,6.834235871409786e-06,2.2013873613711893e-05,1.2305035146072701e-05,9.5679302199737e-08,2.5682852549330543e-05,1.4355874337084816e-05
deep_axis_gm_to_wm_r20,1,873963303,32.0,5,white_matter,5.348468789416567e-06,1.7228043949968487e-05,9.629912936831029e-06,7.487856305183194e-08,2.0099384608296568e-05,1.1234898426302866e-05
deep_axis_gm_to_wm_r20,1,873963303,33.0,4,gray_matter,4.284304326049636e-06,1.3800245664754969e-05,7.713885838950003e-06,1.5423495573778687e-07,4.14007369942649e-05,2.3141657516850006e-05
deep_axis_gm_to_wm_r20,1,873963303,34.0,5,white_matter,3.4608522385265258e-06,1.1147810114862016e-05,6.231261143412736e-06,4.8451931339371364e-08,1.3005778467339019e-05,7.2698046673148594e-06
deep_axis_gm_to_wm_r20,1,873963303,35.0,5,white_matter,2.763459718379569e-06,8.901427185369093e-06,4.975606578296547e-06,3.868843605731397e-08,1.038499838293061e-05,5.8048743413459715e-06
deep_axis_gm_to_wm_r20,1,873963303,36.0,5,white_matter,2.275981222190395e-06,7.331201895164537e-06,4.097902012427491e-06,3.186373711066553e-08,8.553068877691959e-06,4.780885681165406e-06
deep_axis_gm_to_wm_r20,1,873963303,37.0,5,white_matter,1.8942245731636257e-06,6.1015190482457814e-06,3.410549531197967e-06,2.651914402429076e-08,7.118438889620079e-06,3.978974453064295e-06
deep_axis_gm_to_wm_r20,1,873963303,38.0,5,white_matter,1.5743233116017854e-06,5.071079643842163e-06,2.8345676159031077e-06,2.2040526362424996e-08,5.916259584482524e-06,3.3069955518869586e-06
deep_axis_gm_to_wm_r20,1,873963303,39.0,5,white_matter,1.3141602712500505e-06,4.233064041655945e-06,2.3661443107272427e-06,1.839824379750071e-08,4.938574715265271e-06,2.76050169584845e-06
deep_axis_gm_to_wm_r20,1,873963303,40.0,5,white_matter,1.1408966695359407e-06,3.674961701941978e-06,2.05418336165519e-06,1.597255337350317e-08,4.287455318932307e-06,2.396547255264388e-06
deep_axis_gm_to_wm_r20,1,873963303,41.0,5,white_matter,9.65331897339952e-07,3.1094470227792643e-06,1.7380791573327474e-06,1.351464656275933e-08,3.6276881932424753e-06,2.0277590168882054e-06
deep_axis_gm_to_wm_r20,1,873963303,42.0,5,white_matter,8.069254258222217e-07,2.599201238290993e-06,1.452868456960922e-06,1.1296955961511105e-08,3.032401444672826e-06,1.6950131997877425e-06
deep_axis_gm_to_wm_r20,1,873963303,43.0,5,white_matter,6.936455881886114e-07,2.2343136231180496e-06,1.2489082177110226e-06,9.71103823464056e-09,2.606699226971058e-06,1.4570595873295266e-06
deep_axis_gm_to_wm_r20,1,873963303,44.0,5,white_matter,5.986579007942615e-07,1.9283471647601166e-06,1.0778829774612252e-06,8.38121061111966e-09,2.2497383588868027e-06,1.2575301403714293e-06
deep_axis_gm_to_wm_r20,1,873963303,45.0,5,white_matter,5.182895151532497e-07,1.6694711883776492e-06,9.331797760275625e-07,7.2560532121454964e-09,1.947716386440591e-06,1.088709738698823e-06
deep_axis_gm_to_wm_r20,1,873963303,46.0,5,white_matter,4.340506979948876e-07,1.398128099086493e-06,7.815078663509342e-07,6.076709771928427e-09,1.6311494489342421e-06,9.117591774094234e-07
deep_axis_gm_to_wm_r20,1,873963303,47.0,5,white_matter,3.490751947046903e-07,1.1244120575437126e-06,6.285095539989493e-07,4.887052725865664e-09,1.3118140671343311e-06,7.332611463321076e-07
deep_axis_gm_to_wm_r20,1,873963303,48.0,5,white_matter,2.9909424133089257e-07,9.634175570075987e-07,5.385188952814687e-07,4.187319378632496e-09,1.1239871498421985e-06,6.282720444950467e-07
deep_axis_gm_to_wm_r20,1,873963303,49.0,5,white_matter,2.648556602237349e-07,8.531310800133079e-07,4.768723627645382e-07,3.7079792431322887e-09,9.953195933488593e-07,5.563510898919613e-07
deep_axis_gm_to_wm_r20,1,873963303,50.0,5,white_matter,2.3560507863451039e-07,7.589115332565865e-07,4.242067186061039e-07,3.2984711008831456e-09,8.853967887993509e-07,4.94907838373788e-07
deep_axis_gm_to_wm_r20,1,873963303,51.0,5,white_matter,2.1768708190185923e-07,7.011955686769036e-07,3.919453826365851e-07,3.047619146626029e-09,8.180614967897209e-07,4.5726961307601596e-07
deep_axis_gm_to_wm_r20,1,873963303,52.0,5,white_matter,2.114535158209372e-07,6.811165227601241e-07,3.807218528734414e-07,2.960349221493121e-09,7.946359432201448e-07,4.4417549501901495e-07
deep_axis_gm_to_wm_r20,1,873963303,53.0,5,white_matter,1.9766683472937906e-07,6.367080093853134e-07,3.558989467620192e-07,2.767335686211307e-09,7.428260109495323e-07,4.152154378890224e-07
deep_axis_gm_to_wm_r20,1,873963303,54.0,5,white_matter,1.6583417623635462e-07,5.341712907178411e-07,2.9858427560935467e-07,2.321678467308965e-09,6.231998391708147e-07,3.4834832154424717e-07
deep_axis_gm_to_wm_r20,1,873963303,55.0,5,white_matter,1.4038204958409223e-07,4.5218701188031365e-07,2.527577459297788e-07,1.9653486941772912e-09,5.27551513860366e-07,2.9488403691807533e-07
deep_axis_gm_to_wm_r20,1,873963303,56.0,5,white_matter,1.1586990936111351e-07,3.732305393465488e-07,2.0862366091655618e-07,1.6221787310555892e-09,4.354356292376403e-07,2.433942710693155e-07
deep_axis_gm_to_wm_r20,1,873963303,57.0,5,white_matter,8.796776385696598e-08,2.8335446303942583e-07,1.583858746388424e-07,1.2315486939975237e-09,3.3058020687933015e-07,1.847835204119828e-07
deep_axis_gm_to_wm_r20,1,873963303,58.0,5,white_matter,6.802686945831944e-08,2.191225083197203e-07,1.2248231335762286e-07,9.523761724164722e-10,2.5564292637300706e-07,1.4289603225056002e-07
deep_axis_gm_to_wm_r20,1,873963303,59.0,5,white_matter,5.740263281012435e-08,1.8490059862621026e-07,1.0335338543999944e-07,8.036368593417409e-10,2.1571736506391197e-07,1.2057894967999936e-07
deep_axis_gm_to_wm_r20,1,873963303,60.0,5,white_matter,4.258269420926825e-08,1.3716384188256016e-07,7.667010017191928e-08,5.961577189297555e-10,1.600244821963202e-07,8.944845020057248e-08
deep_axis_gm_to_wm_r20,1,873963303,61.0,4,gray_matter,3.392917178395555e-08,1.0928983335130955e-07,6.108944132661143e-08,1.2214501842223998e-09,3.278695000539286e-07,1.8326832397983427e-07
deep_axis_gm_to_wm_r20,1,873963303,62.0,4,gray_matter,2.467929483091541e-08,7.949489708953143e-08,4.443504672484483e-08,8.884546139129547e-10,2.384846912685943e-07,1.3330514017453447e-07
deep_axis_gm_to_wm_r20,1,873963303,63.0,4,gray_matter,1.758148794327645e-08,5.6632030384466114e-08,3.1655452216290386e-08,6.329335659579521e-10,1.6989609115339834e-07,9.496635664887114e-08
deep_axis_gm_to_wm_r20,1,873963303,64.0,4,gray_matter,1.3162741978353619e-08,4.2398732465990155e-08,2.3699504335210567e-08,4.738587112207302e-10,1.2719619739797046e-07,7.109851300563168e-08
deep_axis_gm_to_wm_r20,1,873963303,65.0,4,gray_matter,9.639145496312332e-09,3.1048815799245704e-08,1.7355272241396085e-08,3.4700923786724393e-10,9.31464473977371e-08,5.206581672418825e-08
deep_axis_gm_to_wm_r20,1,873963303,66.0,4,gray_matter,7.613585487666418e-09,2.4524249941947878e-08,1.3708253384300976e-08,2.7408907755599104e-10,7.357274982584365e-08,4.112476015290293e-08
deep_axis_gm_to_wm_r20,1,873963303,67.0,4,gray_matter,6.166281147424979e-09,1.9862313271026485e-08,1.1102383304774333e-08,2.2198612130729923e-10,5.958693981307945e-08,3.330714991432299e-08
deep_axis_gm_to_wm_r20,1,873963303,68.0,4,gray_matter,4.4308937763677735e-09,1.4272427440907407e-08,7.977820003960916e-09,1.5951217594923984e-10,4.281728232272222e-08,2.3933460011882745e-08
deep_axis_gm_to_wm_r20,1,873963303,69.0,4,gray_matter,3.2969551663988944e-09,1.0619878463195033e-08,5.9361646218973184e-09,1.186903859903602e-10,3.18596353895851e-08,1.7808493865691956e-08
deep_axis_gm_to_wm_r20,1,873963303,70.0,4,gray_matter,3.0508337642719314e-09,9.827092621149628e-09,5.493023272907232e-09,1.0983001551378952e-10,2.9481277863448883e-08,1.6479069818721695e-08
deep_axis_gm_to_wm_r20,1,873963303,71.0,4,gray_matter,3.1339461423692782e-09,1.009480731838799e-08,5.642667030132511e-09,1.12822061125294e-10,3.028442195516397e-08,1.6928001090397528e-08
deep_axis_gm_to_wm_r20,1,873963303,72.0,5,white_matter,3.040450305581912e-09,9.793646285439804e-09,5.474327865472878e-09,4.2566304278146764e-11,1.1425920666346438e-08,6.38671584305169e-09
deep_axis_gm_to_wm_r20,1,873963303,73.0,5,white_matter,1.961132858538411e-09,6.317038466314513e-09,3.5310178349836773e-09,2.7455860019537753e-11,7.369878210700266e-09,4.119520807480957e-09
deep_axis_gm_to_wm_r20,1,873963303,74.0,5,white_matter,1.2449289644707851e-09,4.01006189975936e-09,2.24149340912591e-09,1.7429005502590994e-11,4.678405549719253e-09,2.615075643980228e-09
deep_axis_gm_to_wm_r20,1,873963303,75.0,5,white_matter,7.402368823696774e-10,2.384389634672167e-09,1.332795798295912e-09,1.0363316353175484e-11,2.781787907117528e-09,1.5549284313452308e-09
deep_axis_gm_to_wm_r20,1,873963303,76.0,5,white_matter,8.407011116667614e-10,2.7079966754676084e-09,1.513681547000502e-09,1.1769815563334659e-11,3.15932945471221e-09,1.765961804833919e-09
deep_axis_gm_to_wm_r20,1,873963303,77.0,5,white_matter,5.416878586335103e-10,1.7448399912454998e-09,9.753084710714307e-10,7.583630020869145e-12,2.035646656453083e-09,1.1378598829166692e-09
deep_axis_gm_to_wm_r20,1,873963303,78.0,5,white_matter,4.1554375591199017e-10,1.338515072604112e-09,7.481861348419208e-10,5.817612582767862e-12,1.5616009180381307e-09,8.72883823982241e-10
deep_axis_gm_to_wm_r20,1,873963303,79.0,5,white_matter,4.034719045811294e-10,1.2996302265904099e-09,7.264507780735329e-10,5.648606664135812e-12,1.5162352643554785e-09,8.475259077524551e-10
deep_axis_gm_to_wm_r20,1,873963303,80.0,5,white_matter,3.6396215061055e-10,1.172364684870415e-09,6.553135038605525e-10,5.0954701085477e-12,1.3677587990154845e-09,7.645324211706447e-10
deep_axis_gm_to_wm_r20,1,873963303,81.0,4,gray_matter,2.8088823184197574e-10,9.047738696312689e-10,5.057389926199233e-10,1.0111976346311126e-11,2.7143216088938065e-09,1.5172169778597697e-09
deep_axis_gm_to_wm_r20,1,873963303,82.0,4,gray_matter,2.9923942114970665e-10,9.638851981956947e-10,5.387802914063055e-10,1.0772619161389439e-11,2.891655594587084e-09,1.6163408742189164e-09
deep_axis_gm_to_wm_r20,1,873963303,83.0,3,CSF,2.780284210940204e-10,8.955620845028113e-10,5.005899061050841e-10,8.340852632820612e-13,2.2389052112570284e-10,1.25147476526271e-10
deep_axis_gm_to_wm_r20,1,873963303,84.0,3,CSF,2.0818253311806745e-10,6.705803046417467e-10,3.7483245164727254e-10,6.245475993542024e-13,1.676450761604367e-10,9.370811291181813e-11
deep_axis_gm_to_wm_r20,1,873963303,85.0,3,CSF,1.4252394540936203e-10,4.5908630901878074e-10,2.5661422731337127e-10,4.275718362280861e-13,1.1477157725469519e-10,6.41535568283428e-11
deep_axis_gm_to_wm_r20,1,873963303,86.0,3,CSF,1.0802790999890345e-10,3.4797054158137217e-10,1.9450414856973268e-10,3.2408372999671035e-13,8.699263539534304e-11,4.862603714243317e-11
deep_axis_gm_to_wm_r20,1,873963303,87.0,3,CSF,1.0840198138993313e-10,3.491754693128076e-10,1.9517766375129327e-10,3.252059441697994e-13,8.72938673282019e-11,4.879441593782332e-11
deep_axis_gm_to_wm_r20,1,873963303,88.0,3,CSF,9.247163901448322e-11,2.9786197205068107e-10,1.6649509754971937e-10,2.774149170434497e-13,7.446549301267028e-11,4.162377438742984e-11
deep_axis_gm_to_wm_r20,1,873963303,89.0,3,CSF,9.928044283581869e-11,3.1979392605456274e-10,1.7875434231397187e-10,2.978413285074561e-13,7.99484815136407e-11,4.468858557849297e-11
deep_axis_gm_to_wm_r20,1,873963303,90.0,3,CSF,1.6977593459777448e-10,5.46868155739298e-10,3.056814077668071e-10,5.093278037933234e-13,1.367170389348245e-10,7.642035194170177e-11
deep_axis_gm_to_wm_r20,1,873963303,91.0,4,gray_matter,9.957365631533229e-11,3.2073840098947854e-10,1.7928227290322921e-10,3.5846516273519623e-12,9.622152029684356e-10,5.378468187096876e-10
deep_axis_gm_to_wm_r20,1,873963303,92.0,3,CSF,7.657720244346516e-11,2.466641315870077e-10,1.3787717971466293e-10,2.2973160733039546e-13,6.166603289675192e-11,3.4469294928665726e-11
deep_axis_gm_to_wm_r20,1,873963303,93.0,3,CSF,9.214016161211275e-11,2.9679424454187326e-10,1.6589827280397698e-10,2.7642048483633825e-13,7.419856113546833e-11,4.1474568200994246e-11
deep_axis_gm_to_wm_r20,1,873963303,94.0,3,CSF,6.431481739122415e-11,2.0716555415687007e-10,1.1579876716327167e-10,1.9294445217367245e-13,5.179138853921752e-11,2.8949691790817918e-11
deep_axis_gm_to_wm_r20,1,873963303,95.0,3,CSF,9.63382943785648e-11,3.103169215277342e-10,1.734570068323382e-10,2.890148831356944e-13,7.757923038193355e-11,4.336425170808455e-11
deep_axis_gm_to_wm_r20,1,873963303,96.0,3,CSF,5.03208427071189e-11,1.620893238590374e-10,9.060262913684949e-11,1.5096252812135671e-13,4.0522330964759354e-11,2.265065728421237e-11
deep_axis_gm_to_wm_r20,1,873963303,97.0,3,CSF,2.8695328421706385e-11,9.243101131788875e-11,5.166591136169816e-11,8.608598526511916e-14,2.3107752829472187e-11,1.291647784042454e-11
deep_axis_gm_to_wm_r20,1,873963303,98.0,3,CSF,4.594713785522449e-11,1.480011086371913e-10,8.272777773667276e-11,1.378414135656735e-13,3.700027715929782e-11,2.068194443416819e-11
deep_axis_gm_to_wm_r20,1,873963303,99.0,3,CSF,5.999741608586919e-11,1.9325869924813642e-10,1.0802529024475642e-10,1.7999224825760756e-13,4.8314674812034104e-11,2.7006322561189105e-11
deep_axis_gm_to_wm_r20,1,873963303,100.0,3,CSF,3.819174862846302e-11,1.230200922550552e-10,6.876420685583808e-11,1.1457524588538908e-13,3.075502306376381e-11,1.719105171395952e-11
deep_axis_gm_to_wm_r20,2,112149004,0.0,1,scalp,0.3072160138728895,1.0,0.5580926829869701,0.003686592166474674,1.0,0.5580926829869701
deep_axis_gm_to_wm_r20,2,112149004,1.0,1,scalp,0.5504749000267077,1.7918170771347437,1.0,0.006605698800320493,1.7918170771347437,1.0
deep_axis_gm_to_wm_r20,2,112149004,2.0,1,scalp,0.3666707822809899,1.1935275692780123,0.6660990033572828,0.004400049387371879,1.1935275692780123,0.6660990033572828
deep_axis_gm_to_wm_r20,2,112149004,3.0,1,scalp,0.14477681539616047,0.4712541301836623,0.263003481882891,0.0017373217847539257,0.4712541301836623,0.263003481882891
deep_axis_gm_to_wm_r20,2,112149004,4.0,1,scalp,0.0659136005198662,0.21455131745553446,0.1197395203971484,0.0007909632062383943,0.21455131745553443,0.11973952039714839
deep_axis_gm_to_wm_r20,2,112149004,5.0,1,scalp,0.035995840714139506,0.11716785287446888,0.06539052137053492,0.00043195008856967407,0.11716785287446888,0.06539052137053492
deep_axis_gm_to_wm_r20,2,112149004,6.0,1,scalp,0.02126139169941826,0.06920665179978265,0.03862372598348573,0.0002551367003930191,0.06920665179978265,0.03862372598348573
deep_axis_gm_to_wm_r20,2,112149004,7.0,1,scalp,0.013178349107887356,0.0428960357298949,0.023939963670001983,0.00015814018929464826,0.0428960357298949,0.02393996367000198
deep_axis_gm_to_wm_r20,2,112149004,8.0,1,scalp,0.008370552196924846,0.027246470948575484,0.01520605607361703,0.00010044662636309815,0.02724647094857548,0.015206056073617028
deep_axis_gm_to_wm_r20,2,112149004,9.0,1,scalp,0.005326300230518563,0.017337313128222273,0.00967582759951479,6.391560276622276e-05,0.017337313128222273,0.009675827599514788
deep_axis_gm_to_wm_r20,2,112149004,10.0,1,scalp,0.0033513754014899495,0.010908856472815833,0.006088152977233564,4.0216504817879396e-05,0.010908856472815833,0.006088152977233564
deep_axis_gm_to_wm_r20,2,112149004,11.0,2,skull,0.0020977865004143245,0.006828376144748375,0.0038108667630668445,5.244466251035811e-05,0.014225783634892446,0.00793930575638926
deep_axis_gm_to_wm_r20,2,112149004,12.0,2,skull,0.001324352480792615,0.004310818515276242,0.002405836271060425,3.310881201981538e-05,0.008980871906825505,0.005012158898042553
deep_axis_gm_to_wm_r20,2,112149004,13.0,2,skull,0.0008305844886982528,0.002703584615357671,0.0015088507916672582,2.076461221745632e-05,0.0056324679486618135,0.003143439149306788
deep_axis_gm_to_wm_r20,2,112149004,14.0,2,skull,0.0005116831809721335,0.0016655485321928635,0.0009295304489765253,1.2792079524303338e-05,0.0034698927754017992,0.0019365217687010944
deep_axis_gm_to_wm_r20,2,112149004,15.0,2,skull,0.0003026542745508727,0.0009851513621815815,0.0005498057668681872,7.566356863771818e-06,0.002052398671211628,0.00114542868097539
deep_axis_gm_to_wm_r20,2,112149004,16.0,2,skull,0.00016955180693122338,0.0005518976852599076,0.0003080100599010003,4.238795173280585e-06,0.0011497868442914743,0.0006416876247937505
deep_axis_gm_to_wm_r20,2,112149004,17.0,3,CSF,0.00010562004878034194,0.00034379734131972104,0.00019187078062091024,3.1686014634102583e-07,8.594933532993026e-05,4.796769515522756e-05
deep_axis_gm_to_wm_r20,2,112149004,18.0,3,CSF,8.931099147813397e-05,0.00029071072940581267,0.00016224353094718906,2.679329744344019e-07,7.267768235145315e-05,4.0560882736797265e-05
deep_axis_gm_to_wm_r20,2,112149004,19.0,3,CSF,8.442380958310952e-05,0.0002748027634328979,0.00015336541153649963,2.532714287493286e-07,6.870069085822447e-05,3.834135288412491e-05
deep_axis_gm_to_wm_r20,2,112149004,20.0,3,CSF,8.26191511229155e-05,0.0002689285303893668,0.00015008704505674466,2.478574533687465e-07,6.72321325973417e-05,3.7521761264186165e-05
deep_axis_gm_to_wm_r20,2,112149004,21.0,3,CSF,8.160209467096338e-05,0.00026561797232590295,0.00014823944682492197,2.4480628401289015e-07,6.640449308147574e-05,3.705986170623049e-05
deep_axis_gm_to_wm_r20,2,112149004,22.0,4,gray_matter,7.38236826456538e-05,0.00024029894052397387,0.00013410908043595094,2.657652575243537e-06,0.0007208968215719216,0.0004023272413078528
deep_axis_gm_to_wm_r20,2,112149004,23.0,4,gray_matter,5.745278907004262e-05,0.00018701104914997592,0.0001043694981683182,2.068300406521534e-06,0.0005610331474499277,0.00031310849450495455
deep_axis_gm_to_wm_r20,2,112149004,24.0,4,gray_matter,4.357159587145798e-05,0.00014182722873777573,7.915273860687197e-05,1.5685774513724871e-06,0.0004254816862133271,0.0002374582158206159
deep_axis_gm_to_wm_r20,2,112149004,25.0,5,white_matter,3.355760660358057e-05,0.00010923130659935265,6.096119296620506e-05,4.6980649245012795e-07,0.0001274365243659114,7.11213917939059e-05
deep_axis_gm_to_wm_r20,2,112149004,26.0,5,white_matter,2.5722953901850225e-05,8.372920922179886e-05,4.672865901897109e-05,3.6012135462590315e-07,9.7684077425432e-05,5.451676885546627e-05
deep_axis_gm_to_wm_r20,2,112149004,27.0,5,white_matter,1.9680596785581806e-05,6.406110325266001e-05,3.575203298938235e-05,2.755283549981453e-07,7.473795379477002e-05,4.171070515427941e-05
deep_axis_gm_to_wm_r20,2,112149004,28.0,5,white_matter,1.5044059120099092e-05,4.896899393507386e-05,2.732923720839804e-05,2.1061682768138728e-07,5.713049292425283e-05,3.188411007646438e-05
deep_axis_gm_to_wm_r20,2,112149004,29.0,5,white_matter,1.1637754224481837e-05,3.788133983567977e-05,2.1141298584035714e-05,1.6292855914274573e-07,4.419489647495973e-05,2.4664848348041667e-05
deep_axis_gm_to_wm_r20,2,112149004,30.0,5,white_matter,8.978555085523855e-06,2.9225543852146747e-05,1.631056218019793e-05,1.25699771197334e-07,3.409646782750454e-05,1.9028989210230918e-05
deep_axis_gm_to_wm_r20,2,112149004,31.0,5,white_matter,6.974161935621069e-06,2.2701166673253648e-05,1.2669355015610519e-05,9.763826709869496e-08,2.648469445212925e-05,1.4780914184878938e-05
deep_axis_gm_to_wm_r20,2,112149004,32.0,5,white_matter,5.3728858951954165e-06,1.748895126742464e-05,9.760455735465389e-06,7.522040253273584e-08,2.040377647866208e-05,1.1387198358042956e-05
deep_axis_gm_to_wm_r20,2,112149004,33.0,4,gray_matter,4.228971270596539e-06,1.3765464948537071e-05,7.68240526569215e-06,1.5224296574147538e-07,4.129639484561121e-05,2.3047215797076444e-05
deep_axis_gm_to_wm_r20,2,112149004,34.0,5,white_matter,3.460036135081727e-06,1.1262551360728597e-05,6.285547506187574e-06,4.844050589114418e-08,1.3139643254183362e-05,7.333138757218837e-06
deep_axis_gm_to_wm_r20,2,112149004,35.0,5,white_matter,2.807299160529125e-06,9.137867278268391e-06,5.099776866107649e-06,3.930218824740775e-08,1.0660845157979789e-05,5.949739677125591e-06
deep_axis_gm_to_wm_r20,2,112149004,36.0,5,white_matter,2.282265757278145e-06,7.428863256530734e-06,4.145994226380557e-06,3.1951720601894026e-08,8.667007132619187e-06,4.83699326411065e-06
deep_axis_gm_to_wm_r20,2,112149004,37.0,5,white_matter,1.8832388712446613e-06,6.130015318875437e-06,3.42111669606242e-06,2.636534419742526e-08,7.151684538688009e-06,3.9913028120728235e-06
deep_axis_gm_to_wm_r20,2,112149004,38.0,5,white_matter,1.5559171818318414e-06,5.064570567846771e-06,2.8264997763864473e-06,2.178284054564578e-08,5.908665662487899e-06,3.2975830724508553e-06
deep_axis_gm_to_wm_r20,2,112149004,39.0,5,white_matter,1.280541368289653e-06,4.168211650644867e-06,2.3262484233659414e-06,1.7927579156055145e-08,4.862913592419012e-06,2.7139564939269317e-06
deep_axis_gm_to_wm_r20,2,112149004,40.0,5,white_matter,1.08228821319268e-06,3.5228899677100697e-06,1.9660991139471935e-06,1.515203498469752e-08,4.110038295661748e-06,2.2937822996050587e-06
deep_axis_gm_to_wm_r20,2,112149004,41.0,5,white_matter,9.092618589489269e-07,2.9596824966459387e-06,1.6517771453427064e-06,1.2729666025284977e-08,3.452962912753595e-06,1.9270733362331572e-06
deep_axis_gm_to_wm_r20,2,112149004,42.0,5,white_matter,7.805131435236353e-07,2.5406004514028107e-06,1.4178905223213022e-06,1.0927184009330893e-08,2.964033859969946e-06,1.6542056093748524e-06
deep_axis_gm_to_wm_r20,2,112149004,43.0,5,white_matter,6.715955906921938e-07,2.1860696069380883e-06,1.220029452132349e-06,9.402338269690713e-09,2.5504145414277697e-06,1.423367694154407e-06
deep_axis_gm_to_wm_r20,2,112149004,44.0,5,white_matter,5.657431371895597e-07,1.8415157792641487e-06,1.02773648201237e-06,7.920403920653835e-09,2.1484350758081735e-06,1.1990258956810982e-06
deep_axis_gm_to_wm_r20,2,112149004,45.0,5,white_matter,4.7418832978614834e-07,1.5435013422911724e-06,8.614168053132702e-07,6.638636617006077e-09,1.8007515660063676e-06,1.0049862728654818e-06
deep_axis_gm_to_wm_r20,2,112149004,46.0,5,white_matter,4.117338704540478e-07,1.34020966310826e-06,7.479612066491522e-07,5.764274186356669e-09,1.56357794029297e-06,8.726214077573443e-07
deep_axis_gm_to_wm_r20,2,112149004,47.0,5,white_matter,3.575293065732663e-07,1.1637717125032223e-06,6.494924774152643e-07,5.005410292025728e-09,1.3577336645870926e-06,7.577412236511415e-07
deep_axis_gm_to_wm_r20,2,112149004,48.0,5,white_matter,3.1918786044584866e-07,1.0389688233436703e-06,5.798408981596843e-07,4.468630046241882e-09,1.2121302939009486e-06,6.764810478529651e-07
deep_axis_gm_to_wm_r20,2,112149004,49.0,5,white_matter,2.6962535768006127e-07,8.776409610978764e-07,4.898049986783769e-07,3.774755007520858e-09,1.023914454614189e-06,5.714391651247732e-07
deep_axis_gm_to_wm_r20,2,112149004,50.0,5,white_matter,2.3380790666623572e-07,7.6105377359324e-07,4.2473854240200944e-07,3.2733106933273002e-09,8.878960691921134e-07,4.95528299469011e-07
deep_axis_gm_to_wm_r20,2,112149004,51.0,5,white_matter,2.147605710563969e-07,6.990539599451153e-07,3.901369000584354e-07,3.0066479947895566e-09,8.155629532693013e-07,4.551597167348413e-07
deep_axis_gm_to_wm_r20,2,112149004,52.0,5,white_matter,2.0853651100015197e-07,6.787944038829755e-07,3.7883019005959084e-07,2.9195111540021276e-09,7.919268045301381e-07,4.4196855506952264e-07
deep_axis_gm_to_wm_r20,2,112149004,53.0,5,white_matter,1.9447975719132955e-07,6.330391268984939e-07,3.5329450476650954e-07,2.7227166006786136e-09,7.385456480482428e-07,4.121769222275944e-07
deep_axis_gm_to_wm_r20,2,112149004,54.0,5,white_matter,1.678236717618417e-07,5.462725384858312e-07,3.0487070664566047e-07,2.3495314046657837e-09,6.373179615668031e-07,3.556824910866039e-07
deep_axis_gm_to_wm_r20,2,112149004,55.0,5,white_matter,1.3793348655664484e-07,4.4897883029533337e-07,2.505718000038742e-07,1.9310688117930276e-09,5.238086353445556e-07,2.923337666711865e-07
deep_axis_gm_to_wm_r20,2,112149004,56.0,5,white_matter,1.0528463208594026e-07,3.427055470145568e-07,1.9126145820787123e-07,1.4739848492031637e-09,3.998231381836496e-07,2.2313836790918312e-07
deep_axis_gm_to_wm_r20,2,112149004,57.0,5,white_matter,9.171140391345764e-08,2.9852416466611403e-07,1.6660415199495568e-07,1.283959654788407e-09,3.482781921104664e-07,1.943715106607816e-07
deep_axis_gm_to_wm_r20,2,112149004,58.0,5,white_matter,7.807146485356895e-08,2.541256358005836e-07,1.4182565789971733e-07,1.0930005079499652e-09,2.964799084340142e-07,1.654632675496702e-07
deep_axis_gm_to_wm_r20,2,112149004,59.0,5,white_matter,6.494622348840267e-08,2.1140246782602338e-07,1.1798217045909201e-07,9.092471288376374e-10,2.466362124636939e-07,1.3764586553560736e-07
deep_axis_gm_to_wm_r20,2,112149004,60.0,5,white_matter,4.2282906623706714e-08,1.376324954245427e-07,7.681168863767494e-08,5.91960692731894e-10,1.605712446619665e-07,8.96136367439541e-08
deep_axis_gm_to_wm_r20,2,112149004,61.0,4,gray_matter,3.180592946732434e-08,1.0352952981313022e-07,5.777907306178936e-08,1.1450134608236761e-09,3.105885894393906e-07,1.7333721918536806e-07
deep_axis_gm_to_wm_r20,2,112149004,62.0,4,gray_matter,2.6108944036776623e-08,8.498562203069006e-08,4.742985381442438e-08,9.399219853239583e-10,2.5495686609207017e-07,1.422895614432731e-07
deep_axis_gm_to_wm_r20,2,112149004,63.0,4,gray_matter,1.9062591828667733e-08,6.204947323011252e-08,3.462935699292168e-08,6.862533058320384e-10,1.8614841969033753e-07,1.0388807097876502e-07
deep_axis_gm_to_wm_r20,2,112149004,64.0,4,gray_matter,1.47583534268676e-08,4.803901086020165e-08,2.6810220459010136e-08,5.313007233672335e-10,1.4411703258060493e-07,8.04306613770304e-08
deep_axis_gm_to_wm_r20,2,112149004,65.0,4,gray_matter,1.0884251655631652e-08,3.5428659848880815e-08,1.9772475829694642e-08,3.9183305960273944e-10,1.0628597954664243e-07,5.931742748908391e-08
deep_axis_gm_to_wm_r20,2,112149004,66.0,4,gray_matter,8.611482688381752e-09,2.803070901097216e-08,1.5643733597960496e-08,3.1001337678174305e-10,8.409212703291647e-08,4.6931200793881474e-08
deep_axis_gm_to_wm_r20,2,112149004,67.0,4,gray_matter,5.9816875216662614e-09,1.9470624093642406e-08,1.0866412839851633e-08,2.153407507799854e-10,5.8411872280927205e-08,3.25992385195549e-08
deep_axis_gm_to_wm_r20,2,112149004,68.0,4,gray_matter,4.5507420009837975e-09,1.4812841113375897e-08,8.266938239623653e-09,1.638267120354167e-10,4.443852334012768e-08,2.4800814718870955e-08
deep_axis_gm_to_wm_r20,2,112149004,69.0,4,gray_matter,3.8846045424874855e-09,1.2644537937709e-08,7.056824102786546e-09,1.3984576352954948e-10,3.7933613813127e-08,2.1170472308359636e-08
deep_axis_gm_to_wm_r20,2,112149004,70.0,4,gray_matter,2.4879541021142103e-09,8.098386769459226e-09,4.5196504000336815e-09,8.956634767611157e-11,2.4295160308377675e-08,1.3558951200101042e-08
deep_axis_gm_to_wm_r20,2,112149004,71.0,4,gray_matter,2.3530603847640084e-09,7.659302505427292e-09,4.2746006850627406e-09,8.47101738515043e-11,2.2977907516281877e-08,1.282380205518822e-08
deep_axis_gm_to_wm_r20,2,112149004,72.0,5,white_matter,2.064765903574473e-09,6.720892825687039e-09,3.7508811091555586e-09,2.890672265004262e-11,7.841041629968212e-09,4.3760279606814846e-09
deep_axis_gm_to_wm_r20,2,112149004,73.0,5,white_matter,1.3998670274070994e-09,4.5566212833758525e-09,2.543016997394761e-09,1.9598138383699392e-11,5.316058163938494e-09,2.966853163627221e-09
deep_axis_gm_to_wm_r20,2,112149004,74.0,5,white_matter,1.2206148626694762e-09,3.973148558507451e-09,2.217385138923237e-09,1.7088608077372665e-11,4.6353399849253594e-09,2.586949328743776e-09
deep_axis_gm_to_wm_r20,2,112149004,75.0,5,white_matter,9.237725142612886e-10,3.0069152405691297e-09,1.6781373941236363e-09,1.293281519965804e-11,3.5080677806639844e-09,1.957826959810909e-09
deep_axis_gm_to_wm_r20,2,112149004,76.0,5,white_matter,7.351472650973262e-10,2.392932763594456e-09,1.3354782662418552e-09,1.0292061711362567e-11,2.7917548908601984e-09,1.5580579772821643e-09
deep_axis_gm_to_wm_r20,2,112149004,77.0,5,white_matter,4.694122088930237e-10,1.5279548841722908e-09,8.52740440790759e-10,6.571770924502332e-12,1.782614031534339e-09,9.948638475892187e-10
deep_axis_gm_to_wm_r20,2,112149004,78.0,5,white_matter,5.657805376124359e-10,1.8416375190862524e-09,1.0278044241163141e-09,7.920927526574104e-12,2.148577105600628e-09,1.1991051614690332e-09
deep_axis_gm_to_wm_r20,2,112149004,79.0,5,white_matter,5.396631376015746e-10,1.7566243725330674e-09,9.803592090672826e-10,7.555283926422045e-12,2.0493951012885783e-09,1.1437524105784963e-09
deep_axis_gm_to_wm_r20,2,112149004,80.0,5,white_matter,2.0358820738617332e-10,6.626874843523224e-10,3.698410361240734e-10,2.8502349034064268e-12,7.731353984110429e-10,4.31481208811419e-10
deep_axis_gm_to_wm_r20,2,112149004,81.0,4,gray_matter,2.651718141917139e-10,8.631445049001535e-10,4.817146325451867e-10,9.5461853109017e-12,2.5894335147004604e-09,1.4451438976355599e-09
deep_axis_gm_to_wm_r20,2,112149004,82.0,4,gray_matter,2.4537604786703493e-10,7.987085203460754e-10,4.4575338104449424e-10,8.833537723213257e-12,2.396125561038226e-09,1.3372601431334826e-09
deep_axis_gm_to_wm_r20,2,112149004,83.0,3,CSF,3.3408376365852327e-10,1.0874555640733959e-09,6.069009933828306e-10,1.0022512909755698e-12,2.7186389101834897e-10,1.5172524834570763e-10
deep_axis_gm_to_wm_r20,2,112149004,84.0,3,CSF,3.612559030084437e-10,1.1759019279441377e-09,6.562622618958947e-10,1.0837677090253311e-12,2.939754819860344e-10,1.6406556547397366e-10
deep_axis_gm_to_wm_r20,2,112149004,85.0,3,CSF,1.5448653282513028e-10,5.028596357253988e-10,2.806422832678383e-10,4.634595984753908e-13,1.2571490893134968e-10,7.016057081695957e-11
deep_axis_gm_to_wm_r20,2,112149004,86.0,3,CSF,1.5846502869675392e-10,5.158097935686346e-10,2.8786967160367453e-10,4.753950860902618e-13,1.2895244839215865e-10,7.196741790091863e-11
deep_axis_gm_to_wm_r20,2,112149004,87.0,3,CSF,1.635641211250268e-10,5.324075365182669e-10,2.9713275049796287e-10,4.906923633750804e-13,1.3310188412956671e-10,7.428318762449072e-11
deep_axis_gm_to_wm_r20,2,112149004,88.0,3,CSF,1.514106632554431e-10,4.928475613842487e-10,2.750546178365208e-10,4.542319897663293e-13,1.2321189034606215e-10,6.87636544591302e-11
deep_axis_gm_to_wm_r20,2,112149004,89.0,3,CSF,8.73555247205487e-11,2.8434560952506866e-10,1.5869120411541092e-10,2.6206657416164614e-13,7.108640238126716e-11,3.967280102885274e-11
deep_axis_gm_to_wm_r20,2,112149004,90.0,3,CSF,1.7418431931937405e-10,5.669766921441886e-10,3.1642554330982766e-10,5.225529579581221e-13,1.4174417303604715e-10,7.91063858274569e-11
deep_axis_gm_to_wm_r20,2,112149004,91.0,4,gray_matter,3.287841968396462e-10,1.0702052692333953e-09,5.972737300532584e-10,1.1836231086227264e-11,3.2106158077001856e-09,1.791821190159775e-09
deep_axis_gm_to_wm_r20,2,112149004,92.0,3,CSF,1.1997351513119363e-10,3.9051842909736025e-10,2.1794547785080264e-10,3.599205453935809e-13,9.762960727434006e-11,5.448636946270066e-11
deep_axis_gm_to_wm_r20,2,112149004,93.0,3,CSF,5.4023818597884045e-11,1.7584961772284558e-10,9.814038495717595e-11,1.6207145579365214e-13,4.3962404430711395e-11,2.4535096239293987e-11
deep_axis_gm_to_wm_r20,2,112149004,94.0,3,CSF,6.513055353883447e-11,2.1200246926510222e-10,1.1831702687202359e-10,1.9539166061650342e-13,5.3000617316275556e-11,2.9579256718005897e-11
deep_axis_gm_to_wm_r20,2,112149004,95.0,3,CSF,1.0963457093493085e-10,3.5686476610653545e-10,1.9916361477991393e-10,3.289037128047926e-13,8.921619152663386e-11,4.979090369497849e-11
deep_axis_gm_to_wm_r20,2,112149004,96.0,3,CSF,7.916299822811747e-11,2.576786191258608e-10,1.4380855189632926e-10,2.374889946843524e-13,6.44196547814652e-11,3.5952137974082314e-11
deep_axis_gm_to_wm_r20,2,112149004,97.0,3,CSF,6.894739938748097e-11,2.244264500352769e-10,1.252507596334289e-10,2.068421981624429e-13,5.610661250881922e-11,3.131268990835722e-11
deep_axis_gm_to_wm_r20,2,112149004,98.0,3,CSF,5.977695278523608e-11,1.945762918790059e-10,1.0859160478041022e-10,1.7933085835570823e-13,4.864407296975148e-11,2.7147901195102556e-11
deep_axis_gm_to_wm_r20,2,112149004,99.0,3,CSF,3.7555661311589004e-11,1.2224512921103013e-10,6.822411214347265e-11,1.1266698393476701e-13,3.056128230275753e-11,1.7056028035868162e-11
deep_axis_gm_to_wm_r20,2,112149004,100.0,3,CSF,3.3805311122537546e-11,1.1003759438309905e-10,6.141117627869571e-11,1.0141593336761265e-13,2.7509398595774764e-11,1.5352794069673928e-11
deep_axis_gm_to_wm_r20,3,9573696,0.0,1,scalp,0.31150326237747966,1.0,0.5592001396700734,0.003738039148529756,1.0,0.5592001396700734
deep_axis_gm_to_wm_r20,3,9573696,1.0,1,scalp,0.5570514745601919,1.7882685089992956,1.0,0.006684617694722303,1.7882685089992953,1.0
deep_axis_gm_to_wm_r20,3,9573696,2.0,1,scalp,0.36674228819277616,1.1773304889126903,0.6583633738378122,0.004400907458313314,1.1773304889126903,0.6583633738378123
deep_axis_gm_to_wm_r20,3,9573696,3.0,1,scalp,0.1448067274897306,0.46486424053644043,0.2599521482356001,0.0017376807298767674,0.46486424053644043,0.2599521482356001
deep_axis_gm_to_wm_r20,3,9573696,4.0,1,scalp,0.06591845462881743,0.21161401047844386,0.1183345842156902,0.0007910214555458091,0.21161401047844386,0.1183345842156902
deep_axis_gm_to_wm_r20,3,9573696,5.0,1,scalp,0.036017358005672406,0.115624336421962,0.0646571450764207,0.0004322082960680689,0.115624336421962,0.06465714507642072
deep_axis_gm_to_wm_r20,3,9573696,6.0,1,scalp,0.021279126552983498,0.06831108730796358,0.038199569563627814,0.000255349518635802,0.06831108730796358,0.038199569563627814
deep_axis_gm_to_wm_r20,3,9573696,7.0,1,scalp,0.013181380636022321,0.04231538551287827,0.02366276948899453,0.00015817656763226785,0.042315385512878265,0.02366276948899453
deep_axis_gm_to_wm_r20,3,9573696,8.0,1,scalp,0.008373633270733868,0.02688136620728774,0.015032063737637696,0.00010048359924880641,0.02688136620728774,0.015032063737637696
deep_axis_gm_to_wm_r20,3,9573696,9.0,1,scalp,0.005330145827554613,0.017111043354324625,0.009568497833639012,6.396174993065536e-05,0.017111043354324625,0.00956849783363901
deep_axis_gm_to_wm_r20,3,9573696,10.0,1,scalp,0.0033504633371164725,0.01075578891708807,0.006014638664697476,4.020556004539767e-05,0.01075578891708807,0.006014638664697476
deep_axis_gm_to_wm_r20,3,9573696,11.0,2,skull,0.0020953046301912886,0.00672642916866854,0.0037614201306003033,5.238261575478222e-05,0.014013394101392792,0.007836291938750633
deep_axis_gm_to_wm_r20,3,9573696,12.0,2,skull,0.00132560089387435,0.004255496021958149,0.0023796739698444384,3.3140022346858757e-05,0.00886561671241281,0.004957654103842581
deep_axis_gm_to_wm_r20,3,9573696,13.0,2,skull,0.0008313273961286432,0.0026687598382877952,0.0014923708743164177,2.078318490321608e-05,0.005559916329766239,0.0031091059881592034
deep_axis_gm_to_wm_r20,3,9573696,14.0,2,skull,0.0005117507353543782,0.0016428422978576663,0.0009186776424179114,1.2793768383859457e-05,0.003422588120536805,0.0019139117550373156
deep_axis_gm_to_wm_r20,3,9573696,15.0,2,skull,0.00030199396160757766,0.0009694728694096994,0.0005421293639802507,7.549849040189442e-06,0.0020197351446035404,0.0011294361749588557
deep_axis_gm_to_wm_r20,3,9573696,16.0,2,skull,0.00016948928037634076,0.0005441011406517908,0.0003042614338471277,4.237232009408519e-06,0.0011335440430245642,0.000633877987181516
deep_axis_gm_to_wm_r20,3,9573696,17.0,3,CSF,0.00010611565577910902,0.00034065664343032806,0.00019049524258577785,3.1834696733732706e-07,8.516416085758201e-05,4.762381064644446e-05
deep_axis_gm_to_wm_r20,3,9573696,18.0,3,CSF,8.941992424704755e-05,0.0002870593507257991,0.00016052362901946746,2.6825977274114267e-07,7.176483768144977e-05,4.0130907254866865e-05
deep_axis_gm_to_wm_r20,3,9573696,19.0,3,CSF,8.462118618215448e-05,0.00027165425342997056,0.00015190909646000907,2.538635585464634e-07,6.791356335749264e-05,3.797727411500227e-05
deep_axis_gm_to_wm_r20,3,9573696,20.0,3,CSF,8.251455980028973e-05,0.0002648914787296789,0.0001481273519030487,2.475436794008692e-07,6.622286968241973e-05,3.7031837975762183e-05
deep_axis_gm_to_wm_r20,3,9573696,21.0,3,CSF,8.115964500210645e-05,0.0002605418780614798,0.00014569505460188274,2.4347893500631935e-07,6.513546951536995e-05,3.6423763650470685e-05
deep_axis_gm_to_wm_r20,3,9573696,22.0,4,gray_matter,7.339786496423716e-05,0.0002356247071187769,0.0001317613691305402,2.6423231387125376e-06,0.0007068741213563306,0.00039528410739162053
deep_axis_gm_to_wm_r20,3,9573696,23.0,4,gray_matter,5.70927310540481e-05,0.00018328132623170775,0.00010249094322768727,2.0553383179457314e-06,0.0005498439786951232,0.00030747282968306177
deep_axis_gm_to_wm_r20,3,9573696,24.0,4,gray_matter,4.344256741169323e-05,0.00013946103511124555,7.798663031274153e-05,1.563932426820956e-06,0.0004183831053337366,0.00023395989093822456
deep_axis_gm_to_wm_r20,3,9573696,25.0,5,white_matter,3.348022363499426e-05,0.0001074795280776961,6.010256711272124e-05,4.687231308899197e-07,0.00012539278275731214,7.011966163150812e-05
deep_axis_gm_to_wm_r20,3,9573696,26.0,5,white_matter,2.560925469507703e-05,8.221183463575972e-05,4.597286941084981e-05,3.585295657310784e-07,9.5913807075053e-05,5.363501431265812e-05
deep_axis_gm_to_wm_r20,3,9573696,27.0,5,white_matter,1.9580335174789465e-05,6.285756054478176e-05,3.5149956635962054e-05,2.741246924470525e-07,7.333382063557871e-05,4.100828274195573e-05
deep_axis_gm_to_wm_r20,3,9573696,28.0,5,white_matter,1.5024248799297683e-05,4.82314332268254e-05,2.6971024196928583e-05,2.1033948319016757e-07,5.6270005431296304e-05,3.1466194896416686e-05
deep_axis_gm_to_wm_r20,3,9573696,29.0,5,white_matter,1.166535311458348e-05,3.7448574456492864e-05,2.0941248066515956e-05,1.6331494360416873e-07,4.369000353257501e-05,2.4431456077601948e-05
deep_axis_gm_to_wm_r20,3,9573696,30.0,5,white_matter,9.023573774448743e-06,2.8967830723756517e-05,1.619881498666369e-05,1.263300328422824e-07,3.379580251104927e-05,1.889861748444097e-05
deep_axis_gm_to_wm_r20,3,9573696,31.0,5,white_matter,6.953033417310884e-06,2.2320900796490527e-05,1.2481850842959357e-05,9.734246784235237e-08,2.604105092923895e-05,1.4562159316785916e-05
deep_axis_gm_to_wm_r20,3,9573696,32.0,5,white_matter,5.4038387493686335e-06,1.7347615264524138e-05,9.700788878864595e-06,7.565374249116087e-08,2.023888447527816e-05,1.1317587025342027e-05
deep_axis_gm_to_wm_r20,3,9573696,33.0,4,gray_matter,4.264255030415077e-06,1.3689278879036755e-05,7.65504666113994e-06,1.5351318109494276e-07,4.106783663711026e-05,2.296513998341982e-05
deep_axis_gm_to_wm_r20,3,9573696,34.0,5,white_matter,3.4536884732878596e-06,1.1087166301015108e-05,6.19994494407298e-06,4.835163862603003e-08,1.2935027351184291e-05,7.233269101418476e-06
deep_axis_gm_to_wm_r20,3,9573696,35.0,5,white_matter,2.826236112358023e-06,9.0728941032187e-06,5.073563649731683e-06,3.9567305573012324e-08,1.0585043120421817e-05,5.91915759135363e-06
deep_axis_gm_to_wm_r20,3,9573696,36.0,5,white_matter,2.3222081033132377e-06,7.454843604492289e-06,4.168749584850642e-06,3.2510913446385325e-08,8.697317538574336e-06,4.863541182325748e-06
deep_axis_gm_to_wm_r20,3,9573696,37.0,5,white_matter,1.8729186476851295e-06,6.012516958539993e-06,3.362200322984249e-06,2.6220861067591812e-08,7.014603118296658e-06,3.922567043481624e-06
deep_axis_gm_to_wm_r20,3,9573696,38.0,5,white_matter,1.565045620397581e-06,5.0241708817195586e-06,2.809517058783893e-06,2.1910638685566134e-08,5.861532695339485e-06,3.277769901914542e-06
deep_axis_gm_to_wm_r20,3,9573696,39.0,5,white_matter,1.2924476901343471e-06,4.149066305983528e-06,2.3201584578063845e-06,1.809426766188086e-08,4.840577356980782e-06,2.7068515341074487e-06
deep_axis_gm_to_wm_r20,3,9573696,40.0,5,white_matter,1.103981715085025e-06,3.5440454352199364e-06,1.9818307023720745e-06,1.5455744011190348e-08,4.1347196744232585e-06,2.312135819434087e-06
deep_axis_gm_to_wm_r20,3,9573696,41.0,5,white_matter,9.224528786598729e-07,2.9612944391639934e-06,1.6559562639847168e-06,1.291434030123822e-08,3.454843512357992e-06,1.931948974648836e-06
deep_axis_gm_to_wm_r20,3,9573696,42.0,5,white_matter,7.877875626372608e-07,2.5289865557896463e-06,1.4142096352213082e-06,1.1029025876921652e-08,2.9504843150879207e-06,1.6499112410915262e-06
deep_axis_gm_to_wm_r20,3,9573696,43.0,5,white_matter,6.848742807895541e-07,2.198610298853382e-06,1.2294631861988733e-06,9.588239931053758e-09,2.5650453486622796e-06,1.4343737172320189e-06
deep_axis_gm_to_wm_r20,3,9573696,44.0,5,white_matter,5.749796265741592e-07,1.8458221663097666e-06,1.032184013206539e-06,8.049714772038229e-09,2.153459194028061e-06,1.2042146820742957e-06
deep_axis_gm_to_wm_r20,3,9573696,45.0,5,white_matter,4.909742789339201e-07,1.5761449019399272e-06,8.813804493050815e-07,6.8736399050748815e-09,1.838835718929915e-06,1.0282771908559285e-06
deep_axis_gm_to_wm_r20,3,9573696,46.0,5,white_matter,4.1821217190599737e-07,1.3425611299030565e-06,7.507603713574008e-07,5.854970406683963e-09,1.5663213182202326e-06,8.758870999169676e-07
deep_axis_gm_to_wm_r20,3,9573696,47.0,5,white_matter,3.5251641842791677e-07,1.1316620434001663e-06,6.328255727286937e-07,4.935229857990835e-09,1.3202723839668605e-06,7.382965015168093e-07
deep_axis_gm_to_wm_r20,3,9573696,48.0,5,white_matter,3.0455369074287564e-07,9.776902123542368e-07,5.46724503302553e-07,4.263751670400259e-09,1.1406385810799428e-06,6.378452538529785e-07
deep_axis_gm_to_wm_r20,3,9573696,49.0,5,white_matter,2.722181802764709e-07,8.738854874225905e-07,4.886768866223628e-07,3.811054523870593e-09,1.019533068659689e-06,5.701230343927567e-07
deep_axis_gm_to_wm_r20,3,9573696,50.0,5,white_matter,2.4753120827006876e-07,7.946344008754247e-07,4.443596679561826e-07,3.4654369157809627e-09,9.270734676879954e-07,5.184196126155463e-07
deep_axis_gm_to_wm_r20,3,9573696,51.0,5,white_matter,2.1237297080228728e-07,6.817680469263712e-07,3.8124478706381995e-07,2.973221591232022e-09,7.95396054747433e-07,4.4478558490778996e-07
deep_axis_gm_to_wm_r20,3,9573696,52.0,5,white_matter,1.9635102514932965e-07,6.303337680983626e-07,3.5248273115936803e-07,2.7489143520906154e-09,7.353893961147564e-07,4.1122985301926275e-07
deep_axis_gm_to_wm_r20,3,9573696,53.0,5,white_matter,1.9353278640636338e-07,6.212865474642777e-07,3.474235241171618e-07,2.7094590096890874e-09,7.248343053749907e-07,4.0532744480335546e-07
deep_axis_gm_to_wm_r20,3,9573696,54.0,5,white_matter,1.7244037716032345e-07,5.53574867384086e-07,3.095591431590233e-07,2.4141652802445285e-09,6.458373452814337e-07,3.611523336855272e-07
deep_axis_gm_to_wm_r20,3,9573696,55.0,5,white_matter,1.541550905936145e-07,4.948747227141697e-07,2.7673401406095256e-07,2.158171268310603e-09,5.773538431665313e-07,3.22856349737778e-07
deep_axis_gm_to_wm_r20,3,9573696,56.0,5,white_matter,1.1104808176013596e-07,3.564909109220432e-07,1.9934976717871828e-07,1.5546731446419034e-09,4.1590606274238375e-07,2.3257472837517132e-07
deep_axis_gm_to_wm_r20,3,9573696,57.0,5,white_matter,8.555563256560805e-08,2.7465404988899195e-07,1.5358658305887563e-07,1.1977788559185129e-09,3.2042972487049065e-07,1.791843469020216e-07
deep_axis_gm_to_wm_r20,3,9573696,58.0,5,white_matter,7.038402828878871e-08,2.2594957032423416e-07,1.2635103128370482e-07,9.85376396043042e-10,2.636078320449399e-07,1.4740953649765566e-07
deep_axis_gm_to_wm_r20,3,9573696,59.0,5,white_matter,5.813430706297536e-08,1.866250344194733e-07,1.0436074531330173e-07,8.138802988816551e-10,2.1772920682271885e-07,1.2175420286551868e-07
deep_axis_gm_to_wm_r20,3,9573696,60.0,5,white_matter,4.207625602044287e-08,1.3507484865264385e-07,7.553387423247247e-08,5.890675842862002e-10,1.575873234280845e-07,8.812285327121788e-08
deep_axis_gm_to_wm_r20,3,9573696,61.0,4,gray_matter,3.413055699682828e-08,1.0956725376271942e-07,6.127002360737908e-08,1.228700051885818e-09,3.2870176128815823e-07,1.838100708221372e-07
deep_axis_gm_to_wm_r20,3,9573696,62.0,4,gray_matter,2.5547550353652766e-08,8.201374893690277e-08,4.5862099860382364e-08,9.197118127314995e-10,2.460412468107083e-07,1.3758629958114708e-07
deep_axis_gm_to_wm_r20,3,9573696,63.0,4,gray_matter,1.8257012392044405e-08,5.86093778045912e-08,3.27743722543035e-08,6.572524461135985e-10,1.7582813341377357e-07,9.832311676291049e-08
deep_axis_gm_to_wm_r20,3,9573696,64.0,4,gray_matter,1.6386883786577157e-08,5.260581754909369e-08,2.9417180520911593e-08,5.899278163167776e-10,1.5781745264728105e-07,8.825154156273477e-08
deep_axis_gm_to_wm_r20,3,9573696,65.0,4,gray_matter,1.0802302966846777e-08,3.467797699581247e-08,1.939192957953393e-08,3.8888290680648395e-10,1.0403393098743741e-07,5.817578873860178e-08
deep_axis_gm_to_wm_r20,3,9573696,66.0,4,gray_matter,6.629036058708339e-09,2.128079175837097e-08,1.1900221723570795e-08,2.386452981135002e-10,6.384237527511291e-08,3.570066517071238e-08
deep_axis_gm_to_wm_r20,3,9573696,67.0,4,gray_matter,6.095808573419319e-09,1.9569003954868436e-08,1.0942989744766648e-08,2.1944910864309547e-10,5.87070118646053e-08,3.282896923429994e-08
deep_axis_gm_to_wm_r20,3,9573696,68.0,4,gray_matter,4.4039017731891815e-09,1.4137578334099542e-08,7.905735779025069e-09,1.5854046383481052e-10,4.241273500229862e-08,2.3717207337075203e-08
deep_axis_gm_to_wm_r20,3,9573696,69.0,4,gray_matter,3.165363654042308e-09,1.016157464895671e-08,5.68235396296447e-09,1.1395309154552308e-10,3.0484723946870126e-08,1.7047061888893408e-08
deep_axis_gm_to_wm_r20,3,9573696,70.0,4,gray_matter,2.9940292333470457e-09,9.611550166427731e-09,5.374780195512305e-09,1.0778505240049363e-10,2.8834650499283188e-08,1.6124340586536913e-08
deep_axis_gm_to_wm_r20,3,9573696,71.0,4,gray_matter,2.744544957442448e-09,8.810645951170195e-09,4.9269144464779395e-09,9.880361846792812e-11,2.643193785351058e-08,1.4780743339433818e-08
deep_axis_gm_to_wm_r20,3,9573696,72.0,5,white_matter,2.1367427439662095e-09,6.85945542803627e-09,3.835808433418526e-09,2.991439841552693e-11,8.00269799937565e-09,4.47510983898828e-09
deep_axis_gm_to_wm_r20,3,9573696,73.0,5,white_matter,1.7343085271992933e-09,5.567545309036469e-09,3.1133721144326554e-09,2.4280319380790106e-11,6.495469527209213e-09,3.6322674668380984e-09
deep_axis_gm_to_wm_r20,3,9573696,74.0,5,white_matter,1.5669514343817004e-09,5.030289000578326e-09,2.8129383117042346e-09,2.1937320081343805e-11,5.868670500674714e-09,3.28176136365494e-09
deep_axis_gm_to_wm_r20,3,9573696,75.0,5,white_matter,9.41720783366705e-10,3.023149023157028e-09,1.690545355992856e-09,1.318409096713387e-11,3.527007193683199e-09,1.9723029153249986e-09
deep_axis_gm_to_wm_r20,3,9573696,76.0,5,white_matter,6.063362515101971e-10,1.946484434488647e-09,1.0884743676316753e-09,8.48870752114276e-12,2.2708985069034215e-09,1.2698867622369545e-09
deep_axis_gm_to_wm_r20,3,9573696,77.0,5,white_matter,4.0125559801885033e-10,1.2881264708316562e-09,7.20320502401781e-10,5.617578372263905e-12,1.5028142159702657e-09,8.403739194687445e-10
deep_axis_gm_to_wm_r20,3,9573696,78.0,5,white_matter,4.564818760194659e-10,1.465416036209281e-09,8.194608521229954e-10,6.390746264272523e-12,1.7096520422441612e-09,9.560376608101612e-10
deep_axis_gm_to_wm_r20,3,9573696,79.0,5,white_matter,3.8984977495677545e-10,1.2515110499367917e-09,6.998451539232941e-10,5.4578968493948566e-12,1.4600962249262568e-09,8.164860129105099e-10
deep_axis_gm_to_wm_r20,3,9573696,80.0,5,white_matter,4.683353630354463e-10,1.5034685655006642e-09,8.407398318175364e-10,6.556695082496249e-12,1.7540466597507748e-09,9.808631371204592e-10
deep_axis_gm_to_wm_r20,3,9573696,81.0,4,gray_matter,4.551793609988004e-10,1.4612346513636639e-09,8.171226211333118e-10,1.6386456995956813e-11,4.383703954090991e-09,2.4513678633999356e-09
deep_axis_gm_to_wm_r20,3,9573696,82.0,4,gray_matter,2.4919407469040615e-10,7.999725999287698e-10,4.473447896123999e-10,8.97098668885462e-12,2.399917799786309e-09,1.3420343688371993e-09
deep_axis_gm_to_wm_r20,3,9573696,83.0,3,CSF,2.2686306662571925e-10,7.282847213035175e-10,4.0725691787250747e-10,6.805891998771578e-13,1.8207118032587936e-10,1.0181422946812688e-10
deep_axis_gm_to_wm_r20,3,9573696,84.0,3,CSF,2.3780746540019795e-10,7.634188598385299e-10,4.2690393304847414e-10,7.134223962005938e-13,1.9085471495963246e-10,1.0672598326211853e-10
deep_axis_gm_to_wm_r20,3,9573696,85.0,3,CSF,2.0854001554939726e-10,6.6946334352251e-10,3.7436399520178197e-10,6.256200466481918e-13,1.673658358806275e-10,9.35909988004455e-11
deep_axis_gm_to_wm_r20,3,9573696,86.0,3,CSF,1.507433160788422e-10,4.839221102479866e-10,2.7060931164011075e-10,4.5222994823652657e-13,1.2098052756199662e-10,6.765232791002769e-11
deep_axis_gm_to_wm_r20,3,9573696,87.0,3,CSF,1.2851495716176413e-10,4.1256375994556905e-10,2.3070571218437285e-10,3.855448714852924e-13,1.0314093998639226e-10,5.767642804609321e-11
deep_axis_gm_to_wm_r20,3,9573696,88.0,3,CSF,7.016887878338088e-11,2.2525888893693265e-10,1.259648021554583e-10,2.1050663635014264e-13,5.631472223423316e-11,3.1491200538864575e-11
deep_axis_gm_to_wm_r20,3,9573696,89.0,3,CSF,9.717888071619329e-11,3.11967457337355e-10,1.744522457155666e-10,2.9153664214857987e-13,7.799186433433875e-11,4.361306142889165e-11
deep_axis_gm_to_wm_r20,3,9573696,90.0,3,CSF,9.345361780446632e-11,3.0000847211423176e-10,1.6776477950848371e-10,2.80360853413399e-13,7.500211802855794e-11,4.1941194877120935e-11
deep_axis_gm_to_wm_r20,3,9573696,91.0,4,gray_matter,1.0343360203756961e-10,3.32046609233353e-10,1.8568051026026527e-10,3.723609673352506e-12,9.961398277000587e-10,5.570415307807958e-10
deep_axis_gm_to_wm_r20,3,9573696,92.0,3,CSF,5.895145757138661e-11,1.8924828305633999e-10,1.0582766631742691e-10,1.7685437271415984e-13,4.7312070764084996e-11,2.6456916579356728e-11
deep_axis_gm_to_wm_r20,3,9573696,93.0,3,CSF,8.246146335705021e-11,2.6472102644345153e-10,1.480320349607833e-10,2.4738439007115064e-13,6.618025661086288e-11,3.700800874019583e-11
deep_axis_gm_to_wm_r20,3,9573696,94.0,3,CSF,1.9609850952046045e-10,6.295231325148315e-10,3.5202942362783593e-10,5.882955285613814e-13,1.5738078312870788e-10,8.800735590695898e-11
deep_axis_gm_to_wm_r20,3,9573696,95.0,3,CSF,9.248572691582003e-11,2.9690131079187807e-10,1.660272544630461e-10,2.774571807474601e-13,7.422532769796952e-11,4.150681361576153e-11
deep_axis_gm_to_wm_r20,3,9573696,96.0,3,CSF,5.572034473147877e-11,1.7887563779013286e-10,1.0002728163581575e-10,1.671610341944363e-13,4.471890944753321e-11,2.500682040895394e-11
deep_axis_gm_to_wm_r20,3,9573696,97.0,3,CSF,4.7538490804234964e-11,1.526099291590334e-10,8.533949370077149e-11,1.426154724127049e-13,3.815248228975835e-11,2.1334873425192872e-11
deep_axis_gm_to_wm_r20,3,9573696,98.0,3,CSF,4.239909588472917e-11,1.3611124185707546e-10,7.611342545714375e-11,1.271972876541875e-13,3.4027810464268864e-11,1.9028356364285933e-11
deep_axis_gm_to_wm_r20,3,9573696,99.0,3,CSF,5.442397271731616e-11,1.7471397346511637e-10,9.770007836400657e-11,1.6327191815194848e-13,4.367849336627909e-11,2.4425019591001642e-11
deep_axis_gm_to_wm_r20,3,9573696,100.0,3,CSF,2.795879455579818e-11,8.975441972070813e-11,5.0190684043826385e-11,8.387638366739454e-14,2.2438604930177033e-11,1.2547671010956596e-11
combined_explanatory_bound,1,873963303,0.0,1,scalp,0.3099052776211259,1.0,0.5589057954492058,0.003718863331453511,1.0,0.5589057954492058
combined_explanatory_bound,1,873963303,1.0,1,scalp,0.5544857114463229,1.7892102893588289,1.0,0.006653828537355875,1.7892102893588289,1.0
combined_explanatory_bound,1,873963303,2.0,1,scalp,0.3662786757109806,1.1819052535103125,0.6605736958587766,0.004395344108531768,1.1819052535103125,0.6605736958587766
combined_explanatory_bound,1,873963303,3.0,1,scalp,0.1442005503822009,0.4653052425860685,0.2600617967342523,0.0017304066045864108,0.4653052425860685,0.2600617967342523
combined_explanatory_bound,1,873963303,4.0,1,scalp,0.06499344439789129,0.20972035357638824,0.11721392103749997,0.0007799213327746954,0.20972035357638824,0.11721392103749997
combined_explanatory_bound,1,873963303,5.0,1,scalp,0.03459151249202366,0.11161963022234636,0.06238485821716671,0.00041509814990428395,0.11161963022234635,0.0623848582171667
combined_explanatory_bound,1,873963303,6.0,1,scalp,0.01907168097740338,0.06154035556864387,0.03439526138131987,0.00022886017172884057,0.061540355568643866,0.03439526138131987
combined_explanatory_bound,1,873963303,7.0,1,scalp,0.010134453555964085,0.03270177789083651,0.018277213184681233,0.00012161344267156903,0.03270177789083651,0.018277213184681233
combined_explanatory_bound,1,873963303,8.0,6,transparent_tissue_control,0.0053002106960912485,0.017102679685794223,0.009558786794101793,0.0,0.0,0.0
combined_explanatory_bound,1,873963303,9.0,6,transparent_tissue_control,0.0035437377383435113,0.011434906064026121,0.006391035269601467,0.0,0.0,0.0
combined_explanatory_bound,1,873963303,10.0,6,transparent_tissue_control,0.0031652535695607777,0.01021361621801889,0.005708449296744756,0.0,0.0,0.0
combined_explanatory_bound,1,873963303,11.0,2,skull,0.002415428389664121,0.007794086013007815,0.0043561598428996625,6.038570974160303e-05,0.016237679193766282,0.009075333006040963
combined_explanatory_bound,1,873963303,12.0,2,skull,0.0014501714871005135,0.004679402358785957,0.0026153450975641554,3.625428717751284e-05,0.00974875491413741,0.005448635619925324
combined_explanatory_bound,1,873963303,13.0,2,skull,0.0008063458431961916,0.002601910652783358,0.0014542229430816454,2.015864607990479e-05,0.005420647193298663,0.0030296311314200945
combined_explanatory_bound,1,873963303,14.0,2,skull,0.0004167049175632805,0.0013446202683670405,0.0007515160606688054,1.0417622939082013e-05,0.0028012922257646677,0.0015656584597266779
combined_explanatory_bound,1,873963303,15.0,3,CSF,0.0002419200629650507,0.0007806258248393227,0.0004362962975800141,7.257601888951521e-07,0.00019515645620983067,0.00010907407439500352
combined_explanatory_bound,1,873963303,16.0,3,CSF,0.00020276811314603245,0.0006542906100293206,0.0003656868138533836,6.083043394380973e-07,0.00016357265250733016,9.14217034633459e-05
combined_explanatory_bound,1,873963303,17.0,3,CSF,0.00019256380641495918,0.000621363430442697,0.00034728362235462285,5.776914192448775e-07,0.00015534085761067425,8.682090558865571e-05
combined_explanatory_bound,1,873963303,18.0,3,CSF,0.00018414279045373116,0.0005941905599905742,0.0003320965475799409,5.524283713611935e-07,0.00014854763999764354,8.302413689498523e-05
combined_explanatory_bound,1,873963303,19.0,3,CSF,0.0001773127169980973,0.0005721513307523294,0.00031977869463145235,5.319381509942919e-07,0.00014303783268808235,7.994467365786309e-05
combined_explanatory_bound,1,873963303,20.0,3,CSF,0.00017205570779870358,0.0005551880533285075,0.00031029782056946563,5.161671233961107e-07,0.00013879701333212687,7.75744551423664e-05
combined_explanatory_bound,1,873963303,21.0,3,CSF,0.00016927955548387785,0.0005462299860889438,0.00030529110487324975,5.078386664516335e-07,0.0001365574965222359,7.632277621831242e-05
combined_explanatory_bound,1,873963303,22.0,3,CSF,0.00016975997939584027,0.0005477802143252946,0.0003061575364188152,5.092799381875208e-07,0.00013694505358132365,7.65393841047038e-05
combined_explanatory_bound,1,873963303,23.0,3,CSF,0.0001741469318506219,0.0005619359992427263,0.0003140692866483003,5.224407955518657e-07,0.00014048399981068157,7.851732166207508e-05
combined_explanatory_bound,1,873963303,24.0,4,gray_matter,0.00016860001585054362,0.0005440372527526466,0.00030406557350371865,6.0696005706195695e-06,0.0016321117582579398,0.0009121967205111558
combined_explanatory_bound,1,873963303,25.0,5,white_matter,0.00014000322963142253,0.0004517613598132498,0.00025249204215963927,1.9600452148399155e-06,0.0005270549197821247,0.0002945740491862458
combined_explanatory_bound,1,873963303,26.0,5,white_matter,0.00010952819535466658,0.00035342475028311734,0.00019753114118842264,1.533394734965332e-06,0.0004123288753303035,0.00023045299805315973
combined_explanatory_bound,1,873963303,27.0,5,white_matter,8.547989036667439e-05,0.00027582586209189266,0.00015416067285793224,1.1967184651334414e-06,0.0003217968391072081,0.00017985411833425425
combined_explanatory_bound,1,873963303,28.0,5,white_matter,6.705762151847546e-05,0.00021638102465765886,0.00012093660870640305,9.388067012586564e-07,0.00025244452876726863,0.0001410927101574702
combined_explanatory_bound,1,873963303,29.0,5,white_matter,5.3708781854793556e-05,0.0001733070900472212,9.686233701982932e-05,7.519229459671098e-07,0.0002021916050550914,0.00011300605985646753
combined_explanatory_bound,1,873963303,30.0,5,white_matter,4.249616434712168e-05,0.00013712630089209157,7.664068427710159e-05,5.949463008597035e-07,0.0001599806843741068,8.94141316566185e-05
combined_explanatory_bound,1,873963303,31.0,5,white_matter,3.389745268912109e-05,0.00010938004331298402,6.113314011411192e-05,4.745643376476953e-07,0.0001276100505318147,7.132199679979725e-05
combined_explanatory_bound,1,873963303,32.0,5,white_matter,2.7443511553771624e-05,8.855451499384478e-05,4.9493631643253444e-05,3.8420916175280275e-07,0.00010331360082615225,5.774257025046235e-05
combined_explanatory_bound,1,873963303,33.0,4,gray_matter,2.2425963174058857e-05,7.236392792728e-05,4.044461870002544e-05,8.073346742661188e-07,0.00021709178378183998,0.00012133385610007629
combined_explanatory_bound,1,873963303,34.0,5,white_matter,1.8637845665257508e-05,6.014045907292734e-05,3.3612851116834863e-05,2.609298393136051e-07,7.016386891841522e-05,3.921499296964067e-05
combined_explanatory_bound,1,873963303,35.0,5,white_matter,1.5280759031114524e-05,4.93078373766709e-05,2.7558436070888335e-05,2.1393062643560335e-07,5.752581027278272e-05,3.2151508749369724e-05
combined_explanatory_bound,1,873963303,36.0,5,white_matter,1.2706308962675146e-05,4.100062141635813e-05,2.2915484926621383e-05,1.7788832547745204e-07,4.7834058319084476e-05,2.6734732414391612e-05
combined_explanatory_bound,1,873963303,37.0,5,white_matter,1.0516409596124595e-05,3.3934270745080405e-05,1.896606058376788e-05,1.4722973434574433e-07,3.958998253592714e-05,2.2127070681062528e-05
combined_explanatory_bound,1,873963303,38.0,5,white_matter,8.878718841008936e-06,2.8649782634110534e-05,1.601252955256439e-05,1.243020637741251e-07,3.342474640646228e-05,1.8681284477991788e-05
combined_explanatory_bound,1,873963303,39.0,5,white_matter,7.498906401233422e-06,2.419741431574197e-05,1.3524075095953767e-05,1.0498468961726791e-07,2.8230316701698967e-05,1.5778087611946063e-05
combined_explanatory_bound,1,873963303,40.0,5,white_matter,6.437256377487087e-06,2.0771690068979537e-05,1.1609417960827378e-05,9.012158928481922e-08,2.4233638413809458e-05,1.3544320954298606e-05
combined_explanatory_bound,1,873963303,41.0,5,white_matter,5.477637472337082e-06,1.76751990620623e-05,9.878771191504988e-06,7.668692461271916e-08,2.062106557240602e-05,1.152523305675582e-05
combined_explanatory_bound,1,873963303,42.0,5,white_matter,4.687648969777181e-06,1.5126070152016119e-05,8.454048270333059e-06,6.562708557688054e-08,1.7647081844018805e-05,9.863056315388568e-06
combined_explanatory_bound,1,873963303,43.0,5,white_matter,3.986567312699607e-06,1.2863825176844446e-05,7.189666442983766e-06,5.58119423777945e-08,1.5007796039651853e-05,8.38794418348106e-06
combined_explanatory_bound,1,873963303,44.0,5,white_matter,3.370578622667835e-06,1.0876157542526685e-05,6.078747482736757e-06,4.7188100717349686e-08,1.268885046628113e-05,7.091872063192883e-06
combined_explanatory_bound,1,873963303,45.0,5,white_matter,2.8891092087629945e-06,9.32255568843545e-06,5.210430402664534e-06,4.0447528922681924e-08,1.0876314969841357e-05,6.078835469775289e-06
combined_explanatory_bound,1,873963303,46.0,5,white_matter,2.41510289198891e-06,7.7930356995775e-06,4.355572816636421e-06,3.381144048784474e-08,9.091874982840415e-06,5.081501619409157e-06
combined_explanatory_bound,1,873963303,47.0,5,white_matter,1.9992530934513674e-06,6.451174722798849e-06,3.605598940027701e-06,2.7989543308319144e-08,7.5263705099319905e-06,4.206532096698984e-06
combined_explanatory_bound,1,873963303,48.0,5,white_matter,1.6880916134085436e-06,5.447121218349552e-06,3.044427617449904e-06,2.3633282587719612e-08,6.354974754741144e-06,3.5518322203582213e-06
combined_explanatory_bound,1,873963303,49.0,5,white_matter,1.5279549325328189e-06,4.930393390721204e-06,2.7556254399185416e-06,2.1391369055459464e-08,5.75212562250807e-06,3.2148963465716316e-06
combined_explanatory_bound,1,873963303,50.0,5,white_matter,1.3557732825285431e-06,4.374798948038701e-06,2.445100485983919e-06,1.8980825955399603e-08,5.10393210604515e-06,2.8526172336479054e-06
combined_explanatory_bound,1,873963303,51.0,5,white_matter,1.2432834792664854e-06,4.011817703816129e-06,2.24222816494856e-06,1.7405968709730796e-08,4.680453987785484e-06,2.6159328591066534e-06
combined_explanatory_bound,1,873963303,52.0,5,white_matter,1.1598543650515577e-06,3.742609270660874e-06,2.0917660114742877e-06,1.6237961110721808e-08,4.366377482437686e-06,2.440393680053336e-06
combined_explanatory_bound,1,873963303,53.0,5,white_matter,1.0686676107084743e-06,3.4483685431616683e-06,1.9273131636177913e-06,1.496134654991864e-08,4.023096633688613e-06,2.2485320242207565e-06
combined_explanatory_bound,1,873963303,54.0,5,white_matter,9.261332328023801e-07,2.9884396932879035e-06,1.6702562639290564e-06,1.2965865259233322e-08,3.486512975502554e-06,1.9486323079172323e-06
combined_explanatory_bound,1,873963303,55.0,5,white_matter,7.619146762563437e-07,2.4585405001970345e-06,1.374092533906712e-06,1.0666805467588812e-08,2.8682972502298734e-06,1.6031079562244972e-06
combined_explanatory_bound,1,873963303,56.0,5,white_matter,6.254526052688613e-07,2.0182057242455456e-06,1.1279868756895972e-06,8.756336473764058e-09,2.3545733449531363e-06,1.31598468830453e-06
combined_explanatory_bound,1,873963303,57.0,5,white_matter,5.23075148839561e-07,1.6878549241069897e-06,9.43351898960876e-07,7.323052083753855e-09,1.9691640781248214e-06,1.1005772154543554e-06
combined_explanatory_bound,1,873963303,58.0,5,white_matter,3.94684660571628e-07,1.27356547007292e-06,7.118031221077471e-07,5.5255852480027926e-09,1.4858263817517402e-06,8.304369757923717e-07
combined_explanatory_bound,1,873963303,59.0,5,white_matter,2.959237551776528e-07,9.548845293929903e-07,5.336904974625298e-07,4.142932572487139e-09,1.1140319509584886e-06,6.226389137062848e-07
combined_explanatory_bound,1,873963303,60.0,5,white_matter,2.394625254306223e-07,7.726958613572781e-07,4.318641950321988e-07,3.352475356028712e-09,9.014785049168245e-07,5.038415608708986e-07
combined_explanatory_bound,1,873963303,61.0,4,gray_matter,1.8409398079135884e-07,5.940330613421258e-07,3.3200852067254776e-07,6.627383308488917e-09,1.7820991840263773e-06,9.960255620176431e-07
combined_explanatory_bound,1,873963303,62.0,4,gray_matter,1.4637165667677716e-07,4.723109519151963e-07,2.6397732827953443e-07,5.269379640363977e-09,1.4169328557455887e-06,7.919319848386031e-07
combined_explanatory_bound,1,873963303,63.0,4,gray_matter,1.0513822405971985e-07,3.3925922419513095e-07,1.8961394656226014e-07,3.784976066149914e-09,1.0177776725853926e-06,5.688418396867802e-07
combined_explanatory_bound,1,873963303,64.0,4,gray_matter,7.874809323426947e-08,2.5410375014827204e-07,1.4202005860324625e-07,2.8349313564337007e-09,7.623112504448161e-07,4.260601758097387e-07
combined_explanatory_bound,1,873963303,65.0,4,gray_matter,6.332627825658274e-08,2.0434075451274554e-07,1.1420723194363694e-07,2.2797460172369787e-09,6.130222635382366e-07,3.4262169583091083e-07
combined_explanatory_bound,1,873963303,66.0,4,gray_matter,4.2538387897929093e-08,1.372625475256808e-07,7.671683331022505e-08,1.5313819643254473e-09,4.1178764257704234e-07,2.301504999306751e-07
combined_explanatory_bound,1,873963303,67.0,4,gray_matter,3.14728248897866e-08,1.0155627271460553e-07,5.676038938441309e-08,1.1330216960323176e-09,3.0466881814381655e-07,1.7028116815323923e-07
combined_explanatory_bound,1,873963303,68.0,4,gray_matter,2.363513748264646e-08,7.626568241777912e-08,4.2625331897185354e-08,8.508649493752725e-10,2.2879704725333733e-07,1.2787599569155603e-07
combined_explanatory_bound,1,873963303,69.0,4,gray_matter,2.1350247689990103e-08,6.889281735979923e-08,3.8504594887215445e-08,7.686089168396436e-10,2.0667845207939766e-07,1.1551378466164632e-07
combined_explanatory_bound,1,873963303,70.0,4,gray_matter,1.7934281926199112e-08,5.787020493444011e-08,3.234399292169181e-08,6.45634149343168e-10,1.736106148033203e-07,9.703197876507541e-08
combined_explanatory_bound,1,873963303,71.0,4,gray_matter,1.5083930811558058e-08,4.867271357023771e-08,2.720346169464506e-08,5.430215092160901e-10,1.4601814071071312e-07,8.161038508393518e-08
combined_explanatory_bound,1,873963303,72.0,5,white_matter,1.2367507974307923e-08,3.990738095602165e-08,2.230446649751977e-08,1.7314511164031092e-10,4.655861111535859e-08,2.602187758043973e-08
combined_explanatory_bound,1,873963303,73.0,5,white_matter,1.0664250896915188e-08,3.4411323933478625e-08,1.9232688375501168e-08,1.4929951255681264e-10,4.01465445890584e-08,2.2438136438084695e-08
combined_explanatory_bound,1,873963303,74.0,5,white_matter,6.941674061727955e-09,2.239934122778795e-08,1.2519121626455015e-08,9.718343686419137e-11,2.6132564765752605e-08,1.460564189753085e-08
combined_explanatory_bound,1,873963303,75.0,5,white_matter,5.604144731977422e-09,1.8083411728240258e-08,1.010692361640762e-08,7.845802624768391e-11,2.109731368294697e-08,1.1791410885808891e-08
combined_explanatory_bound,1,873963303,76.0,5,white_matter,3.411892254358285e-09,1.1009468056008672e-08,6.1532555013161495e-09,4.776649156101599e-11,1.2844379398676783e-08,7.17879808486884e-09
combined_explanatory_bound,1,873963303,77.0,5,white_matter,2.188871676477135e-09,7.063034528741185e-09,3.947570931571299e-09,3.0644203470679895e-11,8.240206950198049e-09,4.605499420166515e-09
combined_explanatory_bound,1,873963303,78.0,5,white_matter,1.9757802015931896e-09,6.375432573331894e-09,3.5632662137308395e-09,2.7660922822304655e-11,7.4380046688872085e-09,4.157143916019312e-09
combined_explanatory_bound,1,873963303,79.0,5,white_matter,2.2303085393370867e-09,7.196742683626531e-09,4.022301194235538e-09,3.122431955071922e-11,8.396199797564286e-09,4.692684726608129e-09
combined_explanatory_bound,1,873963303,80.0,5,white_matter,1.5231218478659402e-09,4.9147980297645324e-09,2.7469091022977358e-09,2.1323705870123164e-11,5.733931034725288e-09,3.204727286014025e-09
combined_explanatory_bound,1,873963303,81.0,4,gray_matter,1.3496884826005884e-09,4.355164561768604e-09,2.4341267137074737e-09,4.858878537362118e-11,1.306549368530581e-08,7.30238014112242e-09
combined_explanatory_bound,1,873963303,82.0,4,gray_matter,1.639124367890686e-09,5.2891140818020995e-09,2.9561165131111982e-09,5.900847724406468e-11,1.5867342245406295e-08,8.868349539333592e-09
combined_explanatory_bound,1,873963303,83.0,3,CSF,1.7694904202409148e-09,5.709778271037391e-09,3.191228166412744e-09,5.308471260722744e-12,1.4274445677593475e-09,7.978070416031859e-10
combined_explanatory_bound,1,873963303,84.0,3,CSF,1.2262572446328508e-09,3.9568775790001525e-09,2.211521810786208e-09,3.678771733898553e-12,9.892193947500381e-10,5.52880452696552e-10
combined_explanatory_bound,1,873963303,85.0,3,CSF,1.0109844669272989e-09,3.2622370121856265e-09,1.8232831722394482e-09,3.0329534007818968e-12,8.155592530464066e-10,4.5582079305986205e-10
combined_explanatory_bound,1,873963303,86.0,3,CSF,6.624993684143122e-10,2.137747938659662e-09,1.1947997121264785e-09,1.9874981052429364e-12,5.344369846649154e-10,2.9869992803161957e-10
combined_explanatory_bound,1,873963303,87.0,3,CSF,7.556986951903025e-10,2.438482819625229e-09,1.362882179991861e-09,2.2670960855709074e-12,6.096207049063072e-10,3.407205449979652e-10
combined_explanatory_bound,1,873963303,88.0,3,CSF,8.02608050721319e-10,2.589849572366902e-09,1.447481935337509e-09,2.407824152163957e-12,6.474623930917255e-10,3.6187048383437725e-10
combined_explanatory_bound,1,873963303,89.0,3,CSF,7.891836266196182e-10,2.546531742464977e-09,1.4232713491590402e-09,2.3675508798588545e-12,6.366329356162442e-10,3.5581783728976e-10
combined_explanatory_bound,1,873963303,90.0,3,CSF,8.227082710572722e-10,2.6547088109389105e-09,1.4837321396638274e-09,2.4681248131718166e-12,6.636772027347276e-10,3.709330349159568e-10
combined_explanatory_bound,1,873963303,91.0,4,gray_matter,1.2979393517193e-09,4.188180858623818e-09,2.3407985542742833e-09,4.6725816661894796e-11,1.2564542575871454e-08,7.022395662822849e-09
combined_explanatory_bound,1,873963303,92.0,3,CSF,7.980923835091473e-10,2.575278451646292e-09,1.4393380515205698e-09,2.394277150527442e-12,6.43819612911573e-10,3.5983451288014246e-10
combined_explanatory_bound,1,873963303,93.0,3,CSF,7.687284265417335e-10,2.480527057953304e-09,1.38638094845867e-09,2.3061852796252006e-12,6.201317644883261e-10,3.465952371146675e-10
combined_explanatory_bound,1,873963303,94.0,3,CSF,1.046890974928656e-09,3.3780998599466596e-09,1.8880395893303386e-09,3.1406729247859685e-12,8.445249649866649e-10,4.720098973325847e-10
combined_explanatory_bound,1,873963303,95.0,3,CSF,8.409266902884031e-10,2.7134958679744603e-09,1.516588566538399e-09,2.522780070865209e-12,6.78373966993615e-10,3.791471416345997e-10
combined_explanatory_bound,1,873963303,96.0,3,CSF,1.456865245631293e-09,4.701001728058277e-09,2.6274171102285026e-09,4.370595736893879e-12,1.1752504320145691e-09,6.568542775571257e-10
combined_explanatory_bound,1,873963303,97.0,3,CSF,6.209652891320455e-10,2.0037260865599244e-09,1.1198941222710987e-09,1.8628958673961363e-12,5.00931521639981e-10,2.7997353056777463e-10
combined_explanatory_bound,1,873963303,98.0,3,CSF,3.3890674775658487e-10,1.093581723932158e-09,6.112091633030165e-10,1.0167202432697547e-12,2.733954309830395e-10,1.5280229082575414e-10
combined_explanatory_bound,1,873963303,99.0,3,CSF,2.80958924728342e-10,9.065961279685846e-10,5.067018300534518e-10,8.42876774185026e-13,2.2664903199214612e-10,1.2667545751336292e-10
combined_explanatory_bound,1,873963303,100.0,3,CSF,4.323910185513249e-10,1.3952360600968652e-09,7.798055200078544e-10,1.2971730556539747e-12,3.488090150242163e-10,1.949513800019636e-10
combined_explanatory_bound,2,112149004,0.0,1,scalp,0.31130670174721164,1.0,0.5591887299120101,0.0037356804209665397,1.0,0.5591887299120101
combined_explanatory_bound,2,112149004,1.0,1,scalp,0.5567113303520917,1.788304997057707,1.0,0.006680535964225101,1.788304997057707,1.0
combined_explanatory_bound,2,112149004,2.0,1,scalp,0.3662655781197434,1.1765425416930462,0.6579093295767826,0.004395186937436921,1.1765425416930462,0.6579093295767826
combined_explanatory_bound,2,112149004,3.0,1,scalp,0.14413007404661612,0.46298416718202595,0.2588955284158868,0.0017295608885593936,0.46298416718202595,0.2588955284158868
combined_explanatory_bound,2,112149004,4.0,1,scalp,0.06497495769248184,0.20871686130690187,0.11671211658542761,0.000779699492309782,0.20871686130690187,0.1167121165854276
combined_explanatory_bound,2,112149004,5.0,1,scalp,0.03458261076635826,0.11108855213287426,0.06211946637494608,0.00041499132919629915,0.11108855213287427,0.06211946637494608
combined_explanatory_bound,2,112149004,6.0,1,scalp,0.01907172856181143,0.061263469288554286,0.034257841581470105,0.00022886074274173717,0.06126346928855429,0.034257841581470105
combined_explanatory_bound,2,112149004,7.0,1,scalp,0.010141386476093136,0.032576833133287894,0.018216597944358745,0.00012169663771311763,0.032576833133287894,0.01821659794435874
combined_explanatory_bound,2,112149004,8.0,6,transparent_tissue_control,0.005302828523114944,0.017034096899786518,0.00952527501058973,0.0,0.0,0.0
combined_explanatory_bound,2,112149004,9.0,6,transparent_tissue_control,0.0035468983542664458,0.011393581745460174,0.006371162505392538,0.0,0.0,0.0
combined_explanatory_bound,2,112149004,10.0,6,transparent_tissue_control,0.003167518687771165,0.01017491326076001,0.005689696823249259,0.0,0.0,0.0
combined_explanatory_bound,2,112149004,11.0,2,skull,0.002417941836887627,0.007767072868386408,0.004343259612407028,6.044854592219068e-05,0.01618140180913835,0.009048457525847976
combined_explanatory_bound,2,112149004,12.0,2,skull,0.001450009487171028,0.004657816484620591,0.0026045984841982115,3.6250237179275704e-05,0.009703784342959565,0.005426246842079608
combined_explanatory_bound,2,112149004,13.0,2,skull,0.000805680257752588,0.002588059470710718,0.0014472136883634755,2.01420064438147e-05,0.005391790563980663,0.0030150285174239074
combined_explanatory_bound,2,112149004,14.0,2,skull,0.00041694917656057964,0.0013393517525335905,0.0007489504054046832,1.0423729414014491e-05,0.002790316151111647,0.00156031334459309
combined_explanatory_bound,2,112149004,15.0,3,CSF,0.00024320475179212878,0.0007812384070986585,0.0004368597126239807,7.296142553763863e-07,0.00019530960177466461,0.00010921492815599516
combined_explanatory_bound,2,112149004,16.0,3,CSF,0.00020326723964345575,0.0006529484861797595,0.0003651214346848294,6.098017189303673e-07,0.0001632371215449399,9.128035867120735e-05
combined_explanatory_bound,2,112149004,17.0,3,CSF,0.00019341973196047003,0.0006213156699643793,0.0003474327203618109,5.802591958814101e-07,0.00015532891749109483,8.685818009045272e-05
combined_explanatory_bound,2,112149004,18.0,3,CSF,0.0001849815668329536,0.0005942100372229151,0.0003322755560156502,5.549447004988608e-07,0.0001485525093057288,8.306888900391254e-05
combined_explanatory_bound,2,112149004,19.0,3,CSF,0.00017767671523874877,0.0005707449092535966,0.00031915412090926414,5.330301457162463e-07,0.00014268622731339914,7.978853022731602e-05
combined_explanatory_bound,2,112149004,20.0,3,CSF,0.00017251906809449718,0.0005541771735919348,0.00030988962984710154,5.175572042834916e-07,0.00013854429339798372,7.747240746177539e-05
combined_explanatory_bound,2,112149004,21.0,3,CSF,0.00016968158209446289,0.0005450624131832804,0.00030479275855073375,5.090447462833887e-07,0.0001362656032958201,7.619818963768344e-05
combined_explanatory_bound,2,112149004,22.0,3,CSF,0.00017040637948710426,0.0005473906553591585,0.0003060946853359907,5.112191384613128e-07,0.00013684766383978962,7.652367133399767e-05
combined_explanatory_bound,2,112149004,23.0,3,CSF,0.00017459230804341169,0.0005608369722319205,0.00031361371419006486,5.23776924130235e-07,0.0001402092430579801,7.840342854751621e-05
combined_explanatory_bound,2,112149004,24.0,4,gray_matter,0.00016886354784630454,0.0005424346694065896,0.0003033233538457119,6.079087722466963e-06,0.0016273040082197686,0.0009099700615371356
combined_explanatory_bound,2,112149004,25.0,5,white_matter,0.00014030579812389506,0.0004506995748450885,0.000252026122829508,1.964281173734531e-06,0.0005258161706526033,0.00029403047663442597
combined_explanatory_bound,2,112149004,26.0,5,white_matter,0.00011024328310932194,0.0003541307735766064,0.00019802593749906013,1.5434059635305072e-06,0.00041315256917270746,0.00023103026041557015
combined_explanatory_bound,2,112149004,27.0,5,white_matter,8.62721461428588e-05,0.00027712910020457514,0.00015496746956505453,1.2078100460000232e-06,0.0003233172835720043,0.0001807953811592303
combined_explanatory_bound,2,112149004,28.0,5,white_matter,6.791946814654067e-05,0.0002181754127532175,0.00012200123195550024,9.508725540515694e-07,0.0002545379815454204,0.0001423347706147503
combined_explanatory_bound,2,112149004,29.0,5,white_matter,5.3500061020584527e-05,0.00017185643842652587,9.610018353093056e-05,7.490008542881833e-07,0.00020049917816428016,0.00011211688078608564
combined_explanatory_bound,2,112149004,30.0,5,white_matter,4.2671093309638016e-05,0.00013707091132361148,7.664850881093207e-05,5.973953063349323e-07,0.0001599160632108801,8.942326027942075e-05
combined_explanatory_bound,2,112149004,31.0,5,white_matter,3.397634813039262e-05,0.00010914107515096868,6.103045919490141e-05,4.7566887382549667e-07,0.0001273312543427968,7.120220239405165e-05
combined_explanatory_bound,2,112149004,32.0,5,white_matter,2.745575511673167e-05,8.819519452243077e-05,4.931775880934073e-05,3.843805716342434e-07,0.00010289439360950257,5.753738527756419e-05
combined_explanatory_bound,2,112149004,33.0,4,gray_matter,2.2333802394993918e-05,7.174211884821384e-05,4.0117384319929175e-05,8.04016886219781e-07,0.00021522635654464152,0.00012035215295978753
combined_explanatory_bound,2,112149004,34.0,5,white_matter,1.8348476585295264e-05,5.8940191400680666e-05,3.2958690770117395e-05,2.568786721941337e-07,6.876355663412744e-05,3.84518058984703e-05
combined_explanatory_bound,2,112149004,35.0,5,white_matter,1.5216988111198605e-05,4.888101677796566e-05,2.7333713688878273e-05,2.1303783355678047e-07,5.7027852907626606e-05,3.1889332637024654e-05
combined_explanatory_bound,2,112149004,36.0,5,white_matter,1.2649611397553365e-05,4.063391930388041e-05,2.2722029726883997e-05,1.7709455956574712e-07,4.740623918786048e-05,2.6509034681364663e-05
combined_explanatory_bound,2,112149004,37.0,5,white_matter,1.0731501452527716e-05,3.447243953405779e-05,1.927659968001834e-05,1.5024102033538804e-07,4.021784612306743e-05,2.2489366293354732e-05
combined_explanatory_bound,2,112149004,38.0,5,white_matter,8.942986834773369e-06,2.8727254455431817e-05,1.606395693279205e-05,1.2520181568682718e-07,3.3515130198003786e-05,1.874128308825739e-05
combined_explanatory_bound,2,112149004,39.0,5,white_matter,7.482613938704852e-06,2.403614794255509e-05,1.3440743039974555e-05,1.0475659514186794e-07,2.8042172599647608e-05,1.5680866879970313e-05
combined_explanatory_bound,2,112149004,40.0,5,white_matter,6.293689549627552e-06,2.0217006297340094e-05,1.1305122074032716e-05,8.811165369478572e-08,2.3586507346896775e-05,1.3189309086371501e-05
combined_explanatory_bound,2,112149004,41.0,5,white_matter,5.4745552126575845e-06,1.758572874252817e-05,9.833741320111458e-06,7.664377297720619e-08,2.0516683532949535e-05,1.1472698206796701e-05
combined_explanatory_bound,2,112149004,42.0,5,white_matter,4.743732180403078e-06,1.5238130608107177e-05,8.520990900980778e-06,6.64122505256431e-08,1.7777819042791708e-05,9.941156051144241e-06
combined_explanatory_bound,2,112149004,43.0,5,white_matter,4.015721509276159e-06,1.2899566526315966e-05,7.213292222266105e-06,5.622010112986623e-08,1.504949428070196e-05,8.415507592643788e-06
combined_explanatory_bound,2,112149004,44.0,5,white_matter,3.3779817446289236e-06,1.0850976627454439e-05,6.067743838611154e-06,4.729174442480493e-08,1.265947273203018e-05,7.07903447837968e-06
combined_explanatory_bound,2,112149004,45.0,5,white_matter,2.914666963430747e-06,9.362686209683739e-06,5.235508610157741e-06,4.080533748803046e-08,1.0923133911297695e-05,6.108093378517365e-06
combined_explanatory_bound,2,112149004,46.0,5,white_matter,2.4555006664555404e-06,7.88772182761894e-06,4.410725150685474e-06,3.437700933037757e-08,9.202342132222097e-06,5.145846009133053e-06
combined_explanatory_bound,2,112149004,47.0,5,white_matter,2.0668748198131685e-06,6.639352150830082e-06,3.712650896661246e-06,2.893624747738436e-08,7.745910842635095e-06,4.331426046104787e-06
combined_explanatory_bound,2,112149004,48.0,5,white_matter,1.7596174228418895e-06,5.652359595749211e-06,3.160735783352964e-06,2.4634643919786454e-08,6.59441952837408e-06,3.687525080578458e-06
combined_explanatory_bound,2,112149004,49.0,5,white_matter,1.525307464829374e-06,4.899693634183178e-06,2.739853460256852e-06,2.1354304507611236e-08,5.716309239880374e-06,3.196495703632994e-06
combined_explanatory_bound,2,112149004,50.0,5,white_matter,1.3435138178249101e-06,4.315724044116066e-06,2.4133042468799865e-06,1.8809193449548743e-08,5.0350113848020765e-06,2.8155216213599843e-06
combined_explanatory_bound,2,112149004,51.0,5,white_matter,1.2253605103707525e-06,3.936184166590073e-06,2.2010698248152665e-06,1.7155047145190535e-08,4.592214861021751e-06,2.5679147956178106e-06
combined_explanatory_bound,2,112149004,52.0,5,white_matter,1.1582283218246725e-06,3.720537705497844e-06,2.0804827541270835e-06,1.6215196505545414e-08,4.340627323080818e-06,2.4272298798149307e-06
combined_explanatory_bound,2,112149004,53.0,5,white_matter,1.0619319696668697e-06,3.4112081869961907e-06,1.9075091735518505e-06,1.4867047575336176e-08,3.979742884828889e-06,2.2254273691438253e-06
combined_explanatory_bound,2,112149004,54.0,5,white_matter,9.102088710464555e-07,2.9238332035189095e-06,1.6349745755503027e-06,1.2742924194650377e-08,3.411138737438728e-06,1.9074703381420196e-06
combined_explanatory_bound,2,112149004,55.0,5,white_matter,7.595137433126987e-07,2.4397603361891056e-06,1.3642864836832845e-06,1.0633192406377783e-08,2.84638705888729e-06,1.5916675642971654e-06
combined_explanatory_bound,2,112149004,56.0,5,white_matter,6.24797487286427e-07,2.0070158585720947e-06,1.122300648868192e-06,8.747164822009978e-09,2.3415185016674438e-06,1.3093507570128907e-06
combined_explanatory_bound,2,112149004,57.0,5,white_matter,4.790610865110915e-07,1.5388717423118644e-06,8.605197350808535e-07,6.706855211155281e-09,1.7953503660305084e-06,1.0039396909276625e-06
combined_explanatory_bound,2,112149004,58.0,5,white_matter,3.8697112113711327e-07,1.2430542579560105e-06,6.951019317181377e-07,5.417595695919586e-09,1.4502299676153458e-06,8.109522536711607e-07
combined_explanatory_bound,2,112149004,59.0,5,white_matter,2.869804067852515e-07,9.218574645986463e-07,5.154923047888228e-07,4.017725694993521e-09,1.0755003753650874e-06,6.014076889202933e-07
combined_explanatory_bound,2,112149004,60.0,5,white_matter,2.1798517683890022e-07,7.00226418562326e-07,3.9155872164670263e-07,3.051792475744603e-09,8.16930821656047e-07,4.568185085878197e-07
combined_explanatory_bound,2,112149004,61.0,4,gray_matter,1.8119256505071418e-07,5.820387548156506e-07,3.2546951206493147e-07,6.52293234182571e-09,1.7461162644469516e-06,9.764085361947944e-07
combined_explanatory_bound,2,112149004,62.0,4,gray_matter,1.3368453851640434e-07,4.294303263183821e-07,2.4013259875967613e-07,4.812643386590556e-09,1.2882909789551462e-06,7.203977962790283e-07
combined_explanatory_bound,2,112149004,63.0,4,gray_matter,1.0248928739548955e-07,3.292228751269006e-07,1.8409772140019184e-07,3.6896143462376234e-09,9.876686253807016e-07,5.522931642005755e-07
combined_explanatory_bound,2,112149004,64.0,4,gray_matter,7.867780542078488e-08,2.527340560906816e-07,1.4132603583085896e-07,2.8324009951482554e-09,7.582021682720448e-07,4.2397810749257685e-07
combined_explanatory_bound,2,112149004,65.0,4,gray_matter,6.016835179317387e-08,1.9327676357585128e-07,1.0807818794548412e-07,2.166060664554259e-09,5.798302907275538e-07,3.242345638364523e-07
combined_explanatory_bound,2,112149004,66.0,4,gray_matter,4.4567019225659583e-08,1.4316113008658918e-07,8.005409050588785e-08,1.604412692123745e-09,4.294833902597675e-07,2.4016227151766353e-07
combined_explanatory_bound,2,112149004,67.0,4,gray_matter,3.0237719228626384e-08,9.713160384571522e-08,5.431489818880201e-08,1.0885578922305497e-09,2.913948115371456e-07,1.62944694566406e-07
combined_explanatory_bound,2,112149004,68.0,4,gray_matter,2.5624283875247075e-08,8.231202133275819e-08,4.602795466555533e-08,9.224742195088946e-10,2.469360639982745e-07,1.3808386399666596e-07
combined_explanatory_bound,2,112149004,69.0,4,gray_matter,1.770286710917733e-08,5.68663218935533e-08,3.17990063144236e-08,6.373032159303838e-10,1.7059896568065988e-07,9.53970189432708e-08
combined_explanatory_bound,2,112149004,70.0,4,gray_matter,1.541792926845288e-08,4.9526493268277276e-08,2.7694656867683684e-08,5.550454536643036e-10,1.485794798048318e-07,8.308397060305104e-08
combined_explanatory_bound,2,112149004,71.0,4,gray_matter,1.2757529489809095e-08,4.098058094543852e-08,2.291587900993609e-08,4.5927106163312737e-10,1.2294174283631555e-07,6.874763702980825e-08
combined_explanatory_bound,2,112149004,72.0,5,white_matter,1.1071426724758438e-08,3.5564370001095246e-08,1.9887194891033242e-08,1.5499997414661813e-10,4.149176500127778e-08,2.3201727372872113e-08
combined_explanatory_bound,2,112149004,73.0,5,white_matter,8.152648930160723e-09,2.6188478707345226e-08,1.4644302146688096e-08,1.1413708502225012e-10,3.055322515856943e-08,1.708501917113611e-08
combined_explanatory_bound,2,112149004,74.0,5,white_matter,5.984359667991615e-09,1.9223356369793333e-08,1.0749484233070684e-08,8.378103535188261e-11,2.2427249098092225e-08,1.2541064938582464e-08
combined_explanatory_bound,2,112149004,75.0,5,white_matter,5.0299190913240525e-09,1.6157439152750604e-08,9.035057878457194e-09,7.041886727853673e-11,1.8850345678209038e-08,1.054090085820006e-08
combined_explanatory_bound,2,112149004,76.0,5,white_matter,3.79007333357637e-09,1.2174724515420162e-08,6.807968738806412e-09,5.3061026670069184e-11,1.420384526799019e-08,7.942630195274148e-09
combined_explanatory_bound,2,112149004,77.0,5,white_matter,3.2017229030135196e-09,1.0284786305735858e-08,5.7511365917208686e-09,4.4824120642189275e-11,1.1998917356691835e-08,6.70965935700768e-09
combined_explanatory_bound,2,112149004,78.0,5,white_matter,2.3254213453418966e-09,7.469872419355087e-09,4.177068470783926e-09,3.255589883478655e-11,8.714851155914269e-09,4.8732465492479125e-09
combined_explanatory_bound,2,112149004,79.0,5,white_matter,1.4706635874014535e-09,4.724162952957135e-09,2.6416986815614713e-09,2.058929022362035e-11,5.511523445116658e-09,3.08198179515505e-09
combined_explanatory_bound,2,112149004,80.0,5,white_matter,1.4240894015859319e-09,4.574554269449445e-09,2.558039191846998e-09,1.9937251622203047e-11,5.336979981024352e-09,2.984379057154831e-09
combined_explanatory_bound,2,112149004,81.0,4,gray_matter,1.090347561617136e-09,3.5024866329492765e-09,1.9585510518126984e-09,3.925251221821689e-11,1.0507459898847829e-08,5.875653155438095e-09
combined_explanatory_bound,2,112149004,82.0,4,gray_matter,1.0459184558904735e-09,3.359768517735875e-09,1.878744690231081e-09,3.765306441205704e-11,1.0079305553207626e-08,5.636234070693242e-09
combined_explanatory_bound,2,112149004,83.0,3,CSF,1.1128108712641728e-09,3.574644763567607e-09,1.9989010652259877e-09,3.3384326137925184e-12,8.936611908919016e-10,4.997252663064968e-10
combined_explanatory_bound,2,112149004,84.0,3,CSF,9.39575694520766e-10,3.0181672583577193e-09,1.6877251158630666e-09,2.818727083562298e-12,7.545418145894298e-10,4.2193127896576664e-10
combined_explanatory_bound,2,112149004,85.0,3,CSF,7.642549604353536e-10,2.454990387762184e-09,1.3728029568789286e-09,2.292764881306061e-12,6.13747596940546e-10,3.4320073921973216e-10
combined_explanatory_bound,2,112149004,86.0,3,CSF,7.717116506662633e-10,2.4789432618540647e-09,1.3861971341201098e-09,2.31513495199879e-12,6.197358154635162e-10,3.4654928353002744e-10
combined_explanatory_bound,2,112149004,87.0,3,CSF,8.685098032460538e-10,2.7898846968970947e-09,1.5600720802588394e-09,2.6055294097381612e-12,6.974711742242736e-10,3.9001802006470986e-10
combined_explanatory_bound,2,112149004,88.0,3,CSF,5.589017959775743e-10,1.7953413557778646e-09,1.0039346524959303e-09,1.6767053879327229e-12,4.4883533894446615e-10,2.509836631239826e-10
combined_explanatory_bound,2,112149004,89.0,3,CSF,4.1581426238749827e-10,1.3357061060803929e-09,7.469118009948114e-10,1.2474427871624947e-12,3.3392652652009816e-10,1.8672795024870284e-10
combined_explanatory_bound,2,112149004,90.0,3,CSF,4.3731748173513183e-10,1.4047801710682216e-09,7.855372396652151e-10,1.3119524452053955e-12,3.511950427670554e-10,1.9638430991630376e-10
combined_explanatory_bound,2,112149004,91.0,4,gray_matter,5.063129170317842e-10,1.626411876744376e-09,9.094711916704963e-10,1.8227265013144232e-11,4.879235630233128e-09,2.7284135750114887e-09
combined_explanatory_bound,2,112149004,92.0,3,CSF,4.68285437434713e-10,1.504257488857313e-09,8.411638346547505e-10,1.4048563123041392e-12,3.7606437221432824e-10,2.102909586636876e-10
combined_explanatory_bound,2,112149004,93.0,3,CSF,2.3987716504129315e-10,7.705493126070863e-10,4.3088249145132896e-10,7.196314951238794e-13,1.9263732815177157e-10,1.0772062286283224e-10
combined_explanatory_bound,2,112149004,94.0,3,CSF,3.1648988859529697e-10,1.0166497759893849e-09,5.684990970008336e-10,9.49469665785891e-13,2.541624439973462e-10,1.4212477425020843e-10
combined_explanatory_bound,2,112149004,95.0,3,CSF,2.7986387268345826e-10,8.989972625475769e-10,5.027091374383534e-10,8.395916180503748e-13,2.2474931563689425e-10,1.2567728435958835e-10
combined_explanatory_bound,2,112149004,96.0,3,CSF,2.9782620193231156e-10,9.566970459060448e-10,5.349742060107732e-10,8.934786057969347e-13,2.391742614765112e-10,1.337435515026933e-10
combined_explanatory_bound,2,112149004,97.0,3,CSF,1.873679391949389e-10,6.018757005337008e-10,3.365621085463415e-10,5.621038175848167e-13,1.5046892513342523e-10,8.414052713658539e-11
combined_explanatory_bound,2,112149004,98.0,3,CSF,2.328582877492833e-10,7.480028102265839e-10,4.1827474142121775e-10,6.985748632478499e-13,1.8700070255664598e-10,1.0456868535530444e-10
combined_explanatory_bound,2,112149004,99.0,3,CSF,4.3150340621598133e-10,1.3861038127164132e-09,7.750936305590857e-10,1.294510218647944e-12,3.465259531791033e-10,1.9377340763977142e-10
combined_explanatory_bound,2,112149004,100.0,3,CSF,4.3331421893118505e-10,1.391920625220097e-09,7.783463265551569e-10,1.2999426567935551e-12,3.4798015630502423e-10,1.9458658163878923e-10
combined_explanatory_bound,3,9573696,0.0,1,scalp,0.3090595364772861,1.0,0.5585785397883923,0.0037087144377274334,1.0,0.5585785397883922
combined_explanatory_bound,3,9573696,1.0,1,scalp,0.5532964739289267,1.7902585380004619,1.0,0.00663955768714712,1.790258538000462,1.0
combined_explanatory_bound,3,9573696,2.0,1,scalp,0.3663413659153315,1.18534237801219,0.6621068146593496,0.004396096390983978,1.1853423780121901,0.6621068146593496
combined_explanatory_bound,3,9573696,3.0,1,scalp,0.14415786894725952,0.46644044895166725,0.2605436248736644,0.0017298944273671142,0.46644044895166725,0.2605436248736644
combined_explanatory_bound,3,9573696,4.0,1,scalp,0.06498231204140341,0.2102582330320009,0.11744573678550257,0.0007797877444968409,0.21025823303200092,0.11744573678550257
combined_explanatory_bound,3,9573696,5.0,1,scalp,0.03457789587559982,0.11188101900923245,0.062494336228214424,0.00041493475050719783,0.11188101900923246,0.062494336228214424
combined_explanatory_bound,3,9573696,6.0,1,scalp,0.019063109572802994,0.06168102686649829,0.03445369791973721,0.00022875731487363593,0.0616810268664983,0.03445369791973721
combined_explanatory_bound,3,9573696,7.0,1,scalp,0.010138308111419657,0.03280373816313142,0.018323464162762704,0.00012165969733703589,0.03280373816313142,0.018323464162762704
combined_explanatory_bound,3,9573696,8.0,6,transparent_tissue_control,0.005300947771409351,0.01715186605089255,0.009580664293353658,0.0,0.0,0.0
combined_explanatory_bound,3,9573696,9.0,6,transparent_tissue_control,0.0035456626733746397,0.011472426037354207,0.006408250983775645,0.0,0.0,0.0
combined_explanatory_bound,3,9573696,10.0,6,transparent_tissue_control,0.0031615950655981594,0.010229728231765843,0.005714106658131857,0.0,0.0,0.0
combined_explanatory_bound,3,9573696,11.0,2,skull,0.002412625017303997,0.007806343867603999,0.004360456158652313,6.031562543259993e-05,0.016263216390841665,0.009084283663858985
combined_explanatory_bound,3,9573696,12.0,2,skull,0.0014495229096044464,0.004690108987175605,0.002619794229504965,3.623807274011116e-05,0.009771060389949179,0.005457904644802011
combined_explanatory_bound,3,9573696,13.0,2,skull,0.0008035850549909144,0.0026000979104230707,0.0014523588941109688,2.008962637477286e-05,0.005416870646714731,0.003025747696064518
combined_explanatory_bound,3,9573696,14.0,2,skull,0.000414876012536069,0.0013423821742079125,0.0007498258747070229,1.0371900313401724e-05,0.0027966295295998177,0.0015621372389729644
combined_explanatory_bound,3,9573696,15.0,3,CSF,0.0002422367098108889,0.0007837865563766278,0.0004378063501666292,7.267101294326667e-07,0.00019594663909415697,0.0001094515875416573
combined_explanatory_bound,3,9573696,16.0,3,CSF,0.0002033204386942264,0.0006578681926845157,0.0003674710544429455,6.099613160826793e-07,0.00016446704817112896,9.186776361073639e-05
combined_explanatory_bound,3,9573696,17.0,3,CSF,0.00019310718140653268,0.0006248219472778663,0.0003490121309382104,5.793215442195981e-07,0.0001562054868194666,8.72530327345526e-05
combined_explanatory_bound,3,9573696,18.0,3,CSF,0.00018467712174120106,0.0005975454562773979,0.00033377606842461757,5.540313652236032e-07,0.0001493863640693495,8.344401710615439e-05
combined_explanatory_bound,3,9573696,19.0,3,CSF,0.00017769072201612098,0.0005749401039083616,0.0003211492037069192,5.330721660483629e-07,0.0001437350259770904,8.02873009267298e-05
combined_explanatory_bound,3,9573696,20.0,3,CSF,0.00017225445972886313,0.0005573504111610635,0.0003113239788168069,5.167633791865894e-07,0.00013933760279026587,7.783099470420173e-05
combined_explanatory_bound,3,9573696,21.0,3,CSF,0.0001690856657569399,0.0005470973899857855,0.00030559686122030063,5.072569972708197e-07,0.00013677434749644637,7.639921530507516e-05
combined_explanatory_bound,3,9573696,22.0,3,CSF,0.00017013856067724683,0.0005505041605139109,0.0003074998101272951,5.104156820317405e-07,0.00013762604012847773,7.687495253182377e-05
combined_explanatory_bound,3,9573696,23.0,3,CSF,0.00017511853903804062,0.0005666174907076867,0.00031650037057806253,5.253556171141218e-07,0.00014165437267692167,7.912509264451563e-05
combined_explanatory_bound,3,9573696,24.0,4,gray_matter,0.0001695216348171437,0.0005485080213002987,0.00030638480960014125,6.102778853417173e-06,0.001645524063900896,0.0009191544288004236
combined_explanatory_bound,3,9573696,25.0,5,white_matter,0.00014147389059833003,0.00045775610813008336,0.0002556927384585194,1.9806344683766203e-06,0.0005340487928184306,0.00029830819486827256
combined_explanatory_bound,3,9573696,26.0,5,white_matter,0.00011042706020104707,0.0003573002841449701,0.00019958027098367504,1.5459788428146591e-06,0.0004168503315024651,0.0002328436494809542
combined_explanatory_bound,3,9573696,27.0,5,white_matter,8.639823952968155e-05,0.0002795520905598435,0.0001561517985397098,1.2095753534155418e-06,0.0003261441056531508,0.00018217709829632808
combined_explanatory_bound,3,9573696,28.0,5,white_matter,6.809424333731682e-05,0.00022032726805154356,0.0001230700836637969,9.533194067224356e-07,0.00025704847939346753,0.0001435817642744297
combined_explanatory_bound,3,9573696,29.0,5,white_matter,5.348471105160729e-05,0.00017305633620381123,9.666555557785397e-05,7.487859547225021e-07,0.00020189905890444644,0.00011277648150749629
combined_explanatory_bound,3,9573696,30.0,5,white_matter,4.293308862426578e-05,0.00013891526892722525,7.75950880716813e-05,6.01063240739721e-07,0.00016206781374842946,9.052760275029485e-05
combined_explanatory_bound,3,9573696,31.0,5,white_matter,3.42496111439407e-05,0.00011081881353451724,6.190101104519277e-05,4.794945560151698e-07,0.00012928861579027012,7.221784621939156e-05
combined_explanatory_bound,3,9573696,32.0,5,white_matter,2.758670166852643e-05,8.926015350622864e-05,4.9858806206796935e-05,3.8621382335937005e-07,0.00010413684575726676,5.8168607241263095e-05
combined_explanatory_bound,3,9573696,33.0,4,gray_matter,2.2590230430514014e-05,7.309345858730443e-05,4.0828437365779826e-05,8.132482954985045e-07,0.00021928037576191326,0.00012248531209733949
combined_explanatory_bound,3,9573696,34.0,5,white_matter,1.859550733563715e-05,6.016804253184337e-05,3.360857733936295e-05,2.6033710269892006e-07,7.019604962048393e-05,3.921000689592344e-05
combined_explanatory_bound,3,9573696,35.0,5,white_matter,1.52762068978745e-05,4.9428039244461896e-05,2.7609441985774876e-05,2.1386689657024303e-07,5.766604578520555e-05,3.2211015650070683e-05
combined_explanatory_bound,3,9573696,36.0,5,white_matter,1.2713022400605364e-05,4.113454173105475e-05,2.297687225499725e-05,1.779823136084751e-07,4.799029868623055e-05,2.6806350964163456e-05
combined_explanatory_bound,3,9573696,37.0,5,white_matter,1.0586990691549604e-05,3.4255505629180543e-05,1.9134390314060718e-05,1.4821786968169446e-07,3.99647565673773e-05,2.2323455366404174e-05
combined_explanatory_bound,3,9573696,38.0,5,white_matter,8.909242182952541e-06,2.8826944751492283e-05,1.610211270584922e-05,1.2472939056133558e-07,3.3631435543407665e-05,1.8785798156824088e-05
combined_explanatory_bound,3,9573696,39.0,5,white_matter,7.5898996680412454e-06,2.4558050382629283e-05,1.3717599922778834e-05,1.0625859535257744e-07,2.8651058779734166e-05,1.6003866576575305e-05
combined_explanatory_bound,3,9573696,40.0,5,white_matter,6.499198304697833e-06,2.1028952475554763e-05,1.1746321567074876e-05,9.098877626576967e-08,2.4533777888147224e-05,1.3704041828254022e-05
combined_explanatory_bound,3,9573696,41.0,5,white_matter,5.511696786066627e-06,1.7833770311344852e-05,9.96156137943259e-06,7.716375500493278e-08,2.080606536323566e-05,1.1621821609338021e-05
combined_explanatory_bound,3,9573696,42.0,5,white_matter,4.66541548731103e-06,1.5095523472558847e-05,8.432035458643322e-06,6.531581682235443e-08,1.7611444051318656e-05,9.837374701750543e-06
combined_explanatory_bound,3,9573696,43.0,5,white_matter,3.97673279270465e-06,1.2867206228392548e-05,7.187345266211616e-06,5.56742590978651e-08,1.5011740599791308e-05,8.385236143913551e-06
combined_explanatory_bound,3,9573696,44.0,5,white_matter,3.360730956506119e-06,1.087405680734628e-05,6.074014773023512e-06,4.7050233391085666e-08,1.268639960857066e-05,7.08635056852743e-06
combined_explanatory_bound,3,9573696,45.0,5,white_matter,2.933274311289574e-06,9.490968454568786e-06,5.301451300530727e-06,4.1065840358054036e-08,1.1072796530330251e-05,6.185026517285849e-06
combined_explanatory_bound,3,9573696,46.0,5,white_matter,2.4671668476260713e-06,7.982820642738498e-06,4.459032298013505e-06,3.4540335866765e-08,9.31329074986158e-06,5.202204347682422e-06
combined_explanatory_bound,3,9573696,47.0,5,white_matter,2.044244946566446e-06,6.614405010332645e-06,3.6946646922406346e-06,2.8619429251930248e-08,7.716805845388086e-06,4.310442140947407e-06
combined_explanatory_bound,3,9573696,48.0,5,white_matter,1.7500541442999156e-06,5.662514621769431e-06,3.1629591489583895e-06,2.450075802019882e-08,6.606267058731003e-06,3.690119007118121e-06
combined_explanatory_bound,3,9573696,49.0,5,white_matter,1.5442675467112082e-06,4.9966668697980845e-06,2.791030883940851e-06,2.1619745653956915e-08,5.8294446814310985e-06,3.2562026979309927e-06
combined_explanatory_bound,3,9573696,50.0,5,white_matter,1.350375203557214e-06,4.369304435478754e-06,2.440599691460668e-06,1.8905252849800995e-08,5.09752184139188e-06,2.8473663067041127e-06
combined_explanatory_bound,3,9573696,51.0,5,white_matter,1.2482835122464426e-06,4.038974258728895e-06,2.25608434368369e-06,1.7475969171450196e-08,4.712136635183711e-06,2.632098400964305e-06
combined_explanatory_bound,3,9573696,52.0,5,white_matter,1.1356242887280464e-06,3.674451536658884e-06,2.052469773870134e-06,1.589874004219265e-08,4.286860126102031e-06,2.3945480695151556e-06
combined_explanatory_bound,3,9573696,53.0,5,white_matter,1.0581816183642357e-06,3.4238762874803096e-06,1.912503817076853e-06,1.48145426570993e-08,3.994522335393695e-06,2.2312544532563282e-06
combined_explanatory_bound,3,9573696,54.0,5,white_matter,9.369317609192206e-07,3.0315575167119265e-06,1.6933629709694725e-06,1.3117044652869089e-08,3.536817102830581e-06,1.975590132797718e-06
combined_explanatory_bound,3,9573696,55.0,5,white_matter,7.735514538749069e-07,2.5029205139306804e-06,1.3980776858778119e-06,1.0829720354248697e-08,2.9200739329191274e-06,1.6310906335241139e-06
combined_explanatory_bound,3,9573696,56.0,5,white_matter,6.235459961855356e-07,2.017559475086323e-06,1.1269654255299534e-06,8.7296439465975e-09,2.35381938760071e-06,1.3147929964516124e-06
combined_explanatory_bound,3,9573696,57.0,5,white_matter,5.119884037678952e-07,1.6566012154280282e-06,9.253418879254638e-07,7.167837652750533e-09,1.9327014179993664e-06,1.0795655359130412e-06
combined_explanatory_bound,3,9573696,58.0,5,white_matter,4.007385534313217e-07,1.2966386929813226e-06,7.242745477586367e-07,5.6103397480385035e-09,1.512745141811543e-06,8.449869723850761e-07
combined_explanatory_bound,3,9573696,59.0,5,white_matter,3.154913634372963e-07,1.0208109642346626e-06,5.702030978021786e-07,4.416879088122148e-09,1.1909461249404396e-06,6.65236947435875e-07
combined_explanatory_bound,3,9573696,60.0,5,white_matter,2.397463237687906e-07,7.757286071850769e-07,4.333053526735236e-07,3.356448532763069e-09,9.050167083825897e-07,5.055229114524442e-07
combined_explanatory_bound,3,9573696,61.0,4,gray_matter,1.7908602199501475e-07,5.79454767959171e-07,3.236709981600554e-07,6.44709679182053e-09,1.7383643038775125e-06,9.71012994480166e-07
combined_explanatory_bound,3,9573696,62.0,4,gray_matter,1.3970586273410312e-07,4.520354373351317e-07,2.524972945192652e-07,5.029411058427712e-09,1.356106312005395e-06,7.574918835577954e-07
combined_explanatory_bound,3,9573696,63.0,4,gray_matter,1.0351413225549558e-07,3.349326587212532e-07,1.8708619543596154e-07,3.726508761197841e-09,1.0047979761637596e-06,5.612585863078846e-07
combined_explanatory_bound,3,9573696,64.0,4,gray_matter,8.169646870868074e-08,2.643389349504344e-07,1.4765405629383245e-07,2.9410728735125065e-09,7.930168048513031e-07,4.429621688814973e-07
combined_explanatory_bound,3,9573696,65.0,4,gray_matter,5.806457563963364e-08,1.8787504925899935e-07,1.0494297067776413e-07,2.090324723026811e-09,5.63625147776998e-07,3.1482891203329236e-07
combined_explanatory_bound,3,9573696,66.0,4,gray_matter,4.560389363301797e-08,1.4755698579250785e-07,8.242216565955558e-08,1.6417401707886467e-09,4.426709573775235e-07,2.472664969786667e-07
combined_explanatory_bound,3,9573696,67.0,4,gray_matter,3.317115995267369e-08,1.0732935256023578e-07,5.995187302953004e-08,1.194161758296253e-09,3.219880576807073e-07,1.7985561908859013e-07
combined_explanatory_bound,3,9573696,68.0,4,gray_matter,2.4686112123114127e-08,7.987494061659022e-08,4.461642769529951e-08,8.887000364321085e-10,2.3962482184977065e-07,1.3384928308589853e-07
combined_explanatory_bound,3,9573696,69.0,4,gray_matter,1.785584844843014e-08,5.7774785570295545e-08,3.227175536044316e-08,6.42810544143485e-10,1.7332435671088663e-07,9.681526608132948e-08
combined_explanatory_bound,3,9573696,70.0,4,gray_matter,1.3869598630930745e-08,4.4876785842038146e-08,2.5067209506042062e-08,4.993055507135068e-10,1.3463035752611443e-07,7.520162851812618e-08
combined_explanatory_bound,3,9573696,71.0,4,gray_matter,1.4149150697409517e-08,4.578131080724438e-08,2.5572457740309108e-08,5.093694251067426e-10,1.3734393242173313e-07,7.671737322092732e-08
combined_explanatory_bound,3,9573696,72.0,5,white_matter,1.2713199400670824e-08,4.1135114436454744e-08,2.2977192155943305e-08,1.7798479160939153e-10,4.7990966842530535e-08,2.6806724181933854e-08
combined_explanatory_bound,3,9573696,73.0,5,white_matter,1.0198931776391909e-08,3.2999893459496805e-08,1.8433032301778242e-08,1.4278504486948673e-10,3.8499875702746275e-08,2.1505204352074616e-08
combined_explanatory_bound,3,9573696,74.0,5,white_matter,6.773310785228267e-09,2.1915876993901015e-08,1.224173856943525e-08,9.482635099319573e-11,2.5568523159551185e-08,1.4282028331007791e-08
combined_explanatory_bound,3,9573696,75.0,5,white_matter,6.077666536690672e-09,1.966503478897614e-08,1.0984466417314228e-08,8.50873315136694e-11,2.294254058713883e-08,1.2815210820199931e-08
combined_explanatory_bound,3,9573696,76.0,5,white_matter,4.492010771995205e-09,1.4534451268502884e-08,8.118632566185887e-09,6.288815080793286e-11,1.6956859813253365e-08,9.471737993883533e-09
combined_explanatory_bound,3,9573696,77.0,5,white_matter,3.684023577911425e-09,1.1920109697641305e-08,6.658317469025934e-09,5.157633009075995e-11,1.390679464724819e-08,7.768037047196923e-09
combined_explanatory_bound,3,9573696,78.0,5,white_matter,2.4410619762083194e-09,7.898355132580488e-09,4.4118516766869624e-09,3.417486766691647e-11,9.214747654677236e-09,5.1471602894681225e-09
combined_explanatory_bound,3,9573696,79.0,5,white_matter,2.121210484215543e-09,6.8634364381486675e-09,3.833768303551527e-09,2.96969467790176e-11,8.007342511173445e-09,4.472729687476781e-09
combined_explanatory_bound,3,9573696,80.0,5,white_matter,1.369842825768335e-09,4.432294312552331e-09,2.475784485017877e-09,1.917779956075669e-11,5.171010031311053e-09,2.8884152325208564e-09
combined_explanatory_bound,3,9573696,81.0,4,gray_matter,1.2435108166583077e-09,4.02353161734486e-09,2.24745841560892e-09,4.4766389399699075e-11,1.2070594852034578e-08,6.7423752468267596e-09
combined_explanatory_bound,3,9573696,82.0,4,gray_matter,1.035464147925923e-09,3.350371128256781e-09,1.871445412570861e-09,3.7276709325333224e-11,1.0051113384770343e-08,5.614336237712583e-09
combined_explanatory_bound,3,9573696,83.0,3,CSF,1.0341864132934153e-09,3.3462368612897382e-09,1.8691360997653152e-09,3.102559239880246e-12,8.365592153224347e-10,4.672840249413288e-10
combined_explanatory_bound,3,9573696,84.0,3,CSF,1.3827498828650599e-09,4.474056677318168e-09,2.4991120457468886e-09,4.14824964859518e-12,1.118514169329542e-09,6.247780114367222e-10
combined_explanatory_bound,3,9573696,85.0,3,CSF,1.2395360664438208e-09,4.0106708259912205e-09,2.240274653554081e-09,3.7186081993314626e-12,1.0026677064978051e-09,5.600686633885203e-10
combined_explanatory_bound,3,9573696,86.0,3,CSF,9.268464952666693e-10,2.99892540392387e-09,1.6751353730581098e-09,2.780539485800008e-12,7.497313509809675e-10,4.1878384326452745e-10
combined_explanatory_bound,3,9573696,87.0,3,CSF,7.90748720482946e-10,2.5585643772589455e-09,1.429159153803899e-09,2.372246161448838e-12,6.396410943147365e-10,3.5728978845097476e-10
combined_explanatory_bound,3,9573696,88.0,3,CSF,4.426027039319663e-10,1.4320952816302912e-09,7.999376912508944e-10,1.327808111795899e-12,3.580238204075728e-10,1.999844228127236e-10
combined_explanatory_bound,3,9573696,89.0,3,CSF,5.045149920871563e-10,1.6324200762018387e-09,9.11834822486079e-10,1.513544976261469e-12,4.0810501905045967e-10,2.2795870562151979e-10
combined_explanatory_bound,3,9573696,90.0,3,CSF,5.483919568502318e-10,1.77438937203135e-09,9.911358244453138e-10,1.6451758705506956e-12,4.435973430078375e-10,2.4778395611132846e-10
combined_explanatory_bound,3,9573696,91.0,4,gray_matter,3.4495725803610475e-10,1.116151476728358e-09,6.23458262053584e-10,1.241846128929977e-11,3.3484544301850743e-09,1.8703747861607517e-09
combined_explanatory_bound,3,9573696,92.0,3,CSF,3.1623673961708904e-10,1.0232227201969236e-09,5.715502529259042e-10,9.48710218851267e-13,2.558056800492309e-10,1.4288756323147606e-10
combined_explanatory_bound,3,9573696,93.0,3,CSF,3.8196947174079683e-10,1.2359090293558022e-09,6.903522609288532e-10,1.1459084152223905e-12,3.0897725733895056e-10,1.725880652322133e-10
combined_explanatory_bound,3,9573696,94.0,3,CSF,1.7586866254467514e-09,5.6904460722764445e-09,3.1785610577967685e-09,5.276059876340254e-12,1.4226115180691113e-09,7.946402644491921e-10
combined_explanatory_bound,3,9573696,95.0,3,CSF,3.461242726964737e-10,1.1199274956587906e-09,6.255674651939583e-10,1.0383728180894211e-12,2.7998187391469765e-10,1.5639186629848957e-10
combined_explanatory_bound,3,9573696,96.0,3,CSF,6.097830211994872e-10,1.9730276831121254e-09,1.1020909221948458e-09,1.829349063598462e-12,4.932569207780314e-10,2.7552273054871146e-10
combined_explanatory_bound,3,9573696,97.0,3,CSF,3.5664468855391264e-10,1.153967590254649e-09,6.445815315275716e-10,1.069934065661738e-12,2.8849189756366223e-10,1.611453828818929e-10
combined_explanatory_bound,3,9573696,98.0,3,CSF,2.4369083127463734e-10,7.88491544549207e-10,4.4043445558979016e-10,7.310724938239121e-13,1.9712288613730178e-10,1.1010861389744754e-10
combined_explanatory_bound,3,9573696,99.0,3,CSF,1.542880249689195e-10,4.992178100294882e-10,2.788523553626305e-10,4.628640749067585e-13,1.2480445250737207e-10,6.971308884065764e-11
combined_explanatory_bound,3,9573696,100.0,3,CSF,1.5153978636608664e-10,4.903255472824532e-10,2.7388532822197703e-10,4.5461935909825994e-13,1.225813868206133e-10,6.847133205549426e-11
